run,obj_vals,opt_converged,opt_runtime,is_best_vec,param_1,param_2,param_3,param_4,param_5,param_6,param_7
1,0.0775761170666043,1,595.629300523,1,118.51850091270688,76.93321029514902,-33.004472795266736,54.15713457980669,67.8252323956088,22.836337846875722,65.35756991148378
2,0.11860296830151204,0,7229.305957796,0,130.32756609780407,118.50271971102404,0.522926538561385,52.12722950553169,72.84492705895849,31.265316126423837,13.419139336842333
