run,obj_vals,opt_converged,opt_runtime,is_best_vec,param_1,param_2,param_3,param_4,param_5,param_6,param_7
1,0.07794778326713579,1,1516.021667709,1,138.8293718701696,83.74592840829274,-42.27344598846259,57.863586919896235,68.04082777978059,24.99687375687363,64.21004946871932
2,0.07794779857658578,1,4571.009682082,0,138.60922096578773,83.83539381099511,-42.24523355581009,57.851096069928495,68.03052756847751,24.99935519192321,64.18733555168089
