run,obj_vals,opt_converged,opt_runtime,is_best_vec,param_1,param_2,param_3,param_4,param_5,param_6,param_7
1,0.08615778335956496,1,444.379776902,0,211.63311893414286,30.547046499967482,0.7387221424635091,95.0021951183254,42.35106149917478,39.16600747887558,40.917414781299044
2,0.0861215413875831,1,761.854477324,1,219.06437012875412,29.25769377276762,-1.2808824268525085,90.67243011902595,45.050063578635196,31.714350194569924,41.758251331359084
