run,obj_vals,opt_converged,opt_runtime,is_best_vec,param_1,param_2,param_3,param_4,param_5,param_6,param_7
1,0.08634970720478702,1,267.596075025,0,205.04143946015637,23.755889253420406,0.7750234026532175,95.85337954019859,44.94353282223091,31.996615179010487,41.627799175556895
2,0.08634588397532514,1,546.039068743,1,205.26642817202648,23.71175576000514,0.2127234203762399,95.82728027784562,45.84201762767297,28.667161045581544,41.8330477969109
