run,obj_vals,opt_converged,opt_runtime,is_best_vec,param_1,param_2,param_3,param_4,param_5,param_6,param_7
1,0.08333869690961443,1,545.416122694,0,191.48218567902595,26.433288671890065,27.222172368160237,104.58164272365902,56.074757006644475,24.637568176174057,51.95482019026363
2,0.0833131623046934,1,527.567923438,1,193.77595550609442,26.085859547252948,27.316448919390663,103.71606984312879,56.668061731039465,25.485997510020063,52.19320785040878
