run,obj_vals,opt_converged,opt_runtime,is_best_vec,param_1,param_2,param_3,param_4,param_5,param_6,param_7
1,0.08429075596443285,1,622.289339135,1,203.81113507665108,32.55062419539844,25.000288245795286,99.07546614131165,50.55475998408812,22.425066335700606,48.91291055131984
2,0.08429110702492783,1,1415.229323672,0,206.13713992421415,32.183987973689014,24.987641268273176,99.56209468776194,50.56267629545917,21.939472843004904,49.11271678840373
