run,obj_vals,opt_converged,opt_runtime,is_best_vec,param_1,param_2,param_3,param_4,param_5,param_6,param_7
1,0.0853443999231253,1,361.84322567,0,218.70325027827434,55.9388309605591,37.66328281158623,70.17506633676747,206.7243094319343,1.5538446733407387,60.11616123188008
2,0.08492147942245973,1,311.697469496,1,207.61116935283522,59.151738874330356,30.915591330705787,66.54092475194416,95.44214742431757,1.381258830944619,59.357645784558684
