run,obj_vals,opt_converged,opt_runtime,is_best_vec,param_1,param_2,param_3,param_4,param_5,param_6,param_7
1,0.08613654592195284,1,301.870693585,0,209.22857518418076,53.484792829946336,27.0394912548914,73.4713272888492,81.56923182967512,21.06528959018937,51.244654041574286
2,0.08385483388500009,1,429.627372005,1,231.89732127141102,47.66360159471906,26.648171995103997,77.93308336062621,155.52572656144338,1.1341548732701883,54.037678965468515
