{
    "fe_w2": 0.0,
    "delta": 0.9,
    "mu": 52.24463147293955,
    "fe_late": 0.0,
    "fe_w1": 0.0,
    "fe_w3": 0.0,
    "beta_e": 407.5568517321168,
    "prob_respond_alpha": 1.0,
    "gamma_01_factor": 1.0,
    "fe_w4": 0.0,
    "sigma_dt": 18.887811322612162,
    "alpha": 501.80047473688234,
    "fe_early": -1.3667694170084506,
    "beta_l": 241.26271144334152,
    "gamma": 90.71485698049321,
    "prop_to_wage": 0.0
}
