run,obj_vals,opt_converged,opt_runtime,is_best_vec,param_1,param_2,param_3,param_4,param_5,param_6,param_7
1,0.08048482348100211,0,7234.246936967,0,30.47441151207673,106.53635886169126,-3.580424066734731,1164.779486877749,841.3192176400847,1952.460394290018,60.90278301827443
2,0.08048164140142429,0,7242.929601476,1,31.158352237990275,105.37699253062483,-3.614788767612229,1136.6366055685846,908.3955779489502,2006.986739151557,62.38549250739938
