run,obj_vals,opt_converged,opt_runtime,is_best_vec,param_1,param_2,param_3,param_4,param_5,param_6,param_7
1,0.08729819793273262,1,391.469876909,0,183.1059075687663,36.37282822983558,1.1045774530612247,85.08942796559994,36.81751126367692,33.83915848147932,42.951764456197054
2,0.08729097097775877,1,410.240939078,1,174.07133809118298,37.5449944780157,1.5026805455227923,85.7044037554741,36.628996851087834,34.074597108270375,42.10469260252132
