{
    "fe_w2": 0.0,
    "delta": 0.9,
    "mu": 38.42696531369519,
    "fe_late": 0.0,
    "fe_w1": 0.0,
    "fe_w3": 0.0,
    "beta_e": 424.6305197391833,
    "prob_respond_alpha": 1.0,
    "gamma_01_factor": 1.0,
    "fe_w4": 0.0,
    "sigma_dt": 8.451036948857999,
    "alpha": 601.9357451005377,
    "fe_early": 7.561702848222379,
    "beta_l": 547.6129749945285,
    "gamma": 74.8994277407879,
    "prop_to_wage": 0.0
}
