run,obj_vals,opt_converged,opt_runtime,is_best_vec,param_1,param_2,param_3,param_4,param_5,param_6,param_7
1,0.0596010997068127,0,3634.987130246,0,310.40127905605345,95.77925491583171,16.657140377512068,27.725039928141463,63.9212274186163,9.850420744928753,97.19552571223412
2,0.0682744103473506,0,3646.576544816,0,385.21160128825613,82.60077900808254,22.81802868058935,9.004894587491236,41.159650046290956,5.121909095749055,100.52150293784844
3,0.05940420248780514,0,3621.71273695,1,300.7448605821022,97.41057253618773,16.17588763532841,28.246945359468892,68.939047063343,9.645266120015911,95.64616990174007
4,0.05971205462852537,1,227.207183375,0,272.5442225622615,104.62931124234315,14.70404125103876,29.03365179350302,60.559572980575425,12.006325486905288,91.78704928578011
