iteration,param_1,param_2,param_3,param_4,param_5,param_6,param_7
1,97.46288619434677,72.67076725493537,0.0,74.34513853253242,53.7404848498938,33.28434722561665,23.96822184474266
2,97.5008098053634,54.918401970770894,0.0,66.02996940323686,32.77654440381933,21.069137340971448,31.41179348374161
3,69.41846963375113,73.8997627406634,0.0,25.549644791060437,54.668203503968705,19.213484344054717,36.05001320751171
4,99.13262215785942,114.89538524096889,0.0,54.155445113746815,52.49059672272735,29.96233097839903,23.846677879839813
