run,obj_vals,opt_converged,opt_runtime,is_best_vec,param_1,param_2,param_3,param_4,param_5,param_6,param_7
1,0.08993232190300109,1,261.920523634,0,64.37142776246942,82.42293872128486,-9.884688759961808,54.428438608914774,38.207147724065756,20.477657921340143,43.97770484875898
2,0.08993232190081257,1,270.884492148,1,64.37135349676396,82.42298048297025,-9.88467443266333,54.42807480753643,38.207019249083835,20.47776803084762,43.977702303478594
