run,obj_vals,opt_converged,opt_runtime,is_best_vec,param_1,param_2,param_3,param_4,param_5,param_6,param_7
1,0.08864503519413586,0,7239.321318556,1,349.5460876070657,21.15807301815249,23.944380335197362,116.12297165458891,44.28985092966946,98.50946970903232,54.136962589038596
2,0.08864640332473048,0,7220.006126105,0,345.002630274537,21.67341379567832,23.936794500459257,115.15358659909221,44.17603566754691,97.94377930879092,53.767031995390646
