run,obj_vals,opt_converged,opt_runtime,is_best_vec,param_1,param_2,param_3,param_4,param_5,param_6,param_7
1,0.08857087798247673,1,2577.99566177,0,375.57744476480775,11.044154267477243,25.242593610451493,116.62543256927201,45.783099764071075,109.48572448292161,61.08725618150738
2,0.08856993745336275,1,1006.40203887,1,373.5445736746014,11.294434294925663,25.339650808730816,119.26788614919546,45.44941192040041,111.39703672220524,60.943651731362415
