{
    "fe_w2": 0.0,
    "delta": 0.9,
    "mu": 58.367454143573006,
    "fe_late": 0.0,
    "fe_w1": 0.0,
    "fe_w3": 0.0,
    "beta_e": 491.1103822952251,
    "prob_respond_alpha": 1.0,
    "gamma_01_factor": 1.0,
    "fe_w4": 0.0,
    "sigma_dt": 31.58436736278245,
    "alpha": 1146.8534353892119,
    "fe_early": -19.8095824549849,
    "beta_l": 446.21359646762534,
    "gamma": 47.58750209911665,
    "prop_to_wage": 0.0
}
