{
    "fe_w2": 0.0,
    "delta": 0.9,
    "mu": 62.84410154244148,
    "fe_late": 0.0,
    "fe_w1": 0.0,
    "fe_w3": 0.0,
    "beta_e": 515.0713519014923,
    "prob_respond_alpha": 1.0,
    "gamma_01_factor": 1.0,
    "fe_w4": 0.0,
    "sigma_dt": 11.197151398882772,
    "alpha": 894.7123324162051,
    "fe_early": -4.252083700765953,
    "beta_l": 283.1000088646328,
    "gamma": 58.50472444930409,
    "prop_to_wage": 0.0
}
