run,obj_vals,opt_converged,opt_runtime,is_best_vec,param_1,param_2,param_3,param_4,param_5,param_6,param_7
1,0.0944559419367348,1,363.387258641,0,130.77213855787952,76.4715526068798,-0.3868276957193023,47.87537884047093,187.0774762473073,16.285329875531065,59.65568606254954
2,0.09424116233827327,1,820.296425179,1,131.86211396131847,76.49648917457955,-0.010312413305251629,47.76067030715635,366.6981726889736,16.190022648897738,60.27252665972015
