run,obj_vals,opt_converged,opt_runtime,is_best_vec,param_1,param_2,param_3,param_4,param_5,param_6,param_7
1,0.09344306230938396,0,7244.08791549,1,469.93882428341067,0.0,-63.67189392208327,105.36922919404947,63.471534497578794,28.55127939136806,105.72691455557603
2,0.09344338678643253,0,7230.300270459,0,470.8494896718365,0.0,-62.542727357404154,105.57332296445438,63.59163997072999,28.55949220806443,105.70368189141081
