run,obj_vals,opt_converged,opt_runtime,is_best_vec,param_1,param_2,param_3,param_4,param_5,param_6,param_7
1,0.09258658059203667,0,7220.359307433,0,359.6477447960344,0.0,-61.410449105647565,97.95671145631152,71.43300135627207,28.71658040164399,105.23134385608564
2,0.09258648360673631,0,7238.645469334,1,359.59172761674813,0.0,-61.46134529721154,97.93766479682193,71.4205336395922,28.71544115923688,105.21406577008808
