run,obj_vals,opt_converged,opt_runtime,is_best_vec,param_1,param_2,param_3,param_4,param_5,param_6,param_7
1,0.0009393240985346367,1,232.73338515,0,104.92504957958798,56.0456268648985,0.12545790101787832,67.8132431756982,84.31905972055993,35.13873916503614,46.771763579311774
2,0.0009393259314031187,1,196.050237584,0,104.92598899517648,56.0455032232209,0.12563235233444126,67.8171802334824,84.29008104217762,35.13592614534042,46.77186384029525
3,0.0009393247380673469,1,474.124610343,0,104.92578071155265,56.04542557225652,0.1255028869175288,67.81336178172677,84.31850181806138,35.13585425469385,46.771877924286414
4,0.0009393237785440006,1,220.013503207,1,104.92492936795071,56.0458446555553,0.12553820219756653,67.81470594550053,84.2967047020113,35.1352773024129,46.7716504766519
