run,obj_vals,opt_converged,opt_runtime,is_best_vec,param_1,param_2,param_3,param_4,param_5,param_6,param_7
1,0.08151738718150708,1,394.775433226,0,145.7539400284842,70.6866585699352,-10.111248494964354,2225.9823769712643,26.527702616691474,158.716480487704,60.584218562558156
2,0.0815173871813482,1,432.617195039,1,145.7540021785502,70.68665709801536,-10.111235474694428,2226.1113172166615,26.52779149014242,158.71616465488557,60.58423557361494
