run,obj_vals,opt_converged,opt_runtime,is_best_vec,param_1,param_2,param_3,param_4,param_5,param_6,param_7
1,0.08380028060382749,1,288.322444839,0,107.30023371912107,77.71977113482569,-22.02676201640562,71.90322942556642,37.60225473007407,27.611552872502376,45.99778514839146
2,0.08380027686456423,1,287.161748826,1,107.20793323331553,77.74778938261666,-22.030555108714783,71.86340194210499,37.60745814920925,27.623790292703834,45.98374275050838
