run,obj_vals,opt_converged,opt_runtime,is_best_vec,param_1,param_2,param_3,param_4,param_5,param_6,param_7
1,0.08240193585886238,0,3634.301997428,1,131.7913940838274,61.993887565015136,-12.865690419680504,50.40811661416739,77.50064461398152,24.066493220319163,56.25367980983188
2,0.08240378156532743,1,349.915698371,0,129.59717694679136,62.6445817191912,-12.38937184845321,48.85973102057333,103.13269373866356,24.475766184844563,55.855491315044375
