{
    "fe_w2": 0.0,
    "delta": 0.9,
    "mu": 48.9619605020367,
    "fe_late": 0.0,
    "fe_w1": 0.0,
    "fe_w3": 0.0,
    "beta_e": 625.1354478233366,
    "prob_respond_alpha": 1.0,
    "gamma_01_factor": 1.0,
    "fe_w4": 0.0,
    "sigma_dt": 2.2347195389199355,
    "alpha": 802.3255378759244,
    "fe_early": -26.46982235201779,
    "beta_l": 349.90213313493086,
    "gamma": 45.432067334187536,
    "prop_to_wage": 0.0
}
