run,obj_vals,opt_converged,opt_runtime,is_best_vec,param_1,param_2,param_3,param_4,param_5,param_6,param_7
1,0.0014042209788253427,1,249.239007288,0,174.405463124906,61.7362212670618,-0.41017006997087496,114.77660422952432,55.707472181703565,30.952172648929917,37.93880780986104
2,0.0014042208080457428,1,270.472784881,0,174.40939482682452,61.73526702935876,-0.4101171110385526,114.780613121073,55.71008513893147,30.954314111809722,37.939239218336525
3,0.001404220546733333,1,348.965474609,1,174.40961199059115,61.73520717826906,-0.41013548527579075,114.78030353881613,55.70948161961903,30.953561660737126,37.93925771263377
4,0.001404227646453538,1,160.166009651,0,174.37919596715096,61.74269256720472,-0.40963964190093666,114.95555387842582,55.66120009715351,30.975566264207192,37.9364276567455
