run,obj_vals,opt_converged,opt_runtime,is_best_vec,param_1,param_2,param_3,param_4,param_5,param_6,param_7
1,0.0011618424241329626,1,559.03656199,0,173.97597719007982,61.84287688300003,-0.37411093220116004,115.31172781310327,55.37469268842691,32.03113005481914,37.884302943513134
2,0.0011618424231984853,1,515.753752447,0,173.97592311277347,61.84288844044757,-0.37411321828550265,115.31165994884931,55.37470740340863,32.031155387065255,37.88429793839907
3,0.0011618424230740259,1,485.163939807,0,173.97600954352347,61.84287123822789,-0.3741101873574376,115.31174836514342,55.37472850404023,32.031190826217234,37.88430686852725
4,0.0011618424230170486,1,598.29811885,1,173.9759815796177,61.842872720740566,-0.3741129418123359,115.31130105660866,55.37471400854614,32.03115039655957,37.884303345125765
