run,obj_vals,opt_converged,opt_runtime,is_best_vec,param_1,param_2,param_3,param_4,param_5,param_6,param_7
1,0.07581199452039046,1,253.11418317,1,131.44620712250645,65.16903336483779,25.142703412674887,158.42735105488774,103.38715297862255,8.667556583929365,44.997948536168444
2,0.07623868187458706,1,163.294319278,0,131.18161627773165,65.76940361154759,24.95890415329603,132.8593774358185,82.52942917672897,26.100584043469183,45.12474557200963
