run,obj_vals,opt_converged,opt_runtime,is_best_vec,param_1,param_2,param_3,param_4,param_5,param_6,param_7
1,0.07960474296031864,1,417.05759375,1,102.13138895076476,106.24198596021583,-7.840852219896405,47.57115793715461,52.068138421134535,20.14364971073772,47.1705363075716
2,0.07961185464043961,1,540.319107765,0,104.67638616867954,105.41018010907759,-7.711330965122844,47.411453492905764,52.204329671698346,20.928038174213757,47.677193674076115
