run,obj_vals,opt_converged,opt_runtime,is_best_vec,param_1,param_2,param_3,param_4,param_5,param_6,param_7
1,0.07835071176746294,1,320.387227079,0,239.35137162615933,30.03200200084434,31.175107144048972,100.21156360190061,30.732151735384097,42.92598946797136,54.79964642425431
2,0.0783507117536956,1,317.731451569,1,239.36370958738735,30.030794676108574,31.176171231766276,100.21269638162707,30.732124263022424,42.925192871977934,54.80121974403601
