run,obj_vals,opt_converged,opt_runtime,is_best_vec,param_1,param_2,param_3,param_4,param_5,param_6,param_7
1,0.07847391559852111,1,336.119581532,0,252.83815599830672,33.738283170078994,25.865302025526713,97.9406841756635,33.16580641964657,41.78144808381139,55.49814626538465
2,0.07847230834100884,1,428.197216214,1,258.88323728663306,33.0409231073741,26.07772984116598,98.21338358033222,33.27721825182909,41.62971785125502,56.11103455011509
