iteration,param_1,param_2,param_3,param_4,param_5,param_6,param_7
1,61.10091926321558,147.89527219089712,0.0,51.01492638047145,62.74263185511576,17.02009098947948,14.100455053370647
2,103.98928379623568,53.77058342031502,0.0,32.14136815706205,37.67762341908342,32.09312674862406,33.18341301350648
3,64.17659256707137,88.23295744284202,0.0,30.350951251025688,26.59523419159367,26.639598368761252,12.83497589602624
4,62.29834422667915,77.58944513781769,0.0,71.7043706279681,68.87476006277082,23.738159880504348,20.790370891869124
