run,obj_vals,opt_converged,opt_runtime,is_best_vec,param_1,param_2,param_3,param_4,param_5,param_6,param_7
1,0.05843526988370169,1,307.72673959,1,95.93743212976563,71.95227203042703,-3.20246520540027,83.00854191402858,47.60429792575985,5.646898544294472,87.10354761105445
2,0.05856227982049763,1,281.84235332,0,95.67725242265212,72.07111262108351,-3.0372961046362756,86.59360639749688,46.458441971483566,6.218646175665527,86.83602181231022
3,0.05856157189998685,1,233.030828135,0,95.6240601538817,71.95533358387769,-2.7032941608049215,86.38838258934038,46.173077669030455,5.825051000950243,86.82645114519136
4,0.05860982742035898,1,369.99767104,0,96.85540182720364,71.55332672149083,-2.830154757773771,82.28863247329022,46.9623432870456,6.3079738950537685,87.37185687692609
