obj_vals,opt_results,opt_runtime,param_1,param_2,param_3,param_4,param_5,param_6,param_7,param_8
0.08254724049340784,1,483.882187467,102.74299095210095,96.27530978436813,81.4336802491814,10.082738306759596,78.29208720629765,47.92811299736026,17.64213325779499,58.594004293276896
