obj_vals,opt_results,opt_runtime,param_1,param_2,param_3,param_4,param_5,param_6,param_7,param_8
0.08244406501249125,1,212.856016581,101.34101731402164,95.66291535677283,82.70480198311073,9.44723825537373,78.16254940067714,48.03852671016515,20.58858925248662,58.80482071254633
