obj_vals,opt_results,opt_runtime,param_1,param_2,param_3,param_4,param_5,param_6,param_7,param_8
0.08231056970552329,1,1061.247148643,104.20573722816808,96.80836483991226,84.39615427278264,11.268675672881058,75.80014400274288,49.811408796266065,21.44958450928118,59.71738364777294
