obj_vals,opt_results,opt_runtime,param_1,param_2,param_3,param_4,param_5,param_6,param_7,param_8
0.08238877533631392,1,5940.720393768,104.31393911705338,96.48478137082162,82.26302443366947,10.25993959038695,75.76001519277216,49.79096322582117,21.45454539111467,59.672855898867894
