run,obj_vals,opt_converged,opt_runtime,is_best_vec,param_1,param_2,param_3,param_4,param_5,param_6,param_7
1,0.08400987295647426,1,426.67639722,0,178.65274965686794,24.394318350659738,-38.48479222787143,70.10882378937826,88.53841761906796,1.0000062714900653,61.584046596633
2,0.08155530438612464,1,169.051432962,1,205.8550219884235,17.631913152431434,-55.351860929003244,72.73724351242028,164.05352878443043,10.688150892909729,63.97794532788889
