run,obj_vals,opt_converged,opt_runtime,is_best_vec,param_1,param_2,param_3,param_4,param_5,param_6,param_7
1,0.054968884242486304,1,416.526297745,1,115.3003776680154,106.29565984200717,-5.865921257730943,71.6308342152589,102.7209131588779,44.075830492261595,68.10681229273415
2,0.054968898288701315,1,331.500552549,0,115.22373920208955,106.31935282732309,-5.864599511906718,71.67949277379346,102.85574802752738,44.10781213778453,68.09251762543862
3,0.054970408789467205,1,503.958681822,0,115.61099776198414,106.14892812005608,-5.875346328953016,72.75300185430403,98.55269300360051,45.45693577935146,68.15939017031177
4,0.05496908814647136,1,351.548045874,0,115.59934638710632,106.21390011185864,-5.855492503492518,71.36221664523428,103.9253515773777,45.49095045489126,68.18825369618318
