run,obj_vals,opt_converged,opt_runtime,is_best_vec,param_1,param_2,param_3,param_4,param_5,param_6,param_7
1,0.05332768223549142,1,238.699830034,0,109.78078195407932,113.33505492255759,-4.499843748825829,99.63190555888544,133.81900400796843,17.189111130105573,73.81498058412986
2,0.05331844954822336,1,268.450783399,0,105.86298500234571,114.5446049647078,-4.347015586304599,95.09426481290319,151.9830806516124,19.500252015404925,72.68133538601998
3,0.05337921397458489,1,263.537093642,0,107.5947625132325,113.83906355333937,-4.259079015772023,91.98278620185944,176.58229409692382,29.735683622554152,73.12401243087363
4,0.053177159179584044,1,243.669537999,1,107.21691430157819,114.3329789275347,-4.7293131493950025,99.8211166744486,173.26894226061643,23.23820598763815,73.4521754440965
