iteration,param_1,param_2,param_3,param_4,param_5,param_6,param_7
1,84.6144811808752,68.15515103537524,0.0,72.81712418792677,35.4312858542833,27.44891797924375,17.583055822119942
2,92.99248140113451,143.7887176045918,0.0,31.974918428590644,50.33671593057605,16.062380981204498,21.043520045790952
3,64.78556328814322,113.95985963180829,0.0,33.412067453781646,42.72151288217297,22.495949867196273,13.604802202472982
4,96.39190934195494,64.06265598986562,0.0,32.79510710150768,38.976568148603306,23.138290712408594,21.314101226639647
