{
    "fe_w2": 0.0,
    "delta": 0.9,
    "mu": 55.84326328348926,
    "fe_late": 0.0,
    "fe_w1": 0.0,
    "fe_w3": 0.0,
    "beta_e": 741.819758842015,
    "prob_respond_alpha": 1.0,
    "gamma_01_factor": 1.0,
    "fe_w4": 0.0,
    "sigma_dt": 24.132975861568454,
    "alpha": 929.0992384965882,
    "fe_early": -15.863873521578453,
    "beta_l": 436.86813689873975,
    "gamma": 55.22382765876551,
    "prop_to_wage": 0.0
}
