{
    "fe_w2": 0.0,
    "delta": 0.9,
    "mu": 49.1636963516327,
    "fe_late": 0.0,
    "fe_w1": 0.0,
    "fe_w3": 0.0,
    "beta_e": 348.7742558599996,
    "prob_respond_alpha": 1.0,
    "gamma_01_factor": 1.0,
    "fe_w4": 0.0,
    "sigma_dt": 39.60430296537798,
    "alpha": 469.91118377185705,
    "fe_early": 4.648894179208321,
    "beta_l": 528.3661096896377,
    "gamma": 78.32566341485112,
    "prop_to_wage": 0.0
}
