run,obj_vals,opt_converged,opt_runtime,is_best_vec,param_1,param_2,param_3,param_4,param_5,param_6,param_7
1,0.08393297581746066,1,577.179395304,1,134.46386703132634,63.815456098269955,-27.690773999100927,62.66184910215759,57.31600074042024,6.619566026529708,49.32638936011322
2,0.08399060227959568,1,646.084347439,0,138.17659664766094,63.24905821716646,-27.446720744403603,62.654694910964835,57.451331871036544,6.757438099590103,49.80481799526866
