obj_vals,opt_results,opt_runtime,param_1,param_2,param_3,param_4,param_5,param_6,param_7
0.0729326833296279,1,437.075135249,244.31398651982758,17.108215681418482,10.609554516419891,94.33124803012798,68.00493687267611,19.486067155205948,69.07079110705367
