obj_vals,opt_results,opt_runtime,param_1,param_2,param_3,param_4,param_5,param_6,param_7
0.07293326796807617,1,333.793214198,244.28974657984193,17.127068651601345,10.69532021855897,94.36789404965369,68.26508894533649,19.55223567273599,69.04771984297248
