obj_vals,opt_results,opt_runtime,param_1,param_2,param_3,param_4,param_5,param_6,param_7
0.07293187547486658,1,637.358378065,245.98973942774043,16.86046063557191,10.655812650876705,94.62433511425422,68.26680939423761,19.594305763268324,69.24636375147567
