run,obj_vals,opt_converged,opt_runtime,is_best_vec,param_1,param_2,param_3,param_4,param_5,param_6,param_7
1,0.08326589441304032,1,2185.347914974,1,85.08044039811598,101.49361351993112,-33.561826505302726,64.68708051665516,53.54515428267586,1.0,56.2687368897086
2,0.08349571817497649,1,263.860803816,0,71.64097185397472,114.08512983037649,-38.55411460836759,63.82855566936647,53.42673979555284,4.55008018717802,82.74391171136325
