run,obj_vals,opt_converged,opt_runtime,is_best_vec,param_1,param_2,param_3,param_4,param_5,param_6,param_7
1,0.08561638537285618,1,543.229184913,1,232.80632907138016,25.88352519705756,28.545619821486135,128.66316620509537,70.81440279936147,70.74321676216816,47.80366994053056
2,0.08564844490866884,1,171.384447338,0,220.3259008176571,27.454139814920932,26.38616735990518,112.18390165579933,68.43704888908896,59.52675978603596,46.87941353870708
