{
    "fe_w2": 0.0,
    "delta": 0.9,
    "mu": 50.20349937642091,
    "fe_late": 0.0,
    "fe_w1": 0.0,
    "fe_w3": 0.0,
    "beta_e": 546.6804729157241,
    "prob_respond_alpha": 1.0,
    "gamma_01_factor": 1.0,
    "fe_w4": 0.0,
    "sigma_dt": 65.40765802102692,
    "alpha": 697.1868420614726,
    "fe_early": -17.830826904478723,
    "beta_l": 335.69505594905144,
    "gamma": 40.71818193820363,
    "prop_to_wage": 0.0
}
