run,obj_vals,opt_converged,opt_runtime,is_best_vec,param_1,param_2,param_3,param_4,param_5,param_6,param_7
1,0.08080676862405933,1,416.968010413,0,98.60056785215174,88.70208165738788,3.6770109754819806,42.76888484979724,73.69579712859976,25.69825243941091,41.53097083690576
2,0.08080676862393636,1,470.073606274,1,98.60063335714473,88.70208657658931,3.6770528417302755,42.768885743272854,73.69579514795339,25.6982909766383,41.53098000397393
