run,obj_vals,opt_converged,opt_runtime,is_best_vec,param_1,param_2,param_3,param_4,param_5,param_6,param_7
1,0.08017750544606143,1,329.62324344,0,94.12896025397508,83.25769843650916,3.4829554517945653,51.95891627602715,77.99777677590973,27.41146427952397,42.56443177144636
2,0.08017648290917516,0,3628.3328245,1,94.74085949512654,83.06656116260125,3.572837605201905,51.92761597628038,78.10432440258937,27.39174920435052,42.63641894847126
