obj_vals,opt_results,opt_runtime,param_1,param_2,param_3,param_4,param_5,param_6,param_7
0.06933989851336037,1,230.081875919,72.71034206671439,81.20682832053045,4.593958882612668,86.16275902038939,65.35468732994131,42.784016344039486,47.11872284396975
