obj_vals,opt_results,opt_runtime,param_1,param_2,param_3,param_4,param_5,param_6,param_7
0.06920151392883828,1,554.116734415,64.5543542765531,83.67684092379018,3.2204015618744117,69.41465716204148,99.22895215342204,31.749224173557817,45.71497443777849
