run,obj_vals,opt_converged,opt_runtime,is_best_vec,param_1,param_2,param_3,param_4,param_5,param_6,param_7
1,0.0821963009016999,1,333.589459053,1,126.71479575075811,64.55209141105681,-7.0005812683719535,52.19442778307862,46.02898510984724,15.072430330995589,53.92641221616943
2,0.08219634986984721,1,304.454320394,0,126.6056737086326,64.60035137938776,-7.054543706294379,52.183655922609184,46.029363058777484,15.067363889819775,53.952433380188275
