run,obj_vals,opt_converged,opt_runtime,is_best_vec,param_1,param_2,param_3,param_4,param_5,param_6,param_7
1,0.08275798452909106,1,308.705738553,1,124.42175435279499,68.22944994289305,-7.572927464732476,49.68078031465295,46.745939830303605,13.212996271267656,62.90491593992066
2,0.08275798455431928,1,368.510578503,0,124.43195082759347,68.22361583359864,-7.57519373230191,49.67889067730774,46.746526141060734,13.213071496734365,62.90741790586331
