run,obj_vals,opt_converged,opt_runtime,is_best_vec,param_1,param_2,param_3,param_4,param_5,param_6,param_7
1,0.09258631038525487,1,473.373410679,0,120.51788756255313,42.61352476330568,-8.084792285285948,52.38972186056074,72.36458042139898,12.711196484528209,37.25857115499115
2,0.09258622300911226,1,475.500977365,1,118.5492847267407,43.23209868321137,-8.5694553667312,52.122652841169774,72.18377941793909,12.713990869349137,37.354335761315355
