run,obj_vals,opt_converged,opt_runtime,is_best_vec,param_1,param_2,param_3,param_4,param_5,param_6,param_7
1,0.001992815774364891,0,3649.486314056,0,122.84328914056418,79.25274226753021,-7.188360008682859,77.13470618045532,98.89543454194686,32.058255654107754,16.637722770809088
2,0.002059765541471484,1,546.48062771,0,134.85525401475786,77.5854877009305,-7.343749634633824,78.22300757399394,98.19849877187704,31.87452461023045,18.043009893844186
3,0.0019921650964146095,1,694.938503041,1,123.18078344820437,79.14221365980475,-7.29936814196113,77.22574241618912,98.31938134912184,32.02409702052928,16.68059119857284
4,0.0020585780173601595,1,1107.122025761,0,115.11968708855197,80.60467633752135,-6.74485348329992,76.6775344289709,96.64333850830212,31.891377309650764,15.722261000185878
