run,obj_vals,opt_converged,opt_runtime,is_best_vec,param_1,param_2,param_3,param_4,param_5,param_6,param_7
1,0.0007659072984705257,1,266.191837448,0,163.8148171779683,73.11177858089388,-0.05468899044709847,80.81854907296261,97.35980816518314,31.22947871833439,14.587039065150583
2,0.0007678411509022319,1,493.217762895,0,163.95602407275535,73.10857861187183,-0.29660987214604617,80.83910058158368,97.34659004462475,31.23751461586631,14.830469678670704
3,0.002076583046974948,1,650.586311879,0,117.57138280426646,80.58411608622207,-7.011264730306541,76.6894166268652,98.72794339057613,31.99596349748312,15.927003751360887
4,0.0007658974597390319,1,267.961070731,1,163.77960665442447,73.1173036892805,-0.05570702882045235,80.82672864305353,97.30175159759054,31.22498380541315,14.583265007975086
