iteration,param_1,param_2,param_3,param_4,param_5,param_6,param_7
1,109.4804945237498,115.34906547863957,0.0,58.2722382053215,56.1676591666999,27.42764773782961,15.730042013287212
2,129.7230306726358,143.90174981510333,0.0,68.93470655031975,65.20870859711006,35.02496981684163,35.42836614333515
3,99.35746129940186,141.20579480477474,0.0,59.61483891140319,67.51549686264805,25.833580102927144,18.492962426059016
4,82.84595020852835,80.13665626198599,0.0,69.92356499890388,26.665980530955142,28.408759457727594,19.137245027004138
