run,obj_vals,opt_converged,opt_runtime,is_best_vec,param_1,param_2,param_3,param_4,param_5,param_6,param_7
1,0.08512396074048492,1,632.899011494,0,86.69018555405945,109.92510891049079,-3.5770795492043157,59.99634237779983,51.24203989667244,17.845405972192033,50.7552238811472
2,0.08512368313924878,1,571.053495738,1,84.22422710260359,111.0091251044357,-3.6751900320319826,59.933787836140006,51.22903980525533,17.915883481830967,50.348595938090305
