run,obj_vals,opt_converged,opt_runtime,is_best_vec,param_1,param_2,param_3,param_4,param_5,param_6,param_7
1,0.09225417004742342,1,441.581126433,1,164.58843042780853,64.16795304617365,5.617227383538605,112.3109733139526,73.12642742724833,4.932076711877087,43.32110814055203
2,0.09309017913660463,1,162.416199575,0,163.40274522563294,65.12121643274398,6.753492765021962,129.99891442752624,85.34224486399086,13.172549957957612,42.84819350892743
