run,obj_vals,opt_converged,opt_runtime,is_best_vec,param_1,param_2,param_3,param_4,param_5,param_6,param_7
1,0.09120222285497402,1,642.78815531,1,147.0047165361032,65.5386180356623,7.336788169585058,104.62715518222547,68.2408699255906,4.234578777842152,37.190211006998446
2,0.09226201006683629,1,381.904479939,0,153.07460340825958,64.489658997009,10.828909566038218,117.38274270349586,62.727559247688426,20.541132520973633,37.202682555370586
