{
    "fe_w2": 0.0,
    "delta": 0.9,
    "mu": 46.79849211450538,
    "fe_late": 0.0,
    "fe_w1": 0.0,
    "fe_w3": 0.0,
    "beta_e": 1476.1559380370895,
    "prob_respond_alpha": 1.0,
    "gamma_01_factor": 1.0,
    "fe_w4": 0.0,
    "sigma_dt": 33.90924598354811,
    "alpha": 575.6115579291867,
    "fe_early": -21.682948422340765,
    "beta_l": 321.3025664277027,
    "gamma": 67.27616320975254,
    "prop_to_wage": 0.0
}
