run,obj_vals,opt_converged,opt_runtime,is_best_vec,param_1,param_2,param_3,param_4,param_5,param_6,param_7
1,0.09060724308861197,1,647.531898278,1,248.20917619984962,29.342241513225094,-48.24806427517839,121.60245406934477,53.28150364395949,40.279780901626424,65.89956424446916
2,0.09062211534857868,1,3034.037226803,0,248.40523530548077,29.06755153185376,-48.87228893084831,104.33487410653304,53.437006180513684,35.07360263632775,65.8547431346935
