run,obj_vals,opt_converged,opt_runtime,is_best_vec,param_1,param_2,param_3,param_4,param_5,param_6,param_7
1,0.08544222354251717,1,231.111053532,0,173.88996169258957,62.59700787934668,17.390598392099083,104.83042192734138,47.38684494451151,22.036918727438728,42.33414093312277
2,0.08536180609775176,1,362.320833453,1,172.3864477892436,62.85622719685149,15.854746907236136,107.90645019384642,46.84672716524685,15.977519992515775,42.399643830225905
