run,obj_vals,opt_converged,opt_runtime,is_best_vec,param_1,param_2,param_3,param_4,param_5,param_6,param_7
1,0.0479943391619493,1,2619.033798626,0,311.49271238438195,89.78164551974473,20.843219242120277,201.7089882496458,119.60410685611768,187.23317659777737,65.68065971446805
2,0.04799432140122397,1,301.734715225,1,311.7935733950891,89.72182173131934,20.84210849830191,201.76015430829514,119.31494344149554,185.81959503987179,65.69589111282144
3,0.047994326176717415,1,447.755293522,0,311.6086817129437,89.75729876897483,20.840014620378962,201.8520415398989,119.50874583420723,186.52028349506716,65.68517144556694
4,0.04799432521033443,1,361.768207501,0,311.6395803877368,89.75112879864874,20.83984174969684,201.86362271092148,119.48133125114454,186.3735175227204,65.68671998786108
