run,obj_vals,opt_converged,opt_runtime,is_best_vec,param_1,param_2,param_3,param_4,param_5,param_6,param_7
1,0.0488434665804737,1,1127.729795986,0,272.96819922297954,93.11841300837636,17.467489423519893,142.56042070749237,97.14562677623582,116.88393754277973,59.62348712473513
2,0.048842259379508444,1,639.508495478,0,273.1877334079254,93.10677537708558,17.47474945704607,138.90795658067384,98.01970853893403,114.6616471294885,59.612236173867416
3,0.04884226330520719,1,484.545381557,0,273.0848809885573,93.1218238088938,17.46643225501539,139.00945758592536,97.96289922702213,114.57537135456683,59.60248068280788
4,0.04884224453379397,1,499.703281283,1,273.44046124684206,93.06568934226542,17.488965548592844,138.77497243523746,97.91703619185901,114.5036898437878,59.63323507734526
