run,obj_vals,opt_converged,opt_runtime,is_best_vec,param_1,param_2,param_3,param_4,param_5,param_6,param_7
1,0.08371086326144468,1,103.465238894,0,64.6359354155874,41.838462971073426,-0.039722986688287776,36.55137467531506,55.70359928466414,19.329216941223223,37.410366063318655
2,0.08353200864645394,1,470.515891831,1,66.31276526697123,41.11709708088507,-0.09996966215946083,33.73351752560126,62.50186409783458,23.993904273399544,36.730106716091235
