run,obj_vals,opt_converged,opt_runtime,is_best_vec,param_1,param_2,param_3,param_4,param_5,param_6,param_7
1,0.09118430295566668,1,747.128117347,1,112.6764065280427,69.15008114452812,-18.90315260779757,102.76611996428008,108.52075201903035,29.3825237855005,50.82926000442759
2,0.09120819261819076,1,462.400666922,0,113.01317447406419,68.83070396312401,-19.196355989632625,97.79448076195584,104.5594150394849,29.43548178339763,50.88413607509838
