run,obj_vals,opt_converged,opt_runtime,is_best_vec,param_1,param_2,param_3,param_4,param_5,param_6,param_7
1,0.08985256280186829,1,337.594556728,1,100.00607511242873,67.06207539061882,-42.54459719240347,246.78008825658875,173.29644119175973,1.0003779879566446,55.788832102201525
2,0.0922085738579418,1,332.97728622,0,93.29727364088615,67.90287998795998,-29.081466354795936,126.60750609598587,150.86803093045194,26.588011571373325,54.09464315024728
