run,obj_vals,opt_converged,opt_runtime,is_best_vec,param_1,param_2,param_3,param_4,param_5,param_6,param_7
1,0.08340754219579012,1,207.301396329,1,78.31457402219431,101.70511601477793,-11.597494177938728,64.85794103783685,40.890788032154965,16.35655100202632,50.259112550006265
2,0.0834136176065668,1,110.452779084,0,77.37298804559798,102.99874259315985,-11.053608672848496,64.6365292935515,40.741777566139355,16.337052923848688,50.301895220347966
