run,obj_vals,opt_converged,opt_runtime,is_best_vec,param_1,param_2,param_3,param_4,param_5,param_6,param_7
1,0.08349971908580064,0,3636.313470605,0,81.22917823468099,106.47602596239234,-15.103018377766352,58.13983260526541,40.803153020098605,17.118373271606313,44.69804431936571
2,0.08349970081945988,1,612.890956269,1,80.86307063994424,106.43433074628459,-15.228925449219156,58.11593890938495,40.7978495333499,17.118555190659556,44.58007891581608
