run,obj_vals,opt_converged,opt_runtime,is_best_vec,param_1,param_2,param_3,param_4,param_5,param_6,param_7
1,0.08416261386555904,1,685.910069713,1,131.51842452940483,60.53949854810087,-9.465568859930489,284.12105975512435,12.374170545027784,3.663169353909841,61.31795342481486
2,0.08758614557894556,0,7242.619429453,0,123.37610970385745,66.28670717982976,-9.774673000667898,107.85437061618182,33.411868376892514,15.426168195183953,61.41057646805622
