run,obj_vals,opt_converged,opt_runtime,is_best_vec,param_1,param_2,param_3,param_4,param_5,param_6,param_7
1,0.08173083532355456,1,832.132938358,1,132.19155042054567,65.71786123470184,-2.3493581635406096,93.7013972278792,68.386018192847,59.433109535731084,46.505695628733775
2,0.08173083874367117,1,960.227969832,0,132.20659810256723,65.71111387556131,-2.3524717600789837,93.69822689263933,68.35821913795479,59.404517329309115,46.50750160526725
