run,obj_vals,opt_converged,opt_runtime,is_best_vec,param_1,param_2,param_3,param_4,param_5,param_6,param_7
1,0.08331895767037432,1,162.741615691,0,315.21655975149423,14.617418704011387,-39.40740924187355,126.5537523112353,60.11520665276161,18.938643708655153,55.95245241475116
2,0.08331878223063222,1,220.462066522,1,315.89147423901653,14.541553541249913,-39.402976252061165,127.25953771266917,60.228895854098155,19.10093981929357,56.0884546516911
