run,obj_vals,opt_converged,opt_runtime,is_best_vec,param_1,param_2,param_3,param_4,param_5,param_6,param_7
1,0.07273073176149533,1,204.540717352,1,43.627444660663315,119.70328370264548,-20.489998710357366,82.42515529622996,57.99517486543944,27.784708597836126,29.4143348434029
2,0.07302307443914294,1,181.112239296,0,44.2775363446956,118.87426905357762,-21.230130028907745,93.11846948239798,57.327441522710494,20.35609802426538,29.73390281281632
