{
    "fe_w2": 0.0,
    "delta": 0.9,
    "mu": 39.242753299817,
    "fe_late": 0.0,
    "fe_w1": 0.0,
    "fe_w3": 0.0,
    "beta_e": 757.1865025318682,
    "prob_respond_alpha": 1.0,
    "gamma_01_factor": 1.0,
    "fe_w4": 0.0,
    "sigma_dt": 57.59408083396427,
    "alpha": 579.8261269288432,
    "fe_early": 18.002188631730125,
    "beta_l": 485.13185637134814,
    "gamma": 58.84494296942831,
    "prop_to_wage": 0.0
}
