run,obj_vals,opt_converged,opt_runtime,is_best_vec,param_1,param_2,param_3,param_4,param_5,param_6,param_7
1,0.08107532582029407,1,638.172708383,0,184.8498598896048,49.594155636325034,-9.326713890652291,86.91045589769999,54.24420275159239,35.284053951271474,48.00476990474677
2,0.08107503742403192,0,3636.788210073,1,184.95535907316838,49.56392603086622,-9.413433067562838,85.77695973826175,54.542520884177705,34.33586002412568,48.05122833096316
