run,obj_vals,opt_converged,opt_runtime,is_best_vec,param_1,param_2,param_3,param_4,param_5,param_6,param_7
1,0.07724507032912016,1,975.37625863,1,77.57939316036577,91.96567994016533,-16.66279351085081,124.0549161030218,80.60030379411013,2.37801889114185,43.924158975606154
2,0.07844515012343399,1,1762.11009516,0,77.09841964496498,91.27345480082093,-18.087014713400237,114.59063893721918,101.84248161391835,1.9836168383541823,43.48722671242921
