run,obj_vals,opt_converged,opt_runtime,is_best_vec,param_1,param_2,param_3,param_4,param_5,param_6,param_7
1,0.09565229958288013,0,3637.390964148,0,166.9777622164499,89.25478353916307,9.823367842142932,54.61250587252994,81.43146776692389,18.284932456841993,55.42959136250664
2,0.09565223724707023,1,478.193031785,1,166.22372707937058,89.37574021667166,9.606943740672909,54.46414625909547,81.28190727378593,18.240194899127037,55.35425516805197
