run,obj_vals,opt_converged,opt_runtime,is_best_vec,param_1,param_2,param_3,param_4,param_5,param_6,param_7
1,0.002395734449447192,1,564.199441637,0,100.07680210913031,128.68922783059244,0.10758159824635885,100.14635705239817,116.61685083230412,11.334452414373123,20.190412999164735
2,0.0013358411657267764,1,666.319562359,0,100.3861615713011,128.86409647333664,0.44672951065335054,110.22251781130653,97.79914475946431,11.083306102993692,20.203134490105064
3,0.005625353318694411,0,3642.540225727,0,94.57093505584434,114.79415036783404,3.0619972367136388,83.94537184755677,81.39686066515466,16.464654679407545,13.726099461393254
4,0.0011389979345694519,1,613.992843969,1,98.95861500166058,129.32781914855528,0.2293760571533049,110.92508128094744,100.29364725395654,10.034368432305627,19.963070387028
