run,obj_vals,opt_converged,opt_runtime,is_best_vec,param_1,param_2,param_3,param_4,param_5,param_6,param_7
1,0.0010315927560998867,1,437.021577258,1,99.88266690952685,130.06142196567652,0.4154445605213947,116.28220700143596,93.17215994926109,10.185967450288663,20.309014750574097
2,0.0010364726573814154,1,280.285772336,0,98.5552931391693,130.39204368407488,0.40562306016354177,115.47879400755608,93.05438359307439,10.1953405825581,20.16004157289883
3,0.007088245770213801,0,3637.110488911,0,95.09223419250262,119.17443669558692,3.3646903658198752,100.07529243090801,80.69224382692157,16.82900064407952,13.915985192753555
4,0.0011274192461130134,1,338.024625547,0,107.35918629460319,127.28493049140123,0.7694587329407185,116.53923028665291,92.73214545107211,10.062484044736351,20.688153906518632
