iteration,param_1,param_2,param_3,param_4,param_5,param_6,param_7
1,83.28723508182911,144.87163136355707,0.0,26.350827957409393,74.75191784555082,22.31537607313693,36.18780209312498
2,144.37307140567438,126.64669095584577,0.0,57.45983971155149,54.42951061639904,34.737813846376504,27.415375029368157
3,95.29252810459687,104.17532082913516,0.0,67.55192710965738,68.24042789696212,30.451777048305438,15.579976052840442
4,65.88001780677742,83.96366730982948,0.0,47.74035842296166,65.46560088199078,35.38484535995442,19.398445514616586
