run,obj_vals,opt_converged,opt_runtime,is_best_vec,param_1,param_2,param_3,param_4,param_5,param_6,param_7
1,0.08366676095594792,1,253.055917927,0,99.06186821796202,124.58376418741874,-4.992302229921628,97.01349562187298,55.390953318633166,34.687018036708395,58.8095408213284
2,0.08359908278213063,1,302.008415506,1,101.24088022011539,125.20571169471135,-4.216348920089183,149.1255768006023,50.22843202679768,42.976568615474605,59.58262764676294
