run,obj_vals,opt_converged,opt_runtime,is_best_vec,param_1,param_2,param_3,param_4,param_5,param_6,param_7
1,0.0832108209593534,1,1316.7844426,1,89.19877291593112,129.50329582230424,-2.8140994934767214,70.74991079973043,51.01432223722431,37.453763557123665,47.554171368782356
2,0.08321104750003246,1,365.930280806,0,89.32992920523847,129.45139128797837,-2.795088809411039,70.5547674634946,50.9315972172205,37.83166028695294,47.573633554346216
