run,obj_vals,opt_converged,opt_runtime,is_best_vec,param_1,param_2,param_3,param_4,param_5
1,0.08521149313217669,1,56.270079581,1,310.9543164213085,127.63611684117284,73.50779071012909,17.329193721424815,71.47076577509118
2,0.08521240748800318,1,84.891065422,0,310.6346642896284,127.36630152867166,73.33471306405906,17.348938708449058,71.45956026010585
