run,obj_vals,opt_converged,opt_runtime,is_best_vec,param_1,param_2,param_3,param_4,param_5,param_6,param_7
1,0.002557030681667788,1,202.183813992,0,114.21639243400875,21.680957704555773,1.5752535121940325,31.567873688247055,29.874646431786562,19.28099157325311,99.86217526125496
2,0.002557030680662928,1,200.325299866,0,114.21647121247946,21.680797953903824,1.575478739963227,31.56786623123375,29.87465370022979,19.280984764882085,99.86217911859595
3,0.002557030680492431,1,224.863539403,0,114.2162391032799,21.680699589830752,1.575631276835959,31.56784515386652,29.874652137083153,19.28098709752869,99.86206596118635
4,0.002557030680257198,1,199.908612558,1,114.2161917954727,21.680783576155047,1.5754715494902283,31.567849656334023,29.874648156761488,19.280990562521442,99.86207522591648
