run,obj_vals,opt_converged,opt_runtime,is_best_vec,param_1,param_2,param_3,param_4,param_5,param_6,param_7
1,0.08294291834239365,1,536.285761083,1,113.18940750945464,86.92089972425173,17.731193740931452,229.58144992155442,54.70795236911136,17.108346391247387,33.91468026808445
2,0.08338470569278343,1,202.204541356,0,107.03658964007764,88.72911928965787,16.13441268877015,135.88042474934636,59.69418498931686,17.022152327662845,33.281602148906764
