run,obj_vals,opt_converged,opt_runtime,is_best_vec,param_1,param_2,param_3,param_4,param_5,param_6,param_7
1,0.0005722889564187996,1,233.323436195,0,159.85131930487773,26.708215509158062,0.15343370570244586,131.59231042484635,73.73027585901488,17.648227245504803,50.65769075918494
2,0.0005772215431855699,1,221.2550802,0,159.77506059725073,26.73126430506608,0.1425973572445091,131.88491858469249,73.67155056216733,17.65449646578511,50.65033142306828
3,0.0005708963655615054,1,292.161515034,1,159.7891120635279,26.730807779549632,0.15186364483387474,131.31805085544804,73.70629960250996,17.622781231384153,50.64977584477824
4,0.0005717461952887018,1,196.947641339,0,159.7513734102341,26.746849140920855,0.15468315024994994,131.21574231208083,73.67841145662278,17.577509082129453,50.64602670672653
