{
    "fe_w2": 0.0,
    "delta": 0.9,
    "mu": 42.763209275965046,
    "fe_late": 0.0,
    "fe_w1": 0.0,
    "fe_w3": 0.0,
    "beta_e": 272.1837218832906,
    "prob_respond_alpha": 1.0,
    "gamma_01_factor": 1.0,
    "fe_w4": 0.0,
    "sigma_dt": 29.870226283764772,
    "alpha": 583.3364672887521,
    "fe_early": 9.785884193026556,
    "beta_l": 1883.0789408278317,
    "gamma": 49.53206068779897,
    "prop_to_wage": 0.0
}
