run,obj_vals,opt_converged,opt_runtime,is_best_vec,param_1,param_2,param_3,param_4,param_5,param_6,param_7
1,0.08507998290714071,1,444.627489966,0,88.1099840202315,119.19952983675061,10.151893552340237,56.34083200403598,55.96045770951244,31.56943110956288,55.50190914885655
2,0.08502232234095501,1,706.844186072,1,87.14127998327493,119.70576073808634,10.29824468159636,63.11856554634917,52.1314895244978,34.94913614975555,55.2875812866255
