run,obj_vals,opt_converged,opt_runtime,is_best_vec,param_1,param_2,param_3,param_4,param_5,param_6,param_7
1,0.007171818360001067,1,902.014745997,0,100.48983673860897,98.32543142568433,0.3752384752684388,96.70018045663296,19.29427336958615,6.6282304565720995,37.17316537337372
2,0.007768441007941507,1,832.909041994,0,93.60868931672515,99.43173927033473,0.11905848402151556,137.32690039727134,18.648710597303342,6.680450023903473,35.82807823842647
3,0.007201464811942773,1,287.218240227,0,97.77350880834807,98.72899353739,0.29154968006459725,95.36361611657117,19.238974244359024,6.681012916021987,36.603853601072124
4,0.007091746035021601,1,955.825049534,1,99.12274719213481,98.5580614611453,0.3010397811764837,104.66061983574195,19.063972978060473,6.629688363333384,36.92913598614238
