run,obj_vals,opt_converged,opt_runtime,is_best_vec,param_1,param_2,param_3,param_4,param_5,param_6,param_7
1,0.08277869811772376,1,417.424890621,0,142.02298342781393,63.54014285568699,-28.67535615345099,64.13130029497923,428.75185286984816,14.34574737417844,58.2591584358902
2,0.08272098251015665,1,260.731229888,1,138.3952760196872,63.994442912711165,-29.7820561973468,59.30819942156213,1651.3300318019787,15.325190388553231,58.34117986170647
