run,obj_vals,opt_converged,opt_runtime,is_best_vec,param_1,param_2,param_3,param_4,param_5,param_6,param_7
1,0.08419580042548919,1,859.565394438,1,133.97465059272227,75.47278269066148,-23.61775135071774,48.824470701883804,114.3066371695863,21.3254927807963,54.525483149379795
2,0.08419591412577211,1,660.429614567,0,134.04814902351208,75.4278409228678,-23.662356606093212,48.82336529204779,114.42215037451399,21.342580266013886,54.529685516546515
