run,obj_vals,opt_converged,opt_runtime,is_best_vec,param_1,param_2,param_3,param_4,param_5,param_6,param_7
1,0.07896385971926226,1,440.480286723,0,42.45580908403179,57.497787861833764,-2.64015229344675,68.67584840479284,32.27924834672461,24.570952588407625,26.77977718864522
2,0.07894834412084388,1,366.075374393,1,42.79310890474837,57.653186136170326,-2.5520629970250086,75.08394876060979,30.24616125055952,28.307760412691255,26.89332865751439
