run,obj_vals,opt_converged,opt_runtime,is_best_vec,param_1,param_2,param_3,param_4,param_5,param_6,param_7
1,0.07873381529050572,1,349.318919976,0,34.93970205752077,49.65551435364881,-2.576284622695432,99.3595565962434,25.86515016807678,28.812382937702715,24.825621234077275
2,0.07873230807617336,1,816.051352141,1,34.85180322364247,49.72471336652656,-2.5779495109245447,104.0965779163045,25.73408897966506,29.09667660760889,24.824914291571645
