run,obj_vals,opt_converged,opt_runtime,is_best_vec,param_1,param_2,param_3,param_4,param_5,param_6,param_7
1,0.07944971038739221,1,444.63827492,1,93.1733119211019,114.48964877026107,-9.898190866557488,47.030598717991275,56.11045074382306,29.28060609118822,46.21147708848983
2,0.07946237257179757,1,466.150281364,0,93.64674446372686,114.41690201514224,-9.539951007060797,46.768571112154575,56.520305065395455,30.814431552531676,46.309402527721076
