run,obj_vals,opt_converged,opt_runtime,is_best_vec,param_1,param_2,param_3,param_4,param_5,param_6,param_7
1,0.07961628798258905,1,398.642605261,0,98.86408573428034,88.81011279818526,-41.54564990949054,60.369384356281316,60.483138008881554,21.307163248589582,52.417862795584774
2,0.07961628684434352,1,481.889997656,1,98.82641032980185,88.82307725225002,-41.543252287313166,60.36749963594793,60.4828015801987,21.30545370620968,52.411535974791605
