run,obj_vals,opt_converged,opt_runtime,is_best_vec,param_1,param_2,param_3,param_4,param_5,param_6,param_7
1,0.08151110439480129,1,349.765869675,1,85.53281988029586,69.90976842924984,-6.109099351455356,98.36105516984215,46.658720131338555,30.210498854896628,34.970691374844
2,0.08151356694412665,1,248.037597381,0,84.76425557060544,70.15472974805026,-5.639627121131925,103.32598288803595,46.53997545037402,31.4702490089025,34.719551658712106
