run,obj_vals,opt_converged,opt_runtime,is_best_vec,param_1,param_2,param_3,param_4,param_5,param_6,param_7
1,0.07850396059429637,1,502.796399486,1,124.5267953050902,29.2346427050339,-5.216105388002794,44.95994967192506,43.6380677595657,13.316143279391898,34.145519671023116
2,0.07850863401718916,1,648.713772716,0,121.67738375924232,30.103708342353233,-5.48897553254437,44.764133819909624,43.52024852944458,13.32730711519532,33.99087290476681
