{
    "fe_w2": 0.0,
    "delta": 0.9,
    "mu": 48.762142662487044,
    "fe_late": 0.0,
    "fe_w1": 0.0,
    "fe_w3": 0.0,
    "beta_e": 369.44842312553817,
    "prob_respond_alpha": 1.0,
    "gamma_01_factor": 1.0,
    "fe_w4": 0.0,
    "sigma_dt": 10.843373489452956,
    "alpha": 506.61361947240925,
    "fe_early": -3.282782129034041,
    "beta_l": 731.9287840618737,
    "gamma": 60.72635307439065,
    "prop_to_wage": 0.0
}
