run,obj_vals,opt_converged,opt_runtime,is_best_vec,param_1,param_2,param_3,param_4,param_5,param_6,param_7
1,0.0019210350120751557,1,194.784681896,0,91.37017970532447,138.45082411140532,-0.23515369983136966,78.99341005166342,34.51332660002421,21.442637396453527,72.90410202029818
2,0.0019210350091061772,1,193.004061476,1,91.36962676303808,138.45095483225137,-0.23515510970951717,78.99340825607617,34.51328439324868,21.442722252663568,72.90389915525141
3,0.001921035009699106,1,195.945404875,0,91.36956596024886,138.4509642727671,-0.23515737990647687,78.9933963352356,34.513292806657624,21.44265362674741,72.9038753856197
4,0.0019210350113360883,1,252.612980593,0,91.36906578986371,138.4509657288455,-0.23515129930483433,78.99335276668306,34.51327061898962,21.442704205949124,72.9036332191232
