run,obj_vals,opt_converged,opt_runtime,is_best_vec,param_1,param_2,param_3,param_4,param_5,param_6,param_7
1,0.0020893194457643188,1,296.788548121,0,92.81409400660387,138.68876289101314,0.053201705786494725,78.90799173455925,34.90459710281106,21.54789322479953,73.31713117421793
2,0.0020893006094453506,1,215.558424412,1,92.73843403830769,138.7013027383885,0.05349975757065108,79.0178225376772,34.8744338006668,21.583057512608278,73.30205292419983
3,0.002089319872934064,1,302.227694021,0,92.82269973388586,138.68835958593465,0.05449504564934002,78.90964480354201,34.90442761119803,21.548016025251005,73.32059176703046
4,0.002089300805610138,1,193.155636488,0,92.74632037030317,138.70016096057546,0.05443261358676106,79.01652800852298,34.87454872825395,21.582733891764974,73.30445279270451
