iteration,param_1,param_2,param_3,param_4,param_5,param_6,param_7
1,88.64559240842674,102.15670970645357,0.0,42.77876412806204,43.26179870424529,15.405867921966445,26.435147906261392
2,147.35243061239328,59.741045710740046,0.0,57.69432744702657,45.564653530973665,12.695487733519654,12.904239766990914
3,87.81643519777631,84.29692456341357,0.0,51.90539801978189,60.34312025318139,33.059351692495284,15.704944066982273
4,144.37996505429516,84.62141395046021,0.0,46.507515502142404,57.246480527628165,21.764469976237066,27.00612874715773
