run,obj_vals,opt_converged,opt_runtime,is_best_vec,param_1,param_2,param_3,param_4,param_5,param_6,param_7
1,0.002676057841451633,1,266.783646445,0,105.84301912852897,79.95237142709338,-3.5199646753588083,52.455320283649364,35.45872730412411,13.665699879716797,15.290461016913016
2,0.0015676722978513584,1,283.214046994,1,135.76386844904027,75.81547082635569,0.015743125279103584,54.60972132595017,36.3437971115331,13.611442673903033,16.51987889167272
3,0.0026733241495246725,1,289.503010261,0,104.83811492011874,80.16740353467105,-3.1930028092602627,52.38541720568763,35.416657678739064,13.65879627825908,14.91437186340904
4,0.002676063389470568,1,450.589725363,0,105.89311419982293,79.94223139142926,-3.5247407445638106,52.45886926031056,35.46021236352036,13.665698347718495,15.299511845869022
