run,obj_vals,opt_converged,opt_runtime,is_best_vec,param_1,param_2,param_3,param_4,param_5,param_6,param_7
1,0.08125615267844025,1,452.281295904,0,128.07477633564625,59.27288324716309,-13.760587030783178,82.49459437534989,106.85499347015899,30.825827427529614,44.91728369639334
2,0.08117119718539986,1,633.298553707,1,128.21557894920824,58.93072776901604,-14.398194514749276,75.01655355211626,178.47621006604115,30.117981435998697,45.05068451375661
