run,obj_vals,opt_converged,opt_runtime,is_best_vec,param_1,param_2,param_3,param_4,param_5,param_6,param_7
1,0.08761617643419836,1,361.872729332,1,143.98888050759928,77.74850796218738,-1.9046580413137009,52.3361005685544,104.59690630886212,5.094797543384851,58.36997687183873
2,0.0876654184422678,1,323.036701723,0,133.86949154117087,80.41792957359183,-3.7908370230288257,50.224449482916086,101.21714893453023,5.69581847004816,56.9089903927085
