{
    "fe_w2": 0.0,
    "delta": 0.9,
    "mu": 43.98880343917372,
    "fe_late": 0.0,
    "fe_w1": 0.0,
    "fe_w3": 0.0,
    "beta_e": 372.11409768037583,
    "prob_respond_alpha": 1.0,
    "gamma_01_factor": 1.0,
    "fe_w4": 0.0,
    "sigma_dt": 11.481772052110173,
    "alpha": 675.5061559519565,
    "fe_early": 14.159972297392613,
    "beta_l": 371.3846801410629,
    "gamma": 75.37772589930897,
    "prop_to_wage": 0.0
}
