run,obj_vals,opt_converged,opt_runtime,is_best_vec,param_1,param_2,param_3,param_4,param_5,param_6,param_7
1,0.0838372383974674,1,1388.635382807,1,124.45891420820352,61.93159381642435,-20.582797464337688,74.66306631003783,51.17534368564486,30.11784515841305,42.31612035496379
2,0.08384231221775572,1,296.133305429,0,126.09590448929205,61.4950224611139,-20.38739410410489,74.87987581782569,51.182305085428375,30.11364237922194,42.380010448778684
