run,obj_vals,opt_converged,opt_runtime,is_best_vec,param_1,param_2,param_3,param_4,param_5,param_6,param_7
1,0.08379105449582262,1,1337.965083293,0,116.14629601499934,74.12687335422976,-15.190099187781264,50.27541337787767,52.75864855478369,29.072330898205102,40.944875762241516
2,0.08379105398810455,1,2142.070801402,1,116.13036994291876,74.12780291515516,-15.202165244100764,50.27557768793567,52.76205688220576,29.07470225443075,40.94599224062742
