run,obj_vals,opt_converged,opt_runtime,is_best_vec,param_1,param_2,param_3,param_4,param_5,param_6,param_7
1,0.079332211619424,1,308.756336975,0,134.0676267955866,71.91099860868603,2.853692105542161,144.25782142016547,67.25665969080708,45.310185240235484,50.827912614796965
2,0.0793322112240235,1,326.268209671,1,134.05440693800728,71.912848141315,2.8500491783304622,144.264650444479,67.26435591829193,45.28161768658719,50.82646257233618
