run,obj_vals,opt_converged,opt_runtime,is_best_vec,param_1,param_2,param_3,param_4,param_5,param_6,param_7
1,0.08161797806086907,1,607.309185764,1,337.81950035994083,19.922445663610567,25.785333663121037,94.54368045521166,62.9245897886172,44.24442667287688,65.42097789748642
2,0.08162896354772134,1,5868.663472801,0,323.5945877216892,21.587442040522323,24.748195156316473,92.95546040937695,62.138537108013885,44.42818146545663,64.51729478794547
