run,obj_vals,opt_converged,opt_runtime,is_best_vec,param_1,param_2,param_3,param_4,param_5,param_6,param_7
1,0.08064811439192755,1,572.784902998,1,314.4974989653446,13.86693497643691,32.87839581420576,99.83638466873673,66.47839270285783,50.21740135913933,62.99875807779452
2,0.08065513732183034,0,7246.964998323,0,305.6826696176618,15.021023609087761,32.0628676873046,98.89022025647202,65.93367671951027,49.72671686376338,62.48773865977084
