run,obj_vals,opt_converged,opt_runtime,is_best_vec,param_1,param_2,param_3,param_4,param_5,param_6,param_7
1,0.0826682497180878,1,298.827616399,1,185.9256653734001,48.227592816762126,-14.229035929093317,90.11367591761451,84.27142857348427,5.977418151100045,58.67323087341981
2,0.08474456608371199,1,207.520748866,0,141.6469994172471,61.25800104655033,-17.47848734851027,83.12731744247984,69.09308978421731,3.3345100793909412,54.07334023171496
