{
    "fe_w2": 0.0,
    "delta": 0.9,
    "mu": 55.18090756857565,
    "fe_late": 0.0,
    "fe_w1": 0.0,
    "fe_w3": 0.0,
    "beta_e": 468.55656854376593,
    "prob_respond_alpha": 1.0,
    "gamma_01_factor": 1.0,
    "fe_w4": 0.0,
    "sigma_dt": 11.89815267097261,
    "alpha": 602.735199235923,
    "fe_early": -27.97446265264606,
    "beta_l": 471.6006435295016,
    "gamma": 71.57832138472148,
    "prop_to_wage": 0.0
}
