run,obj_vals,opt_converged,opt_runtime,is_best_vec,param_1,param_2,param_3,param_4,param_5,param_6,param_7
1,0.0808159205006689,1,286.780276332,1,112.09244750447107,87.33090449433914,12.785564652620643,51.13318932282161,44.84242681575538,13.780980595537105,41.76479494665281
2,0.0808162565030747,1,239.441123177,0,112.24014224132607,87.31895321211492,12.826954589493297,51.11142097854437,44.794251452235535,13.910922661600702,41.78109601429479
