run,obj_vals,opt_converged,opt_runtime,is_best_vec,param_1,param_2,param_3,param_4,param_5,param_6,param_7
1,0.08086863849654313,1,447.029586609,0,101.16650940586811,101.80823467413451,13.960544492674725,49.06050650195967,46.21479379685071,12.277824133894526,43.89056745662241
2,0.0808686180921763,1,299.855318441,1,101.1368970321931,101.8282325305045,13.959047751236536,49.027348011303744,46.221017110525935,12.259162129528601,43.8832402383169
