run,obj_vals,opt_converged,opt_runtime,is_best_vec,param_1,param_2,param_3,param_4,param_5,param_6,param_7
1,0.0724582137907364,1,839.53226619,1,86.82984132821568,98.34666006987965,-5.951061277001478,95.35114619083721,214.72625101829598,4.005350891800131,56.498468768386736
2,0.0724749703132015,1,412.658234708,0,84.11894318352324,99.10921538969498,-7.6985256643307265,87.60590535682068,193.56273979729175,3.4024623712973563,57.18073137165499
