run,obj_vals,opt_converged,opt_runtime,is_best_vec,param_1,param_2,param_3,param_4,param_5,param_6,param_7
1,0.09041401361503373,0,7241.64944049,1,68.24665958942418,38.110439968310395,-22.008820133601805,77.5889145648747,54.07093808113827,17.65027731277715,37.974211229200066
2,0.09041673754885464,1,220.575596319,0,64.17939539094364,39.05398075608561,-20.66147255902071,75.77683337565114,53.28564062895148,17.419385021117446,37.2644203600887
