{
    "fe_w2": 0.0,
    "delta": 0.9,
    "mu": 49.154798926589,
    "fe_late": 0.0,
    "fe_w1": 0.0,
    "fe_w3": 0.0,
    "beta_e": 217.29609026531114,
    "prob_respond_alpha": 1.0,
    "gamma_01_factor": 1.0,
    "fe_w4": 0.0,
    "sigma_dt": 13.787752261074715,
    "alpha": 682.9701158871299,
    "fe_early": -8.835667835162884,
    "beta_l": 313.76078687733457,
    "gamma": 51.93375610674079,
    "prop_to_wage": 0.0
}
