{
    "fe_w2": 0.0,
    "delta": 0.9,
    "mu": 41.53925330005473,
    "fe_late": 0.0,
    "fe_w1": 0.0,
    "fe_w3": 0.0,
    "beta_e": 212.73793838728272,
    "prob_respond_alpha": 1.0,
    "gamma_01_factor": 1.0,
    "fe_w4": 0.0,
    "sigma_dt": 18.766939466226322,
    "alpha": 567.9229867151579,
    "fe_early": 6.52251815656073,
    "beta_l": 1071.1523633786855,
    "gamma": 62.20213937610828,
    "prop_to_wage": 0.0
}
