run,obj_vals,opt_converged,opt_runtime,is_best_vec,param_1,param_2,param_3,param_4,param_5,param_6,param_7
1,0.08156118375379737,1,2701.27801458,1,160.81492575257104,57.65493333890203,-58.182804248312266,89.81325912883253,64.60705846426349,33.947794495916526,64.16359115076595
2,0.0815613574561193,1,949.00052861,0,158.35942209430544,58.476960140043104,-57.86622133841416,89.74061007189225,64.68051950674817,33.71025138655492,63.94841066237501
