run,obj_vals,opt_converged,opt_runtime,is_best_vec,param_1,param_2,param_3,param_4,param_5,param_6,param_7
1,0.0836400286100004,1,215.727149096,0,110.95442835720156,95.2116662265011,-11.97370105033727,83.37651546887014,48.13389336115876,14.296113446627558,55.726132249215496
2,0.08335912284134013,1,420.206919835,1,103.48803874947846,97.18864353055545,-12.329981086225908,88.46700114043489,47.545696384569105,8.93569774357311,54.805470057205895
