run,obj_vals,opt_converged,opt_runtime,is_best_vec,param_1,param_2,param_3,param_4,param_5,param_6,param_7
1,0.08841633825739538,1,640.720502058,0,111.01527949971995,81.06380002245582,4.653108213336798,52.22192036319917,61.66242655141118,40.926042070377264,49.759589428196335
2,0.08840179657987296,0,3652.303020956,1,111.6818045860048,78.83406439466516,0.18829036397327337,50.789738742295434,74.98230796725785,31.83715097122541,50.02806034484046
