run,obj_vals,opt_converged,opt_runtime,is_best_vec,param_1,param_2,param_3,param_4,param_5,param_6,param_7
1,0.09030496467791307,1,201.54964938,0,85.90193906066813,44.95947177177239,-8.366485145800407,103.92358009895146,63.848643010834856,27.31130890161206,31.85008538609424
2,0.08948405711441036,1,635.785303851,1,84.15502398397597,45.33961787811998,-9.512169820097158,96.87327399377078,64.97130907594219,4.976223454833235,31.65134565631231
