run,obj_vals,opt_converged,opt_runtime,is_best_vec,param_1,param_2,param_3,param_4,param_5,param_6,param_7
1,0.08190244819833346,1,319.069911354,0,135.70503493756624,60.79484026008915,-28.069773674440256,88.90626531413172,126.5268596411308,31.653265338729366,54.38511663247747
2,0.08168065399325097,1,473.928145562,1,137.5601726555325,59.70057192673683,-29.08877648435493,77.53653143184752,298.4171627166597,29.922847878288405,54.648385059798535
