run,obj_vals,opt_converged,opt_runtime,is_best_vec,param_1,param_2,param_3,param_4,param_5,param_6,param_7
1,0.08116691610464538,1,609.658418832,0,139.89665941160368,73.36144220441274,-19.52808785459163,74.99834563309008,96.62897475108878,27.000263728042096,49.69667475124129
2,0.08105081688543399,1,487.595717656,1,140.45657078732216,72.83430893925771,-20.09338211000372,68.82713884329291,158.2849909634412,26.51521798647888,49.97405729463724
