run,obj_vals,opt_converged,opt_runtime,is_best_vec,param_1,param_2,param_3,param_4,param_5,param_6,param_7
1,0.08965240107538469,1,599.297839058,1,117.71727150770936,64.55899654786874,12.824351870889487,46.5077167496029,82.93735152955404,4.323251002840919,47.5901745835539
2,0.09210040524888119,1,324.013424261,0,119.85255247538414,64.65489195205932,8.275556614540807,38.04252053848563,76.8750747424399,1.0047779100520702,45.23579443651183
