run,obj_vals,opt_converged,opt_runtime,is_best_vec,param_1,param_2,param_3,param_4,param_5,param_6,param_7
1,0.08719275275507973,1,227.770256298,0,108.69067264334433,63.67495402999717,-12.878598912974999,158.49462611488445,50.90284315037808,27.971464521824945,37.434959582596136
2,0.08719189654858452,1,195.176128085,1,109.6942710456928,63.45904709443302,-12.770937972691641,157.4144776274909,51.4041085147821,28.746546574502727,37.44593483686171
