run,obj_vals,opt_converged,opt_runtime,is_best_vec,param_1,param_2,param_3,param_4,param_5,param_6,param_7
1,0.0877225867453374,1,270.312969796,1,107.34185423326127,63.94510280962264,-19.799869476541932,256.0572910976655,56.68287706798013,27.736607642929194,43.55936774114731
2,0.08791979946960711,1,451.514635431,0,109.5951163559928,63.00782361252331,-19.48696558362634,182.7239341735307,60.45881737825177,29.632297967069793,43.51186856570213
