run,obj_vals,opt_converged,opt_runtime,is_best_vec,param_1,param_2,param_3,param_4,param_5,param_6,param_7
1,0.08226169546542664,1,1121.351304882,1,109.64630261590464,66.90516916410027,-6.005971993834016,325.94365919151863,37.52118870096789,24.024969761724606,52.79379792130149
2,0.08229162157090977,1,285.213170408,0,108.6816297129524,67.61582274646318,-5.6765963256380285,304.56793282866727,36.660460335434784,27.357361094028175,52.5588669076371
