run,obj_vals,opt_converged,opt_runtime,is_best_vec,param_1,param_2,param_3,param_4,param_5,param_6,param_7
1,0.09569770910132858,1,704.526462805,0,148.6741071036997,77.3811777643379,-14.554675649579043,56.235166245126095,126.60068494709826,18.226056129257287,49.124210083872704
2,0.09569758758999314,1,983.689313039,1,148.38182452291016,77.44313729822079,-14.652766168749462,56.31512679148759,126.79068800341818,18.22652215574606,49.094436616709785
