run,obj_vals,opt_converged,opt_runtime,is_best_vec,param_1,param_2,param_3,param_4,param_5,param_6,param_7
1,0.0575878710550339,1,451.839492705,0,23.00742130532855,110.81892679794186,-0.5577824889443165,27.637875167209636,57.02513880102133,3.110972149632678,41.83138471859115
2,0.05753284410120392,1,322.606676656,1,23.62915674976598,110.78181885451647,-0.5105555980179312,27.85343723721784,58.76146503998998,3.045054317854053,42.32314192785035
3,0.05790225692983712,1,276.169167482,0,28.695019118333263,106.06385025107619,0.017986741590691028,28.14401163019622,58.733050079234,2.972374044111759,44.55414673260792
4,0.06003915067427824,1,307.267642219,0,27.425457392395217,104.66981012027915,-0.6518698316619075,29.845310666299586,60.593950096180784,1.1230066566439552,34.5959074436994
