run,obj_vals,opt_converged,opt_runtime,is_best_vec,param_1,param_2,param_3,param_4,param_5,param_6,param_7
1,0.07393266646520975,1,758.305772392,1,128.72075281682237,55.36504399573551,-6.413014484317092,109.30887392315945,37.02841304021541,32.11529723631931,45.26102275824919
2,0.07438418697973263,1,419.318503159,0,124.92650579604536,56.713848038550985,-6.544816973104873,98.28746659611141,49.94809226544618,43.02295521851908,45.0977659098325
