run,obj_vals,opt_converged,opt_runtime,is_best_vec,param_1,param_2,param_3,param_4,param_5,param_6,param_7
1,0.09015875468504826,1,197.200377817,0,168.68472515842436,80.84898983978067,17.96312098355742,57.01861350162205,102.93571216633715,4.645275820226623,47.80707429607991
2,0.08998414501300174,1,220.170364608,1,143.06650238181209,83.87663130530416,-3.5722622987191963,58.13201975316368,109.07627413817032,1.0618831447321484,40.29050101274423
