run,obj_vals,opt_converged,opt_runtime,is_best_vec,param_1,param_2,param_3,param_4,param_5,param_6,param_7
1,0.09637483933029645,1,984.371067777,1,370.1022060549493,0.0,8.300227564149495,199.77999625304227,86.40199000693956,1.0000081429476255,83.80484048592592
2,0.09746894171952414,1,252.836956334,0,299.3695138654073,2.112167938294176,-19.412277095697885,180.60355712369426,115.28274062772225,1.1632756705565162,84.23206893311763
