run,obj_vals,opt_converged,opt_runtime,is_best_vec,param_1,param_2,param_3,param_4,param_5,param_6,param_7
1,0.08690824065137687,1,4808.488479223,1,400.3326655231033,0.0,23.23096600700615,91.21428313093685,57.302912354194305,13.985535169084645,77.47620675242489
2,0.08690857760793687,1,4045.390172439,0,400.4428577455441,0.0,23.20973664958269,91.19782753653719,57.29994940184846,14.001124178194537,77.54250193381662
