run,obj_vals,opt_converged,opt_runtime,is_best_vec,param_1,param_2,param_3,param_4,param_5,param_6,param_7
1,0.08772886406147458,1,845.35878675,1,500.0,0.08397337062063916,6.652254517404909,104.5501445486309,58.39394369960934,16.857889847392364,78.47847397325451
2,0.08775830435746482,1,481.77377621,0,500.0,0.12614927742343301,7.062016618711122,105.27112561067362,57.87058241250751,22.872985421469156,78.38596135924277
