{
    "fe_w2": 0.0,
    "delta": 0.9,
    "mu": 57.2959693223335,
    "fe_late": 0.0,
    "fe_w1": 0.0,
    "fe_w3": 0.0,
    "beta_e": 723.6432189225234,
    "prob_respond_alpha": 1.0,
    "gamma_01_factor": 1.0,
    "fe_w4": 0.0,
    "sigma_dt": 15.005981947430637,
    "alpha": 456.51500327651485,
    "fe_early": 2.6151154410396966,
    "beta_l": 1000.144912653223,
    "gamma": 94.10338727936237,
    "prop_to_wage": 0.0
}
