{
    "fe_w2": 0.0,
    "delta": 0.9,
    "mu": 51.71611213279264,
    "fe_late": 0.0,
    "fe_w1": 0.0,
    "fe_w3": 0.0,
    "beta_e": 371.2229064555679,
    "prob_respond_alpha": 1.0,
    "gamma_01_factor": 1.0,
    "fe_w4": 0.0,
    "sigma_dt": 1.0,
    "alpha": 590.1346465004875,
    "fe_early": -11.493303141003917,
    "beta_l": 384.26057744675836,
    "gamma": 68.89846027962311,
    "prop_to_wage": 0.0
}
