run,obj_vals,opt_converged,opt_runtime,is_best_vec,param_1,param_2,param_3,param_4,param_5,param_6,param_7
1,0.05409619247989142,1,273.60859224,0,114.40930422735332,30.747732286301,-3.998589514418717,68.72679331577804,32.646994191555486,16.55449519646704,21.6083965362822
2,0.054096138833810245,1,293.180182087,1,114.53893851044727,30.704231894162877,-4.019077295648836,68.74049702834905,32.64012390382519,16.54151172655823,21.633324911893837
3,0.054096241782875795,1,300.180899349,0,114.5677334344184,30.703984291358754,-4.012252361206355,68.85204614602047,32.66550838941716,16.561104047164342,21.63279816689384
4,0.054096183740001254,1,406.713017945,0,114.53142618076117,30.713869965734947,-4.018992707485802,68.78804939654164,32.6291852765012,16.542584810460006,21.63282459877085
