run,obj_vals,opt_converged,opt_runtime,is_best_vec,param_1,param_2,param_3,param_4,param_5,param_6,param_7
1,0.08289311931937379,1,540.059769594,0,125.0688732413181,67.72672433638753,-16.70329903145192,48.61555432254045,48.13299727852797,13.433067187296691,68.67601188321608
2,0.08289311652609223,1,646.225538373,1,125.17375394882309,67.69192628607729,-16.675633133338856,48.623733790288526,48.13819560676456,13.43280030689172,68.68190670299035
