run,obj_vals,opt_converged,opt_runtime,is_best_vec,param_1,param_2,param_3,param_4,param_5
1,0.08671243146367154,1,53.667696287,0,264.2507658360408,94.74278272617562,65.30625482854691,25.860836002297326,63.12798740427248
2,0.08671239633874787,1,74.309099966,1,264.0628761180362,94.84536471012531,65.29200791232394,25.878112647347372,63.10299352058848
