run,obj_vals,opt_converged,opt_runtime,is_best_vec,param_1,param_2,param_3,param_4,param_5,param_6,param_7
1,0.08755740630979685,1,317.100655541,0,93.6014535126226,51.35853905952386,1.3974480904197304,44.1586396443453,79.91343461453394,5.565162677204514,34.79838953904674
2,0.08755589662976293,1,393.27071669,1,94.43300727007863,50.78969858540703,1.4566668067844004,44.41078779455224,77.46941463236716,5.749991146397346,34.762214694108295
