run,obj_vals,opt_converged,opt_runtime,is_best_vec,param_1,param_2,param_3,param_4,param_5,param_6,param_7
1,0.07379881048137811,1,557.041275444,1,137.9152092282181,73.40137441166306,26.00684747425771,149.8757976714947,109.64526547010782,45.95094120034436,42.13391714674521
2,0.07395479398026965,0,7241.717580699,0,126.3980192351383,73.8855190874904,20.319511999960906,129.33397453253872,93.58760536471831,38.03234449752608,40.62672410425404
