run,obj_vals,opt_converged,opt_runtime,is_best_vec,param_1,param_2,param_3,param_4,param_5,param_6,param_7
1,0.07406735062292415,0,7242.149059833,0,124.47323308844946,80.87394946796215,25.989584036278163,172.54842847329422,139.4937636962513,75.00579767180335,45.87239974009627
2,0.07403330829906508,0,7237.830307673,1,121.30626957601359,81.60662196293907,25.39889453611102,185.096851167425,152.0718921561243,84.91020478666042,45.580019026821326
