run,obj_vals,opt_converged,opt_runtime,is_best_vec,param_1,param_2,param_3,param_4,param_5,param_6,param_7
1,0.07480193981029601,1,575.199563355,1,209.47770785001038,35.51453506151766,-98.97647937048737,114.77792279399037,75.0420165427028,25.5686033162463,58.96653787234629
2,0.0942346161136503,0,7257.953207381,0,129.49600366127174,117.36517408847246,0.9241641814339182,56.74620440294311,73.18266321770574,31.863879990427677,15.36138661213885
