run,obj_vals,opt_converged,opt_runtime,is_best_vec,param_1,param_2,param_3,param_4,param_5,param_6,param_7
1,0.08518998912645348,0,3644.700705956,1,167.60961333222733,99.57716557832283,11.313590030057407,54.19272747687283,45.227216342529466,15.903436052617735,43.85813766322359
2,0.08520250196725931,1,915.619882816,0,165.96971411292466,100.24280300404011,11.103498823966369,54.39577506068067,45.1557888003918,15.906336448959399,43.65310740659283
