run,obj_vals,opt_converged,opt_runtime,is_best_vec,param_1,param_2,param_3,param_4,param_5,param_6,param_7
1,0.08345505866513234,1,217.093402761,0,171.9214992897428,111.47283226802709,10.440338160348348,52.64902231975504,46.52726728345601,12.734259310058405,49.06598984350635
2,0.0834550576046293,1,200.569341117,1,172.1927442837822,111.42376260637361,10.526831899449599,52.677881177604554,46.53333636034152,12.729072916855579,49.09606811291809
