run,obj_vals,opt_converged,opt_runtime,is_best_vec,param_1,param_2,param_3,param_4,param_5,param_6,param_7
1,0.07732408067943979,1,242.319857899,1,104.679463491582,93.04258360837825,15.222797915394882,54.458230879352094,57.8548196030787,11.462117545790084,39.52167477861272
2,0.07743569564636676,1,405.431188422,0,105.16273841389636,92.91833646258296,15.266714626753071,55.06413955584057,56.50374759830975,12.0815367476833,39.62500516058587
