run,obj_vals,opt_converged,opt_runtime,is_best_vec,param_1,param_2,param_3,param_4,param_5,param_6,param_7
1,0.08121310661461284,1,337.514384598,1,142.42327572352235,60.52194155040778,3.181112459030688,88.7048894428428,99.94815038384579,1.0336197474134254,50.85836119979273
2,0.08181111327495745,1,368.165321654,0,149.90958671543277,61.187498292578816,7.794115478034047,90.45874912639557,96.72307232118173,8.672013059109512,56.33784857338003
