{
    "fe_w2": 0.0,
    "delta": 0.9,
    "mu": 46.881958255985815,
    "fe_late": 0.0,
    "fe_w1": 0.0,
    "fe_w3": 0.0,
    "beta_e": 448.9481618515033,
    "prob_respond_alpha": 1.0,
    "gamma_01_factor": 1.0,
    "fe_w4": 0.0,
    "sigma_dt": 41.19807071148579,
    "alpha": 240.0638422125749,
    "fe_early": -10.730461144757797,
    "beta_l": 601.7621792010833,
    "gamma": 76.10169700269509,
    "prop_to_wage": 0.0
}
