run,obj_vals,opt_converged,opt_runtime,is_best_vec,param_1,param_2,param_3,param_4,param_5,param_6,param_7
1,0.08295845041501568,1,2469.950134424,0,172.98890733457014,76.63526696371115,-26.312573232159895,112.78472703417071,48.44278251169064,37.01661922272188,54.85173254772299
2,0.08295821984647064,1,400.152702765,1,172.33011874968503,76.74611299089177,-26.5192246927627,112.31309613773396,48.20269564790338,37.942250658016874,54.76724816490731
