run,obj_vals,opt_converged,opt_runtime,is_best_vec,param_1,param_2,param_3,param_4,param_5,param_6,param_7
1,0.08664821470136191,1,562.979192648,0,145.44638031615892,54.65308981625096,-10.338142700646738,111.41664861178558,40.55781379755023,32.28703956470856,74.91788930129178
2,0.08664821470136154,1,607.329081579,1,145.44637912071966,54.65309013071111,-10.338144297185645,111.41669012880007,40.55781757077163,32.28703969006945,74.91789053344576
