run,obj_vals,opt_converged,opt_runtime,is_best_vec,param_1,param_2,param_3,param_4,param_5,param_6,param_7
1,0.0923643329877782,1,536.742640909,1,136.56360519615686,68.12499119602406,-10.364535189673322,135.3754156100476,43.11596858402145,41.54617379350101,30.329392642729992
2,0.09236469536592999,0,3642.633704836,0,137.35816568083183,67.93016297329316,-9.228248551537211,137.0460029777335,43.63084688194799,42.27497799505348,30.272517184049033
