run,obj_vals,opt_converged,opt_runtime,is_best_vec,param_1,param_2,param_3,param_4,param_5,param_6,param_7
1,0.09050660080192552,1,693.782640494,0,169.28353469507587,60.07461760465832,-17.786861511370375,153.36247645727792,48.66901858592861,48.016804130399905,35.701555040503415
2,0.09050638641597279,1,784.749748835,1,168.98154409550946,60.19557039985526,-17.933044004172213,152.9809185482568,48.582046847683415,47.52520758016171,35.66907564540035
