run,obj_vals,opt_converged,opt_runtime,is_best_vec,param_1,param_2,param_3,param_4,param_5,param_6,param_7
1,0.0708685837163139,1,1035.503540802,1,77.4488602251466,75.16086528892359,-44.53250616699617,78.01205861135253,67.4310942934639,16.302333415314436,56.14529667277483
2,0.07093095183312748,1,929.252875991,0,77.19402651917713,74.87734472027556,-45.04961963942814,75.0315908644724,68.90637078756744,15.97242704948694,56.194732998386854
