run,obj_vals,opt_converged,opt_runtime,is_best_vec,param_1,param_2,param_3,param_4,param_5,param_6,param_7
1,0.07091268171923046,1,489.033670517,0,85.34588966765868,79.26712883605514,-38.190008716486744,56.89830809290385,66.3290618846929,18.81588397143755,55.22384028920971
2,0.07089337481454529,1,484.071838721,1,85.94915393658276,79.53208317952969,-38.07461085875497,57.264501954603574,66.36206474225062,18.572315057573604,55.62209497729185
