run,obj_vals,opt_converged,opt_runtime,is_best_vec,param_1,param_2,param_3,param_4,param_5,param_6,param_7
1,0.08512972138971371,1,896.592081706,0,129.7451182386151,76.21764260467462,9.511893484376904,278.8635480242686,83.41727429677462,131.088490369838,41.71120362702235
2,0.08497612706274527,1,504.997969403,1,125.88666912985897,76.56597058519813,8.395199952989207,522.7594925949966,85.80278201256456,152.96962053608456,41.57928851149955
