run,obj_vals,opt_converged,opt_runtime,is_best_vec,param_1,param_2,param_3,param_4,param_5,param_6,param_7
1,0.08494944542643897,1,1120.14430543,1,107.96297647968774,88.21970742268978,13.226814777572013,399.96606275790583,109.33192642257154,326.7849900422935,46.656506680792525
2,0.08495521656596627,1,538.94722412,0,107.86287199723978,88.24559120742394,13.24600027139879,396.39340702067784,109.34381347917866,329.4048340221119,46.68069143278339
