run,obj_vals,opt_converged,opt_runtime,is_best_vec,param_1,param_2,param_3,param_4,param_5,param_6,param_7
1,0.07657070224239498,1,195.135472672,0,59.45259297738908,53.02986928530561,-4.37746771204742,36.35016229187801,55.31322981690695,7.124527574066329,38.35826166007761
2,0.07634146298365987,1,554.337299825,1,59.5653539906018,53.75875349040017,-3.8208496555638702,34.68592232508945,65.32792406715745,9.585892137324619,38.53073592948444
