run,obj_vals,opt_converged,opt_runtime,is_best_vec,param_1,param_2,param_3,param_4,param_5,param_6,param_7
1,0.06093199206097769,1,217.697197571,0,148.4843046171737,108.30882020697753,-3.516549301121002,81.42318138098602,58.613620755024876,4.679429602695375,53.47281693348034
2,0.06091405127986251,1,606.494898231,0,142.206480582475,110.91123451183466,-3.3467224133371842,77.86997072375159,58.1053099757777,5.15879634215058,52.854364834842436
3,0.060907409331103314,1,746.691708509,1,143.95777088538142,109.75301581296661,-3.4544053560546333,78.45567359597484,58.476298968464164,5.240760043695815,52.79212545373234
4,0.06094214722883783,1,262.902764463,0,157.83635482491565,106.2061121209366,-3.36270763157046,84.6030446741361,58.52626399127963,5.1776591171977735,54.7514075203794
