run,obj_vals,opt_converged,opt_runtime,is_best_vec,param_1,param_2,param_3,param_4,param_5,param_6,param_7
1,0.08215028863860992,1,1276.283661562,0,70.15480465194231,128.0640566506106,-1.8860620966548707,46.63529955117721,55.15152251507858,19.415559776690245,39.08126549613087
2,0.08202996345887459,1,2558.511692454,1,71.6689666225814,128.08256195915135,-1.2350959154226784,48.79828627279402,54.36258058657294,20.527709861085064,39.420882479355434
