run,obj_vals,opt_converged,opt_runtime,is_best_vec,param_1,param_2,param_3,param_4,param_5,param_6,param_7
1,0.08932828557027765,1,420.503957788,1,50.51109112632938,96.78904203490019,-4.343127779366148,113.6489824439446,95.67173793570176,4.734779938157329,58.747724340455505
2,0.0900390142585254,1,390.478985471,0,84.17221726539306,85.79670428737707,1.5566947125987907,119.3381398578934,77.26088312571419,7.03123174214283,66.16033699123368
