run,obj_vals,opt_converged,opt_runtime,is_best_vec,param_1,param_2,param_3,param_4,param_5,param_6,param_7
1,0.07425298429676631,1,255.458151638,1,110.65711774841098,103.42813498492968,-3.377642108360543,67.90661708474963,81.50145691400503,15.642526130296504,61.83712626690126
2,0.07436722278250868,1,320.300223328,0,125.88346944373879,97.14294102120348,-1.4780502379178209,70.51145912177341,85.23306781237942,16.581374431784948,64.42957626294509
