run,obj_vals,opt_converged,opt_runtime,is_best_vec,param_1,param_2,param_3,param_4,param_5,param_6,param_7
1,0.0752824089777373,1,508.680246525,0,109.45624617863663,111.92355835453594,-5.94409682719013,55.563059806913174,70.93817624842292,17.819994414010637,57.62044990934085
2,0.07528240884707617,1,424.092023343,1,109.45566548792293,111.92356703425244,-5.944146761486087,55.56289796312115,70.94504038531801,17.817160078318405,57.62042438423231
