run,obj_vals,opt_converged,opt_runtime,is_best_vec,param_1,param_2,param_3,param_4,param_5,param_6,param_7
1,0.08812269405822742,1,880.044472628,0,146.53039774358606,94.99870962032641,19.92402772264122,67.60664670297034,68.86967164339664,15.730817307210053,48.15078805595158
2,0.08812054176577308,1,852.336874708,1,151.0602928427432,93.96306682154601,20.437608836620356,67.9671490091266,69.16368795376893,15.65920001351186,48.72219266672647
