run,obj_vals,opt_converged,opt_runtime,is_best_vec,param_1,param_2,param_3,param_4,param_5,param_6,param_7
1,0.08807718604070856,1,338.981900735,0,102.06208436803966,89.00099586499601,13.403600574989534,61.506455011142585,72.88026236549595,12.871026216733275,42.80644764064242
2,0.08798611492487335,1,457.649174892,1,115.72132387651497,85.91725527953302,14.955173973529746,65.6822696736821,65.59782506955699,12.34825532457603,45.26182331747728
