run,obj_vals,opt_converged,opt_runtime,is_best_vec,param_1,param_2,param_3,param_4,param_5,param_6,param_7
1,0.07139767172444944,1,910.230264231,1,112.15282407695959,69.91583325926607,-5.618307212169997,102.62602383125066,46.21013220645211,59.62631756926855,54.47248851862013
2,0.07139767172447734,1,827.95693728,0,112.15281911576263,69.91584266573435,-5.61829235661765,102.62596588231685,46.210149813155105,59.62642072075582,54.472483537104615
