run,obj_vals,opt_converged,opt_runtime,is_best_vec,param_1,param_2,param_3,param_4,param_5,param_6,param_7
1,0.07203083968484329,0,3642.82659147,0,122.4151307854514,64.11762126032696,-8.14112960766348,88.771353404343,47.00508997678033,55.80815186621983,51.420114318116504
2,0.07203083692468976,1,1325.792458011,1,122.37011968290345,64.10173766641671,-8.188413411686193,88.67645028627166,46.96904165453843,55.75485818191206,51.424437831315885
