run,obj_vals,opt_converged,opt_runtime,is_best_vec,param_1,param_2,param_3,param_4,param_5,param_6,param_7
1,0.07895331826328865,1,643.278508299,1,217.8587632389633,51.28736969724191,-19.46248207178293,65.046543196167,53.58539603654411,15.474752677235939,58.68905739786567
2,0.07895351931149992,1,352.50679775,0,216.89098122655338,51.62994764851704,-19.278986843465844,64.94525775173192,53.515133475399985,15.468988642896827,58.60590744769539
