run,obj_vals,opt_converged,opt_runtime,is_best_vec,param_1,param_2,param_3,param_4,param_5,param_6,param_7
1,0.0755999458896339,1,221.823027252,0,121.36620868132279,89.95686374785502,-21.902566410167662,83.51883288791484,43.57384769808635,9.827482226332352,52.32039564875609
2,0.07559970444643269,1,351.985168452,1,120.63057323634644,90.09865362005984,-22.09323125498683,83.4676203546605,43.5572732085101,9.806269093676104,52.22084039361999
