{
    "fe_w2": 0.0,
    "delta": 0.9,
    "mu": 38.787251935299125,
    "fe_late": 0.0,
    "fe_w1": 0.0,
    "fe_w3": 0.0,
    "beta_e": 368.297629972402,
    "prob_respond_alpha": 1.0,
    "gamma_01_factor": 1.0,
    "fe_w4": 0.0,
    "sigma_dt": 12.818326953190184,
    "alpha": 424.8792037934496,
    "fe_early": 11.993079046815696,
    "beta_l": 1706.6030212003675,
    "gamma": 96.76737215234998,
    "prop_to_wage": 0.0
}
