run,obj_vals,opt_converged,opt_runtime,is_best_vec,param_1,param_2,param_3,param_4,param_5,param_6,param_7
1,0.0720993929667579,1,1240.845797063,1,146.1646162950575,99.66421826192638,23.45734605431614,84.90670308155775,48.173927633935484,48.056510055880274,43.92888991901223
2,0.0721011660663944,1,194.129224518,0,146.71471633352294,99.45237814929052,23.642933822530033,92.24012161902088,47.60162118328744,50.484684327607326,44.06530366548763
