run,obj_vals,opt_converged,opt_runtime,is_best_vec,param_1,param_2,param_3,param_4,param_5,param_6,param_7
1,0.0710276757543053,1,155.545278869,1,153.87204379446723,93.99167331135902,25.624433259455948,135.44649359445037,49.253836721286355,57.52029918189403,50.938925607067326
2,0.07104042704418237,1,274.815815373,0,157.5958309743653,92.46997179600112,26.09247902796389,122.0933293800744,49.20257202139115,57.84434811896797,51.210232412085816
