run,obj_vals,opt_converged,opt_runtime,is_best_vec,param_1,param_2,param_3,param_4,param_5,param_6,param_7
1,0.07856179725771731,1,2299.40868916,0,132.00329899288184,90.1511675786753,6.116697655309624,47.5838113261895,60.75556508491363,13.944007622328852,64.1355308106165
2,0.0783131168693684,1,1364.599281001,1,130.62849732913176,89.69007707824345,6.056554657752288,46.29331503435279,117.13569437113752,11.750968990682189,64.37034946896605
