run,obj_vals,opt_converged,opt_runtime,is_best_vec,param_1,param_2,param_3,param_4,param_5,param_6,param_7
1,0.07887124671278462,0,3652.169232933,0,108.93771395754534,90.89008666295157,6.46851427182536,55.19988097317086,67.66039210999575,8.798472548622847,64.17626456767796
2,0.0785974188365418,0,3622.354151538,1,124.23104813311993,85.53786716466401,7.092526070631316,54.79181154339869,64.71037645202999,9.16113783207084,67.45125655327698
