run,obj_vals,opt_converged,opt_runtime,is_best_vec,param_1,param_2,param_3,param_4,param_5,param_6,param_7
1,0.068046987031229,1,631.086759213,1,77.59489510988197,52.77676004673824,0.6245970545117927,52.35770243208455,62.38222198250518,12.159380948616054,32.14412142362769
2,0.06805124429432702,1,476.821405775,0,78.04926076056663,52.618504437640375,0.8073412184737178,52.14186241435868,62.813129322767374,12.5077529578353,32.15093453092677
