run,obj_vals,opt_converged,opt_runtime,is_best_vec,param_1,param_2,param_3,param_4,param_5,param_6,param_7
1,0.09191096784684667,1,384.079680057,1,68.34856869968236,108.95727383624762,-12.938456018808399,92.67173585590247,69.57873719594643,6.421359844714608,45.29706504393504
2,0.09193218001822395,1,293.37343898,0,69.26949386330014,108.46243855454202,-13.19937463072392,88.75237563161141,66.138611934585,6.136652562656192,46.01908383411622
