run,obj_vals,opt_converged,opt_runtime,is_best_vec,param_1,param_2,param_3,param_4,param_5,param_6,param_7
1,0.09253693519217185,1,528.049776604,1,64.8940901367891,120.4852092742224,-8.051902310058919,59.08797652182555,69.32509088033491,20.1569688495057,38.04592484044392
2,0.09254965116352665,1,595.544313304,0,64.48560901721036,120.66182571306099,-8.018267239904986,57.59302446971705,66.77455997860527,18.897650981551283,37.98632310232423
