{
    "fe_w2": 0.0,
    "delta": 0.9,
    "mu": 62.83748605565856,
    "fe_late": 0.0,
    "fe_w1": 0.0,
    "fe_w3": 0.0,
    "beta_e": 330.06731617447804,
    "prob_respond_alpha": 1.0,
    "gamma_01_factor": 1.0,
    "fe_w4": 0.0,
    "sigma_dt": 9.231909674675777,
    "alpha": 618.3629493257251,
    "fe_early": -5.658976176871046,
    "beta_l": 454.31522249208155,
    "gamma": 78.8721957083959,
    "prop_to_wage": 0.0
}
