run,obj_vals,opt_converged,opt_runtime,is_best_vec,param_1,param_2,param_3,param_4,param_5,param_6,param_7
1,0.0724036293338703,1,186.397289171,0,218.72192061189924,40.58788204829979,14.389123438768051,77.67665709551727,94.1441317039178,38.9889577290447,51.836744112331154
2,0.07236981477316405,1,209.345629301,1,219.59483098611727,40.78799633160593,14.667153074559433,81.26456633422129,91.4515886904118,34.35143594068284,51.78415155947396
