run,obj_vals,opt_converged,opt_runtime,is_best_vec,param_1,param_2,param_3,param_4,param_5,param_6,param_7
1,0.07403431580116114,1,303.194162785,0,180.31056319268765,68.8440074380278,10.81504400598396,64.9711262375621,66.54949844119774,30.5503160502777,48.822011273149336
2,0.07394162440102571,1,273.97222656,1,201.30582354692535,61.69016221937113,13.519543535172403,65.97922593666918,67.32751924904483,32.82326084830676,50.80885287657212
