iteration,param_1,param_2,param_3,param_4,param_5,param_6,param_7
1,70.93229778114387,75.87944045103848,0.0,40.72404857379452,30.106685295537456,24.606474845533768,22.354619344450324
2,52.44082733320128,57.681170608864775,0.0,71.74478574104829,55.33788899181265,29.60536003909876,34.51788294848419
3,109.07643346739786,106.76183786549251,0.0,67.1149178437845,43.81239494222622,14.98980156107538,16.40212029173826
4,117.79170659058886,58.044544788966626,0.0,26.508195074379355,35.67598919917101,13.164434924876286,18.964347208292
