run,obj_vals,opt_converged,opt_runtime,is_best_vec,param_1,param_2,param_3,param_4,param_5,param_6,param_7
1,0.08193307790076076,1,469.459020953,0,50.64951971249201,89.80605168727378,8.098753651299486,37.0332655361607,37.869736851490565,19.481792064279546,30.798176284619448
2,0.08193306589397732,1,413.578093721,1,50.55084660687656,89.8322922033956,8.081802727622218,37.01417190010814,37.90409782657472,19.474178642356108,30.779756507821176
