run,obj_vals,opt_converged,opt_runtime,is_best_vec,param_1,param_2,param_3,param_4,param_5,param_6,param_7
1,0.08219947012893916,1,414.173008036,0,34.81841675384936,98.98788749316236,4.9934546842786,31.04063591487148,36.470470273669214,13.598647004943716,29.50111726545132
2,0.0821991110857041,1,404.825725932,1,34.728504901101935,99.05501556952345,5.0063119441451045,31.1107513805582,36.54009305350491,13.625202261461919,29.447536620719347
