run,obj_vals,opt_converged,opt_runtime,is_best_vec,param_1,param_2,param_3,param_4,param_5
1,0.08320405342426991,1,142.215534872,0,254.77277790961645,139.51227208585186,69.01914070705115,32.69159106263964,76.03294479603221
2,0.08320368954055204,1,189.154255087,1,255.32962941628116,140.12765699348108,69.37911422994996,32.72479348786816,76.10331100780236
