run,obj_vals,opt_converged,opt_runtime,is_best_vec,param_1,param_2,param_3,param_4,param_5,param_6,param_7
1,0.06607783337243286,1,239.7416399,0,91.2907320951222,78.95923670782605,1.354201353369873,66.51379326109793,68.34252710058766,18.38887216882732,38.512948688116154
2,0.06607750705224147,1,1323.840827166,1,91.35847477398029,79.15153997087835,1.3739390064744017,66.58191747816697,72.35214243071638,17.132480659222182,38.57455985038849
