run,obj_vals,opt_converged,opt_runtime,is_best_vec,param_1,param_2,param_3,param_4,param_5,param_6,param_7
1,0.06523702753431718,1,340.146807121,1,77.16166904833331,84.19227393958626,2.64310568905241,64.49301393027832,86.1145074049681,14.612390253981136,37.02641826111888
2,0.06548182168171017,1,363.073450977,0,75.3638046855903,83.8972662771451,1.6452465309618642,60.15420732768096,177.84049072331106,14.905244821334595,36.26550035548677
