{
    "fe_w2": 0.0,
    "delta": 0.9,
    "mu": 46.825333646823374,
    "fe_late": 0.0,
    "fe_w1": 0.0,
    "fe_w3": 0.0,
    "beta_e": 2456.543408955879,
    "prob_respond_alpha": 1.0,
    "gamma_01_factor": 1.0,
    "fe_w4": 0.0,
    "sigma_dt": 198.34150388780643,
    "alpha": 784.2159011242693,
    "fe_early": 31.244985222548696,
    "beta_l": 1654.9611373747312,
    "gamma": 73.38151151156912,
    "prop_to_wage": 0.0
}
