obj_vals,opt_results,opt_runtime,param_1,param_2,param_3,param_4,param_5,param_6,param_7
0.08211449972289905,1,878.683058497,88.49888291663196,87.74163463821701,8.782116463287728,74.52319824841592,49.154527743075946,21.293542851496685,54.48981258158065
