obj_vals,opt_results,opt_runtime,param_1,param_2,param_3,param_4,param_5,param_6,param_7
0.08211448483873131,1,509.674131405,88.47554369718523,87.73590300174543,8.771386123100278,74.54692835457037,49.17395046361365,21.317264550421807,54.48417711608377
