obj_vals,opt_results,opt_runtime,param_1,param_2,param_3,param_4,param_5,param_6,param_7
0.08211437020573278,1,467.524384412,88.37637936005024,87.77576135129652,8.76612197076932,74.52314020831808,49.15288089958926,21.301542846748486,54.454547627776805
