obj_vals,opt_results,opt_runtime,param_1,param_2,param_3,param_4,param_5,param_6,param_7
0.08211460761562125,1,1099.317497684,88.59359322108537,87.71343383472679,8.792486620987468,74.53186033889203,49.16606374935936,21.304611599589624,54.517086825387366
