obj_vals,opt_results,opt_runtime,param_1,param_2,param_3,param_4,param_5,param_6,param_7
0.08211455150571503,1,959.074020726,88.54507918876874,87.72987457757426,8.787324450498824,74.52750623245512,49.158128240855724,21.292041889428294,54.50367506770804
