obj_vals,opt_results,opt_runtime,param_1,param_2,param_3,param_4,param_5,param_6,param_7
0.08211452390085235,1,1642.368975085,88.52112550190621,87.73599032517839,8.785002948464028,74.52935210812109,49.160532926858686,21.298919794238916,54.49618462244827
