obj_vals,opt_results,opt_runtime,param_1,param_2,param_3,param_4,param_5,param_6,param_7
0.08211384576345916,1,592.0423699,87.64210852536345,87.96807378262866,8.67529367494191,74.51896152425388,49.123127526642705,21.296215100785663,54.23274699511164
