obj_vals,opt_results,opt_runtime,param_1,param_2,param_3,param_4,param_5,param_6,param_7
0.08212233915980766,1,715.738205676,83.2676403456676,89.16705137339973,8.192371241209829,74.1438638676241,48.98718853595097,21.22355693401726,52.859194764228945
