obj_vals,opt_results,opt_runtime,param_1,param_2,param_3,param_4,param_5,param_6,param_7
0.08211455620737564,1,1260.107100849,88.54884006976503,87.7276999713493,8.78792102821941,74.53358902990922,49.16679267015076,21.3085174389247,54.50463250684519
