obj_vals,opt_results,opt_runtime,param_1,param_2,param_3,param_4,param_5,param_6,param_7
0.08211464928636834,1,514.470264155,87.73397991421092,88.13071182026101,8.646536462127761,74.74123917335163,49.17394559070344,21.087207570646186,54.432466174816945
