obj_vals,opt_results,opt_runtime,param_1,param_2,param_3,param_4,param_5,param_6,param_7
0.08211476729679752,1,592.772495479,88.71626900037407,87.70487286835002,8.806950457455692,74.5437974449381,49.17456678889243,21.298182631935248,54.57177927287711
