obj_vals,opt_results,opt_runtime,param_1,param_2,param_3,param_4,param_5,param_6,param_7
0.08212267400090059,1,2504.2618823,83.1636064402892,89.30728365454668,8.187719433886702,74.10463418585694,48.99543106280016,21.21787554693263,52.898285610128006
