obj_vals,opt_results,opt_runtime,param_1,param_2,param_3,param_4,param_5,param_6,param_7
0.08211476908174453,1,812.293683191,88.72422596670398,87.67780953531125,8.807108021015404,74.54271529784403,49.17434335978336,21.29819514315767,54.5578835654784
