obj_vals,opt_results,opt_runtime,param_1,param_2,param_3,param_4,param_5,param_6,param_7
0.08211788697723758,1,813.179714246,84.01461508137119,88.92822533382032,8.312203653626627,74.26104293499337,48.76952624714986,21.02280461852369,53.02853683625191
