obj_vals,opt_results,opt_runtime,param_1,param_2,param_3,param_4,param_5,param_6,param_7
0.08211406144034626,1,677.602207607,87.9519365510756,87.95693046503617,8.711658398733698,74.52082534549734,49.135307761128615,21.2976677405081,54.37748562978388
