obj_vals,opt_results,opt_runtime,param_1,param_2,param_3,param_4,param_5,param_6,param_7
0.08211942168535859,1,988.982737915,84.43560166569732,89.002351629389,8.337193244909368,74.17287243280613,48.983400298474876,21.226408607418612,53.32349999342236
