obj_vals,opt_results,opt_runtime,param_1,param_2,param_3,param_4,param_5,param_6,param_7
0.08211406044158925,1,640.184366247,87.76387415752025,87.94922375407137,8.685546163808004,74.60927746807262,49.11388161753118,21.11146443957989,54.280301333927255
