obj_vals,opt_results,opt_runtime,param_1,param_2,param_3,param_4,param_5,param_6,param_7
0.0821145950587958,1,1105.718901742,88.58154127990434,87.71816368094328,8.791314130316742,74.54356018391691,49.17181040669592,21.304770413293642,54.51463482685681
