obj_vals,opt_results,opt_runtime,param_1,param_2,param_3,param_4,param_5,param_6,param_7
0.08211457287834022,1,729.151701969,88.5598697614846,87.73537633027917,8.78628148998674,74.5265890828393,49.16167128771174,21.302911447088956,54.51864715864942
