obj_vals,opt_results,opt_runtime,param_1,param_2,param_3,param_4,param_5,param_6,param_7
0.0821297195306046,1,2995.800401686,81.39587342282131,89.72255762258209,7.985941268779697,73.9971274787274,48.963339815571224,21.116978952976172,52.28924469652625
