obj_vals,opt_results,opt_runtime,param_1,param_2,param_3,param_4,param_5,param_6,param_7
0.0821140704301445,1,912.306312162,88.03630770477152,87.86806640748834,8.735493305303557,74.536266469513,49.146203860895426,21.297088015701203,54.34246291903005
