obj_vals,opt_results,opt_runtime,param_1,param_2,param_3,param_4,param_5,param_6,param_7
0.08211473075058523,1,1127.839426746,88.69312381030831,87.68033244674649,8.79943878547928,74.53883247521927,49.17242612267659,21.301952040649088,54.54751217427675
