obj_vals,opt_results,opt_runtime,param_1,param_2,param_3,param_4,param_5,param_6,param_7
0.0821287151863771,0,3640.722316613,81.60410011423622,89.66971209706361,8.009596113586232,73.99192494005725,48.94410433886368,21.191377000353203,52.35858720599832
