obj_vals,opt_results,opt_runtime,param_1,param_2,param_3,param_4,param_5,param_6,param_7
0.08211901814199879,1,597.675651721,84.58746819900682,88.84345207661542,8.344179372197509,74.2299255357402,49.06738039785005,21.15718685443715,53.29872956708579
