obj_vals,opt_results,opt_runtime,param_1,param_2,param_3,param_4,param_5,param_6,param_7
0.08211672949849974,1,419.68969722,86.53262117045776,88.30032057126819,8.578613062993133,74.29110680660797,49.17041083391641,21.27427358673143,53.881963586545
