obj_vals,opt_results,opt_runtime,param_1,param_2,param_3,param_4,param_5,param_6,param_7
0.08211919684434496,1,582.093666225,84.48704082602518,88.8616882911266,8.335681765811536,74.16640673398602,49.00953477944798,21.229044063123865,53.25621054774477
