obj_vals,opt_results,opt_runtime,param_1,param_2,param_3,param_4,param_5,param_6,param_7
0.08215641926528519,1,270.98075173,91.55244798911507,86.85060760042848,9.104457830431171,77.03132175109157,47.49829075513448,20.605157975545648,55.386402538956425
