obj_vals,opt_results,opt_runtime,param_1,param_2,param_3,param_4,param_5,param_6,param_7
0.08213073366401881,1,2794.309925801,81.19006866535072,89.77789217299362,7.9646462914583855,73.99690366767592,48.94440899084864,21.109102760964095,52.220332348255425
