obj_vals,opt_results,opt_runtime,param_1,param_2,param_3,param_4,param_5,param_6,param_7
0.0821188000468568,1,1190.091095207,84.70132237438027,88.81199691585505,8.356544469178724,74.24283343670696,49.06835189192288,21.157438544966045,53.33426485103398
