obj_vals,opt_results,opt_runtime,param_1,param_2,param_3,param_4,param_5,param_6,param_7
0.08211462365293437,1,929.088079059,85.71780122695563,88.53543938190462,8.469775329639425,74.43303592109422,48.92873738521068,21.049478056873955,53.64999270507317
