obj_vals,opt_results,opt_runtime,param_1,param_2,param_3,param_4,param_5,param_6,param_7
0.08211434050640759,1,936.584296986,88.34652362474482,87.78983927876708,8.765129672922846,74.52818340345418,49.15241372273151,21.295076060320476,54.44740545892205
