obj_vals,opt_results,opt_runtime,param_1,param_2,param_3,param_4,param_5,param_6,param_7
0.08211374486984234,1,660.98460131,87.3346309306652,88.06986224645878,8.660517688313213,74.49676084596744,49.093032651728336,21.273761249173702,54.12988913476241
