obj_vals,opt_results,opt_runtime,param_1,param_2,param_3,param_4,param_5,param_6,param_7
0.08211525562508591,1,678.760637078,85.55048462457022,88.32370062652733,8.433064609997201,74.52363305770682,49.022154429671225,21.20769286536117,53.438062869800504
