obj_vals,opt_results,opt_runtime,param_1,param_2,param_3,param_4,param_5,param_6,param_7
0.08212117865927952,1,770.30589502,83.65866802650314,89.11799504841734,8.243153003759803,74.12642946247091,48.9947749369693,21.220923305413056,53.01668984489753
