obj_vals,opt_results,opt_runtime,param_1,param_2,param_3,param_4,param_5,param_6,param_7
0.08212036806875747,1,915.983204855,83.9658971687234,89.03102105122196,8.271215157335895,74.21784229504468,48.99944009208212,21.237934355370264,53.11859031659361
