obj_vals,opt_results,opt_runtime,param_1,param_2,param_3,param_4,param_5,param_6,param_7
0.08211383339965006,1,849.263517466,87.6246939248988,87.9729149749049,8.673571447474524,74.50149636350199,49.112457581941904,21.29387549862546,54.22642511738867
