obj_vals,opt_results,opt_runtime,param_1,param_2,param_3,param_4,param_5,param_6,param_7
0.08219370554398554,1,557.05218549,77.11179663469055,90.28674954726637,7.601562072283504,75.19061638390599,47.370994616774134,21.00717210088181,50.46911408120011
