obj_vals,opt_results,opt_runtime,param_1,param_2,param_3,param_4,param_5,param_6,param_7
0.08211719332624867,1,678.966039112,85.80074346056365,88.4802651289937,8.477274956915911,74.29891011658779,49.06702543292267,21.26045772710637,53.65815168072981
