obj_vals,opt_results,opt_runtime,param_1,param_2,param_3,param_4,param_5,param_6,param_7
0.08211461396046174,1,587.688502247,88.59879403722582,87.71103143934721,8.791978510998657,74.51794485792308,49.15701045909389,21.298575268716572,54.51855980405309
