obj_vals,opt_results,opt_runtime,param_1,param_2,param_3,param_4,param_5,param_6,param_7
0.08211461051924168,1,796.043314254,88.59433335996808,87.70551876683197,8.788755177192655,74.53041930536834,49.16772604198854,21.31119624938826,54.5157404377055
