obj_vals,opt_results,opt_runtime,param_1,param_2,param_3,param_4,param_5,param_6,param_7
0.08213412619350229,1,358.803615195,80.56993578102612,89.91563355488981,7.869739902511123,73.76426517918159,49.055617775884755,21.158813331939434,52.024785782707504
