obj_vals,opt_results,opt_runtime,param_1,param_2,param_3,param_4,param_5,param_6,param_7
0.0821146723323369,1,838.827513621,88.60677397362406,87.71187499951728,8.763671232047562,74.52231566862983,49.16027503084963,21.30062718156329,54.552611704752316
