obj_vals,opt_results,opt_runtime,param_1,param_2,param_3,param_4,param_5,param_6,param_7
0.08211965021911088,1,1487.034777541,84.28729555237616,88.94253805840663,8.324035296661764,74.3081571239209,49.07700139021999,21.26615603184866,53.213833564336504
