obj_vals,opt_results,opt_runtime,param_1,param_2,param_3,param_4,param_5,param_6,param_7
0.08211457588463981,1,791.488290027,88.56590321796274,87.72359262433763,8.78929767403232,74.53496512876136,49.16540521138441,21.300301867582302,54.51065379506308
