obj_vals,opt_results,opt_runtime,param_1,param_2,param_3,param_4,param_5,param_6,param_7
0.08211477000402563,1,992.053030068,88.7254972143864,87.67900776369255,8.80755644605929,74.54141079150043,49.17399424145957,21.299164637861455,54.55815506466875
