obj_vals,opt_results,opt_runtime,param_1,param_2,param_3,param_4,param_5,param_6,param_7
0.08211890660079707,1,863.155640965,84.69283088904466,88.73239091880139,8.373782386201965,74.33648581606565,49.04010034710483,21.26471454967557,53.256793899669375
