obj_vals,opt_results,opt_runtime,param_1,param_2,param_3,param_4,param_5,param_6,param_7
0.08211407888980589,1,1449.001405099,88.04570431149173,87.8727695166526,8.728554550604049,74.51921780834496,49.141493269971946,21.30832928011652,54.35971653066939
