obj_vals,opt_results,opt_runtime,param_1,param_2,param_3,param_4,param_5,param_6,param_7
0.08211415947304002,1,794.205501101,87.1423686743255,87.90673272899697,8.635934413794724,74.46722719650326,49.07004872692985,21.271286040486483,53.91835557300134
