obj_vals,opt_results,opt_runtime,param_1,param_2,param_3,param_4,param_5,param_6,param_7
0.08211474825746104,1,867.046710654,88.7079578646552,87.68110507405397,8.804757954581866,74.54329066349727,49.174184192787735,21.298087075047803,54.55196078205803
