obj_vals,opt_results,opt_runtime,param_1,param_2,param_3,param_4,param_5,param_6,param_7
0.08211493138388205,1,917.865670653,88.83800613704265,87.64551063577015,8.819565400564619,74.55412582829781,49.177203734314205,21.27661723199214,54.59157904180334
