obj_vals,opt_results,opt_runtime,param_1,param_2,param_3,param_4,param_5,param_6,param_7
0.08211392301292761,1,663.4739269,87.82173266734867,87.92651862605655,8.705254977807275,74.49906666093372,49.119248460515216,21.30171140116084,54.282728421417396
