obj_vals,opt_results,opt_runtime,param_1,param_2,param_3,param_4,param_5,param_6,param_7
0.08214657648350063,1,324.155712903,87.50813222877083,88.02431411543847,8.666171724037614,77.16383834458064,47.591683240602684,20.423004589576987,54.19704510732965
