obj_vals,opt_results,opt_runtime,param_1,param_2,param_3,param_4,param_5,param_6,param_7
0.0821163345160424,1,2674.22051941,84.51802472021731,88.87916962325573,8.352620763295327,74.31263284354999,48.88448207973741,21.235924044828632,53.27760083386975
