run,obj_vals,opt_converged,opt_runtime,is_best_vec,param_1,param_2,param_3,param_4,param_5,param_6,param_7
1,0.088065097047044,1,552.696902537,1,55.66546912135224,52.75001890931977,7.149287001021137,83.89007528517402,28.68092286054379,75.22889177993798,26.108036350721903
2,0.08808254683869123,1,195.710915927,0,56.320175576733476,52.569352366219974,6.82396527286048,89.16448016506256,29.304209380671075,69.2561220724385,26.25531210603362
