run,obj_vals,opt_converged,opt_runtime,is_best_vec,param_1,param_2,param_3,param_4,param_5,param_6,param_7
1,0.09001122076161676,1,527.350691322,1,150.32286681460877,81.10349490505735,7.89494522408577,128.8820169526767,66.57714126366336,1.5503993009891859,60.47216429456458
2,0.09031473274385547,1,321.418664071,0,159.75037950935024,79.72808475725755,11.653030358722063,123.08381626792114,62.80099734575022,5.886588797963186,61.507516717402574
