run,obj_vals,opt_converged,opt_runtime,is_best_vec,param_1,param_2,param_3,param_4,param_5,param_6,param_7
1,0.08991193403507156,1,290.991917284,0,143.00776765178094,99.4546511683886,4.260760348695182,95.69502057802136,56.73495395788235,6.25452531294789,56.378830197904826
2,0.08989231373696617,1,418.80644156,1,140.70708754839916,99.10320811956544,3.9194685010617665,97.08467673714553,58.777873711587716,6.378034599733387,55.77625237287865
