{
    "fe_w2": 0.0,
    "delta": 0.9,
    "mu": 33.625144435957814,
    "fe_late": 0.0,
    "fe_w1": 0.0,
    "fe_w3": 0.0,
    "beta_e": 1152.7579344620353,
    "prob_respond_alpha": 1.0,
    "gamma_01_factor": 1.0,
    "fe_w4": 0.0,
    "sigma_dt": 45.72834131914731,
    "alpha": 377.0642988316144,
    "fe_early": -42.391647522926895,
    "beta_l": 398.03245248102627,
    "gamma": 56.607006431651236,
    "prop_to_wage": 0.0
}
