{
    "fe_w2": 0.0,
    "delta": 0.9,
    "mu": 29.794812924683765,
    "fe_late": 0.0,
    "fe_w1": 0.0,
    "fe_w3": 0.0,
    "beta_e": 359.4705830626534,
    "prob_respond_alpha": 1.0,
    "gamma_01_factor": 1.0,
    "fe_w4": 0.0,
    "sigma_dt": 18.313328009249727,
    "alpha": 580.9786380101405,
    "fe_early": 11.360498533792683,
    "beta_l": 447.46569339620424,
    "gamma": 45.62367832919645,
    "prop_to_wage": 0.0
}
