{
    "fe_w2": 0.0,
    "delta": 0.9,
    "mu": 45.29835036265213,
    "fe_late": 0.0,
    "fe_w1": 0.0,
    "fe_w3": 0.0,
    "beta_e": 643.2633182673306,
    "prob_respond_alpha": 1.0,
    "gamma_01_factor": 1.0,
    "fe_w4": 0.0,
    "sigma_dt": 1.8881098438846189,
    "alpha": 487.87925075289195,
    "fe_early": -21.16520405342903,
    "beta_l": 373.7256326897563,
    "gamma": 74.25441634881946,
    "prop_to_wage": 0.0
}
