{
    "fe_w2": 0.0,
    "delta": 0.9,
    "mu": 55.3216851285962,
    "fe_late": 0.0,
    "fe_w1": 0.0,
    "fe_w3": 0.0,
    "beta_e": 595.4839638271983,
    "prob_respond_alpha": 1.0,
    "gamma_01_factor": 1.0,
    "fe_w4": 0.0,
    "sigma_dt": 1.2764042904467514,
    "alpha": 607.8063870206183,
    "fe_early": -19.35194573153942,
    "beta_l": 451.25925652477196,
    "gamma": 64.46124430984223,
    "prop_to_wage": 0.0
}
