run,obj_vals,opt_converged,opt_runtime,is_best_vec,param_1,param_2,param_3,param_4,param_5,param_6,param_7
1,0.08420088108904,1,389.395799337,0,109.18229474142296,105.2296246145352,9.381035528692326,155.60315358747567,55.32703784567309,19.15947279814976,48.4609978900706
2,0.08407950975503325,1,257.810065798,1,106.55702894120031,105.07142977767825,7.844140248260424,198.4090675191403,55.77085339039737,20.97639458445176,48.59025415908475
