run,obj_vals,opt_converged,opt_runtime,is_best_vec,param_1,param_2,param_3,param_4,param_5,param_6,param_7
1,0.08368271735586157,1,224.240708539,0,127.95720602540881,78.62356094424405,-23.07703056725197,70.17435906164089,46.38862129207939,20.51720022315839,38.83980368215272
2,0.08368270389526719,1,222.285163857,1,127.96396123819127,78.61689260356835,-23.05650982423037,70.15238390950783,46.34637924310631,20.61912900071534,38.83172716405339
