run,obj_vals,opt_converged,opt_runtime,is_best_vec,param_1,param_2,param_3,param_4,param_5,param_6,param_7
1,0.08413113013062487,0,3655.560819147,0,126.68243125927971,66.15100352441755,-28.428178048008025,87.95178324691807,49.47220669880722,18.175839836807967,40.8255576211119
2,0.08404507677572336,1,472.819860843,1,125.28258372794419,66.67659325479765,-28.36021588024565,91.57979233950434,50.465379026751286,15.443216277818701,40.8746237402925
