run,obj_vals,opt_converged,opt_runtime,is_best_vec,param_1,param_2,param_3,param_4,param_5,param_6,param_7
1,0.08026657357169567,1,559.931044827,1,442.51356607693117,2.257727343472255,3.8444258346979723,98.27806859679453,73.09924629521579,30.131168185995566,86.31936841970955
2,0.0802666415485204,1,934.841652796,0,441.3958738479773,2.3610783259965697,3.6425460095539144,97.98350873570523,73.00656392253684,30.091785282418197,86.23893956634456
