run,obj_vals,opt_converged,opt_runtime,is_best_vec,param_1,param_2,param_3,param_4,param_5,param_6,param_7
1,0.08338686336341719,1,484.006254545,1,440.9916675469415,20.89699323501692,62.09738079568048,94.01256196961802,47.80710151787608,23.11597182621938,68.87871773722436
2,0.0834293223828381,1,581.498143465,0,418.15517624765164,23.06940205109824,60.89241328442309,90.81311260808354,46.84253974983109,22.89453637032627,66.66663152557453
