run,obj_vals,opt_converged,opt_runtime,is_best_vec,param_1,param_2,param_3,param_4,param_5,param_6,param_7
1,0.0763581599218236,1,211.976626888,1,158.19163370057774,53.78435633384556,-29.00115348938318,75.80381595787414,219.67677060912033,27.981288600142598,63.404042992670874
2,0.0768156207023424,1,495.703250397,0,151.3152490163175,57.515960672639785,-31.384765357127712,87.7086452425408,145.31180940753853,24.945222146201647,62.972446758128484
