run,obj_vals,opt_converged,opt_runtime,is_best_vec,param_1,param_2,param_3,param_4,param_5,param_6,param_7
1,0.001744095619435419,1,234.226428981,0,45.000595148200645,127.01023444996007,-0.1476326455993465,120.48829671052751,74.61946775217946,12.487044124480075,51.94892839916549
2,0.0017407771991712305,1,298.184501469,0,45.46460428038515,126.94646469719169,-0.057769895344320595,121.07422870538564,74.93203963112202,12.569581122332941,52.11701742830879
3,0.0017277045105785927,1,214.137285279,1,45.95027195311479,126.57681564037104,0.03486843469565915,127.92298969399523,70.73933885218742,12.72090787165315,52.300918500323036
4,0.002634866588677128,1,300.697808759,0,44.74833656284531,127.4072758032779,-0.2282387159139741,109.35115170154356,84.4327315451371,12.537426705457596,51.903984693564595
