{
    "fe_w2": 0.0,
    "delta": 0.9,
    "mu": 55.788832102201525,
    "fe_late": 0.0,
    "fe_w1": 0.0,
    "fe_w3": 0.0,
    "beta_e": 1480.6805295395325,
    "prob_respond_alpha": 1.0,
    "gamma_01_factor": 1.0,
    "fe_w4": 0.0,
    "sigma_dt": 1.0003779879566446,
    "alpha": 600.0364506745724,
    "fe_early": -42.54459719240347,
    "beta_l": 1039.7786471505583,
    "gamma": 67.06207539061882,
    "prop_to_wage": 0.0
}
