obj_vals,opt_results,opt_runtime,param_1,param_2,param_3,param_4,param_5,param_6,param_7
0.08323205583975996,1,469.861088546,45.37094549367091,57.02525269831999,4.433186364976741,42.99839590272324,31.614723550554686,19.62063542751749,30.983844550242615
