obj_vals,opt_results,opt_runtime,param_1,param_2,param_3,param_4,param_5,param_6,param_7
0.08327051590398586,1,685.3170951,44.30929826984371,56.99589659279567,4.074249979424238,44.72818628652272,32.39512096019153,17.617914365362093,30.596358809198136
