obj_vals,opt_results,opt_runtime,param_1,param_2,param_3,param_4,param_5,param_6,param_7
0.08327101342781658,1,360.81810953,44.93599417326161,56.86132739314955,4.170583757437918,44.750171415639,32.396186103408475,17.620725094191297,30.813789583470975
