run,obj_vals,opt_converged,opt_runtime,is_best_vec,param_1,param_2,param_3,param_4,param_5,param_6,param_7
1,0.08198199880441291,0,3635.076068553,0,164.05461467707718,79.46926487801845,14.038219581849166,82.71479912830215,55.403537585993014,34.328484957770705,38.277610729128504
2,0.08198192374212238,1,497.542408867,1,164.51277472783104,79.42282691060299,14.207789936750423,82.7785879109299,55.443920321511676,34.35206787009189,38.32055344634963
