run,obj_vals,opt_converged,opt_runtime,is_best_vec,param_1,param_2,param_3,param_4,param_5,param_6,param_7
1,0.08119064947168708,1,440.642682548,1,187.84130658996395,87.5321996143994,19.22191154672506,94.10976858918676,66.30887656672867,38.54109508351357,44.36203421229809
2,0.08119080474494307,1,373.889294324,0,187.92951366134827,87.51963342138332,19.249556736453556,93.98552538476217,66.21504906178305,38.492890783166125,44.36667995239422
