iteration,param_1,param_2,param_3,param_4,param_5,param_6,param_7
1,54.77682697762257,122.72737737792217,0.0,62.19331666157881,66.83262794735826,24.011319920660746,32.047135861337885
2,68.35127914198448,81.3048829798234,0.0,63.79870142451145,42.521340593414244,28.749434154760834,23.92782748926931
3,76.49982262302353,79.17627629870582,0.0,57.8647613142641,40.87238982187108,31.13194991288559,35.61280945607836
4,89.9047354056162,63.30050972451333,0.0,53.2158190223778,51.64129182533377,18.293784000120883,36.390627321098194
