run,obj_vals,opt_converged,opt_runtime,is_best_vec,param_1,param_2,param_3,param_4,param_5,param_6,param_7
1,0.0818694362958208,1,297.123574298,1,128.18199038090057,68.02121654631821,-18.518000530846873,111.3134433141793,102.23724803521777,37.03435182726185,55.277122826312194
2,0.08187074809648008,1,338.315805267,0,128.14131743814215,67.9414112016051,-18.58485790604307,111.89032436786576,104.37679672292525,37.853520352731316,55.27569179283889
