{
    "fe_w2": 0.0,
    "delta": 0.9,
    "mu": 27.63649623159381,
    "fe_late": 0.0,
    "fe_w1": 0.0,
    "fe_w3": 0.0,
    "beta_e": 3380.0167044301193,
    "prob_respond_alpha": 1.0,
    "gamma_01_factor": 1.0,
    "fe_w4": 0.0,
    "sigma_dt": 20.09386818821226,
    "alpha": 232.9155912364419,
    "fe_early": 3.9565234906938564,
    "beta_l": 338.4671124935662,
    "gamma": 84.75457240430168,
    "prop_to_wage": 0.0
}
