{
    "fe_w2": 0.0,
    "delta": 0.9,
    "mu": 46.065335644674754,
    "fe_late": 0.0,
    "fe_w1": 0.0,
    "fe_w3": 0.0,
    "beta_e": 417.7111686026483,
    "prob_respond_alpha": 1.0,
    "gamma_01_factor": 1.0,
    "fe_w4": 0.0,
    "sigma_dt": 33.240739639645696,
    "alpha": 397.9139003074863,
    "fe_early": 3.264913219913357,
    "beta_l": 602.5666015493407,
    "gamma": 83.1123109505491,
    "prop_to_wage": 0.0
}
