run,obj_vals,opt_converged,opt_runtime,is_best_vec,param_1,param_2,param_3,param_4,param_5,param_6,param_7
1,0.08382052964244828,1,350.678010308,0,67.74349169676337,58.84916229476967,-11.200139492981739,48.09256151686911,31.891900268530367,21.368561021537698,29.900378839890713
2,0.0838205296419859,1,637.01730149,1,67.74332148486701,58.84914535733724,-11.200154286909635,48.09211429395719,31.891917687049723,21.368562840601516,29.900326664479635
