run,obj_vals,opt_converged,opt_runtime,is_best_vec,param_1,param_2,param_3,param_4,param_5,param_6,param_7
1,0.0840490135792439,1,431.985072915,1,60.586322508256515,51.46059039727141,-11.804040240588593,43.7193459932914,29.005726296513295,19.65581107734524,29.755543686136416
2,0.08404901370212721,1,408.678106255,0,60.57685460624018,51.46452326004597,-11.80446606779667,43.72122653895538,29.005286604762208,19.65671714321271,29.754434554616843
