run,obj_vals,opt_converged,opt_runtime,is_best_vec,param_1,param_2,param_3,param_4,param_5,param_6,param_7
1,0.08596325443185734,1,587.616097401,0,126.44735515321254,90.85791650628677,-0.42073470998605356,46.78547303113254,90.85617820148308,36.28620211327763,65.46796566102668
2,0.08596325443185729,1,559.60812426,1,126.44734786172901,90.8579199634765,-0.4207383857964338,46.78547279672927,90.85625695914271,36.286170132424004,65.46796645905448
