{
    "fe_w2": 0.0,
    "delta": 0.9,
    "mu": 48.108353460499195,
    "fe_late": 0.0,
    "fe_w1": 0.0,
    "fe_w3": 0.0,
    "beta_e": 1905.427533508339,
    "prob_respond_alpha": 1.0,
    "gamma_01_factor": 1.0,
    "fe_w4": 0.0,
    "sigma_dt": 77.14748201022763,
    "alpha": 901.0351047956844,
    "fe_early": -46.246656440359665,
    "beta_l": 615.2004945890823,
    "gamma": 29.688263753176834,
    "prop_to_wage": 0.0
}
