run,obj_vals,opt_converged,opt_runtime,is_best_vec,param_1,param_2,param_3,param_4,param_5
1,0.08636690048018744,1,87.509331817,0,271.64723283267784,78.99640592858198,55.678634186721915,15.234186972036289,61.63333553756984
2,0.0863665520573177,1,50.144079781,1,271.633028706836,79.05406888110609,55.79604546052751,15.2079880140431,61.63896155509158
