run,obj_vals,opt_converged,opt_runtime,is_best_vec,param_1,param_2,param_3,param_4,param_5,param_6,param_7
1,0.07940313555208046,1,564.970466756,1,144.48772784745546,82.54899392079234,11.831153207477863,54.84049207417285,57.56255554545986,12.355810478570751,60.74602889421944
2,0.07945445376963879,1,539.20004643,0,149.67906988275698,80.34534974341342,13.139289855662973,56.57322413760632,56.21191664561714,13.742217641537069,60.4438164899326
