run,obj_vals,opt_converged,opt_runtime,is_best_vec,param_1,param_2,param_3,param_4,param_5,param_6,param_7
1,0.08239432692973855,1,1264.591231278,0,89.34016080052011,72.92054306143946,-4.4948869310964366,81.85997648621007,39.35446309325674,36.702352540489215,29.19235001332749
2,0.08164095685882222,1,842.60310482,1,83.43357589530075,72.81474696388142,-11.237703621784947,61.2666992777575,42.20865814456157,12.326666377108644,27.917195294150805
