run,obj_vals,opt_converged,opt_runtime,is_best_vec,param_1,param_2,param_3,param_4,param_5,param_6,param_7
1,0.08272195295221058,1,973.322579774,1,83.1406630884298,73.54105219177919,-12.39085269336145,58.23047302741093,40.648915801067886,9.182165853929682,30.169732863548575
2,0.0827219529522107,1,819.917294759,0,83.14066332205302,73.54105226463163,-12.390852528469045,58.23047340890753,40.6489160823841,9.182165718135,30.16973287593444
