run,obj_vals,opt_converged,opt_runtime,is_best_vec,param_1,param_2,param_3,param_4,param_5,param_6,param_7
1,0.07954554906422541,1,291.741006112,1,84.83341645903668,55.024681099568234,-30.82592696517811,120.95352858822062,98.69335480847248,1.500864353532705,43.33413379935768
2,0.07980099919884563,1,210.645191365,0,72.59569516527657,60.03366838809175,-23.21242760241271,63.20893459041801,100.11345552472359,4.305463441551912,41.54102784984788
