{
    "fe_w2": 0.0,
    "delta": 0.9,
    "mu": 54.64192796082507,
    "fe_late": 0.0,
    "fe_w1": 0.0,
    "fe_w3": 0.0,
    "beta_e": 554.0155659731712,
    "prob_respond_alpha": 1.0,
    "gamma_01_factor": 1.0,
    "fe_w4": 0.0,
    "sigma_dt": 24.05857794611027,
    "alpha": 776.6243090327184,
    "fe_early": 10.13495743210754,
    "beta_l": 683.78669503506,
    "gamma": 67.69386613388622,
    "prop_to_wage": 0.0
}
