run,obj_vals,opt_converged,opt_runtime,is_best_vec,param_1,param_2,param_3,param_4,param_5,param_6,param_7
1,0.07482091754350731,1,352.659089124,0,141.39668211232308,90.09435918466335,-11.786508184203278,96.32713228434595,50.09993967906003,56.162697486494224,50.32590080690639
2,0.07482087305715936,1,350.528549832,1,141.87280997087373,90.03395434705774,-11.557304672435084,96.56748976237077,50.196233988587785,56.818145012229394,50.355811742167
