run,obj_vals,opt_converged,opt_runtime,is_best_vec,param_1,param_2,param_3,param_4,param_5,param_6,param_7
1,0.08527622517286482,1,211.556268883,0,120.54068378153269,59.632826201591584,-16.438622315967894,133.71983580202235,43.63267760315107,60.8034888703863,34.84805446326687
2,0.08527523290674457,1,902.238388979,1,120.96814367111932,59.56668673289946,-16.440332233244728,135.00507613294027,43.72230758274494,60.53201676021765,34.89650193628059
