run,obj_vals,opt_converged,opt_runtime,is_best_vec,param_1,param_2,param_3,param_4,param_5,param_6,param_7
1,0.0850047875783578,1,227.863142969,0,133.86818616945536,54.78768397644827,-20.598524065970793,167.68999714667007,48.749403530038634,82.0291360484179,39.48295697072257
2,0.08499465964688999,1,211.750072204,1,132.03833263770744,54.903395840827244,-20.403230068487904,176.52193377631372,49.56596833923789,80.35415511100251,39.214994501322685
