run,obj_vals,opt_converged,opt_runtime,is_best_vec,param_1,param_2,param_3,param_4,param_5,param_6,param_7
1,0.08522566263567324,1,535.288234524,1,278.2129312624019,29.85416856597079,20.60144883076254,120.58743438506673,58.83808409520532,30.839344968531506,58.49524566178818
2,0.08532719998604166,1,575.846326503,0,278.62359026321354,30.13466737326767,20.833311001983983,132.87680614715367,54.683249239200684,38.268178856391884,58.692223334214376
