run,obj_vals,opt_converged,opt_runtime,is_best_vec,param_1,param_2,param_3,param_4,param_5,param_6,param_7
1,0.07641227071011382,1,220.127763839,0,140.12587256789922,66.60216935697495,20.18689803758316,100.29154107473023,111.63982828982122,20.105791018493,51.212398725066365
2,0.07596727659010473,1,867.771271217,1,138.46423507352213,67.16851161854694,19.669810189917385,136.34299241295327,87.15111522520057,7.270090388518088,50.66602485532794
