run,obj_vals,opt_converged,opt_runtime,is_best_vec,param_1,param_2,param_3,param_4,param_5,param_6,param_7
1,0.07772050787704952,1,567.280753149,0,143.89512599096417,74.24926533706949,10.547232922200253,96.32045002745382,67.27131771448195,23.54221218613556,48.088967557690765
2,0.07770749829882023,1,598.854944247,1,143.3210957576966,74.13629948381218,10.666966682946997,92.99726239992604,71.85356192460702,18.415315459840205,48.063760936040765
