run,obj_vals,opt_converged,opt_runtime,is_best_vec,param_1,param_2,param_3,param_4,param_5,param_6,param_7
1,0.08997076976002494,1,562.57681373,0,65.69936620675163,99.0459205563564,-26.86317046922451,54.55316460049464,40.23413853708334,14.924478285017614,48.36993583885416
2,0.08990790146581712,1,381.929175096,1,65.3420227726727,96.67338944438056,-29.04720729569942,55.10671710396535,40.26394883733827,14.922637899840062,46.74753596395954
