run,obj_vals,opt_converged,opt_runtime,is_best_vec,param_1,param_2,param_3,param_4,param_5,param_6,param_7
1,0.0899625237786207,1,293.281954171,0,74.90597601400434,86.80353430335563,-27.167362934124856,58.674993163871825,39.596700280563354,14.969388878559736,53.77664506261964
2,0.08996252350743884,1,573.44919173,1,74.89981953526835,86.8050487198551,-27.168550657745353,58.67777204311507,39.59925455438968,14.96448691178969,53.775325370305126
