run,obj_vals,opt_converged,opt_runtime,is_best_vec,param_1,param_2,param_3,param_4,param_5,param_6,param_7
1,0.07219173668104553,1,541.339342879,0,106.18509843654284,78.14919737651194,-18.914453845058436,55.521429797409965,45.67238140205452,39.22085720036154,59.796312519506166
2,0.07219173668104546,1,639.354693166,1,106.18509343607995,78.14919890503418,-18.914454276895516,55.521429143599995,45.672380980867224,39.22085556230354,59.79631199895804
