run,obj_vals,opt_converged,opt_runtime,is_best_vec,param_1,param_2,param_3,param_4,param_5,param_6,param_7
1,0.06404647677305363,1,516.282642462,0,56.191279860556385,121.98212786153927,4.30178280130754,223.2319659255452,33.82067852242483,55.08638440402086,105.86772638132742
2,0.06398911889058809,1,304.183828087,1,55.728510614816685,122.45681548933943,4.238638749528975,259.4746268805596,33.75054557701003,52.29681292174618,105.78209396703765
3,0.06400804054934989,1,279.921461192,0,55.94343168387183,122.3882092115764,4.311782218468235,249.4959171178332,33.776930687118394,55.222875520465415,105.88769189998744
4,0.06407872632883953,1,231.987351851,0,56.65289130030331,121.8463588633851,4.3740093180404624,207.325699741411,33.98998684847429,53.501819435517824,106.1656591211439
