run,obj_vals,opt_converged,opt_runtime,is_best_vec,param_1,param_2,param_3,param_4,param_5,param_6,param_7
1,0.08473686125405382,1,596.63217342,0,500.0,6.108972671856595,25.263667593008993,112.5222941266937,60.39356835340267,60.77876369926233,90.11182242439915
2,0.08470635667211208,1,1042.904556977,1,500.0,5.70993042739418,22.800875771432615,109.73422914265242,63.96205953766817,52.120036168908506,90.03262109756453
