run,obj_vals,opt_converged,opt_runtime,is_best_vec,param_1,param_2,param_3,param_4,param_5,param_6,param_7
1,0.08277691375457652,1,362.271945315,0,59.77806517356509,124.70474244839517,-12.34322327388946,42.63959979382145,44.08515302444777,13.513680749856604,48.10766610078707
2,0.08277684871545152,1,469.629927771,1,60.29319653676422,124.47596691270056,-12.348477552405722,42.67412317813746,44.13635161720364,13.493652255571206,48.29712459026621
