run,obj_vals,opt_converged,opt_runtime,is_best_vec,param_1,param_2,param_3,param_4,param_5,param_6,param_7
1,0.08228604358787711,1,624.035598487,1,57.41887107178916,129.9292425920034,-10.858879999856734,42.35211248046011,45.26398064250465,15.362261409231712,40.066657951882846
2,0.08229426112206384,1,612.805025542,0,59.89910701012674,128.93056021840664,-10.413695014368974,42.4756989926935,45.54367671503577,15.568833581987647,40.808235549173936
