run,obj_vals,opt_converged,opt_runtime,is_best_vec,param_1,param_2,param_3,param_4,param_5,param_6,param_7
1,0.0830441207188566,1,790.81878703,0,225.57271534363184,35.66666380637793,-17.863919708355223,77.96208489174418,83.60501459314747,9.96128539017484,70.266101724225
2,0.0826109733730168,1,344.299640542,1,246.45869953295957,32.656184925548025,-16.50180673339804,88.84239386271435,91.7834903068591,9.15049760800914,71.21118875687148
