run,obj_vals,opt_converged,opt_runtime,is_best_vec,param_1,param_2,param_3,param_4,param_5,param_6,param_7
1,0.08282105208509621,1,260.425476214,1,202.75232260665348,34.61510988254503,-0.8675350762733354,96.09806436267472,120.60188370843257,1.0000014082775739,68.01534994641567
2,0.08398172397202142,1,224.044969475,0,126.68146918339716,46.895062733660744,1.4036444295669182,90.34307674840315,87.12037245284147,1.0,56.579686708062766
