run,obj_vals,opt_converged,opt_runtime,is_best_vec,param_1,param_2,param_3,param_4,param_5,param_6,param_7
1,0.07106221232405172,1,382.658110345,0,81.57640977743178,87.8900744586655,-9.569414222867458,55.26971162814325,81.90483598695971,25.528445171632203,48.3654708887177
2,0.0710612539136456,1,432.837968192,1,81.3005313296079,88.2361706353381,-9.44641263602633,56.02445637692035,73.11160260684062,26.1073223304989,48.294550842771926
