{
    "fe_w2": 0.0,
    "delta": 0.9,
    "mu": 47.09951854936669,
    "fe_late": 0.0,
    "fe_w1": 0.0,
    "fe_w3": 0.0,
    "beta_e": 967.3173101525772,
    "prob_respond_alpha": 1.0,
    "gamma_01_factor": 1.0,
    "fe_w4": 0.0,
    "sigma_dt": 81.99776967228352,
    "alpha": 767.8635843485762,
    "fe_early": 7.993530362672817,
    "beta_l": 712.0542971583036,
    "gamma": 55.75402292678673,
    "prop_to_wage": 0.0
}
