run,obj_vals,opt_converged,opt_runtime,is_best_vec,param_1,param_2,param_3,param_4,param_5,param_6,param_7
1,0.08579867670704343,1,1132.406524654,0,125.76909388330272,62.66298951645692,-12.513349975359057,69.39611445298046,87.49221741570364,13.166721705500693,74.86238203417807
2,0.08534537947114089,1,309.387504439,1,128.2550029533745,60.78177572015652,-11.299775443777417,64.76293435002486,164.60167050833795,14.000630036419906,74.7505393848944
