run,obj_vals,opt_converged,opt_runtime,is_best_vec,param_1,param_2,param_3,param_4,param_5,param_6,param_7
1,0.08628022797393183,1,476.767312485,0,129.27371053621178,59.94391847319763,-11.437031945768423,64.08857452547052,77.39743676176461,18.79982841019798,62.069042777794415
2,0.08626628116066858,1,274.026933182,1,129.1511461670933,60.108791620984995,-11.567925918654286,64.50791462000154,74.18265533355908,18.05084797986069,62.04917816365947
