{
    "fe_w2": 0.0,
    "delta": 0.9,
    "mu": 54.16460267247384,
    "fe_late": 0.0,
    "fe_w1": 0.0,
    "fe_w3": 0.0,
    "beta_e": 3789.685554159183,
    "prob_respond_alpha": 1.0,
    "gamma_01_factor": 1.0,
    "fe_w4": 0.0,
    "sigma_dt": 50.31901190611425,
    "alpha": 464.3624951831421,
    "fe_early": -5.909275094516838,
    "beta_l": 223.30517201563896,
    "gamma": 64.96902221109261,
    "prop_to_wage": 0.0
}
