run,obj_vals,opt_converged,opt_runtime,is_best_vec,param_1,param_2,param_3,param_4,param_5,param_6,param_7
1,0.00046728249603087134,1,203.808753409,0,173.40669672272566,43.55103064986516,-0.17364305946595435,111.64630058751091,91.14711317778209,25.170800384676852,88.26630145216829
2,0.0004672825592495421,1,205.868047656,0,173.4071244859885,43.5508671471201,-0.17361799801848754,111.64618509181014,91.14768921392718,25.171577678280475,88.26638365207776
3,0.0004672824896284348,1,200.193194067,0,173.40670130694173,43.55102804713143,-0.17364307842216425,111.6462153178559,91.14729787210716,25.170862576531825,88.26630297587644
4,0.00046728248320481645,1,263.550351322,1,173.40701676116805,43.550903108060425,-0.1736619445805957,111.64604676055585,91.1479645684422,25.17116986221436,88.26639104325483
