run,obj_vals,opt_converged,opt_runtime,is_best_vec,param_1,param_2,param_3,param_4,param_5,param_6,param_7
1,0.07828722316124784,1,233.695120254,0,100.00329006388006,63.755281119241864,-15.094646073246127,39.5873767369354,122.3630414064351,22.865237262965202,53.352251472685815
2,0.07828597622436505,1,1004.375422991,1,100.07893247083601,63.761109700393064,-15.130998361536312,39.498238854735796,119.99403165902984,23.045929431397962,53.375011295484775
