obj_vals,opt_results,opt_runtime,param_1,param_2,param_3,param_4,param_5,param_6,param_7
0.08232359056589274,1,140.999063666,101.8450020067821,88.74267979126711,6.6930549154603565,79.34608221018749,47.68982517436595,17.624725096887435,57.711689069613904
