obj_vals,opt_results,opt_runtime,param_1,param_2,param_3,param_4,param_5,param_6,param_7
0.0821792649142162,0,3643.189144679,82.48284149191868,94.63386368113206,4.3743161058029765,74.04886742797228,48.989566139974066,21.20749527088986,51.84925061194519
