obj_vals,opt_results,opt_runtime,param_1,param_2,param_3,param_4,param_5,param_6,param_7
0.08224152304602211,1,187.260451537,81.83633637689294,93.38638543256765,4.246790436830023,76.09031088090417,47.34256326848733,20.823767625743354,50.74072554821767
