obj_vals,opt_results,opt_runtime,param_1,param_2,param_3,param_4,param_5,param_6,param_7
0.08214309287760746,1,925.204146086,89.52946322000871,92.4279084054638,5.3378230771309525,74.50478354742165,49.1829710710621,21.31058724937059,53.92374009196855
