obj_vals,opt_results,opt_runtime,param_1,param_2,param_3,param_4,param_5,param_6,param_7
0.08215565508142637,1,432.464257059,85.6051831357937,93.740931764881,4.797741155981853,74.39562412065919,48.948336764261526,21.181304336290115,52.842913016540976
