obj_vals,opt_results,opt_runtime,param_1,param_2,param_3,param_4,param_5,param_6,param_7
0.08215120709310629,1,452.34054958,95.04989321094557,90.73290586642169,6.070651083711362,74.68001640970537,49.552848426886584,21.392453881333864,55.51426318988166
