obj_vals,opt_results,opt_runtime,param_1,param_2,param_3,param_4,param_5,param_6,param_7
0.08214452414402536,1,665.752103225,93.61398652239247,91.17074356668213,5.9007212161600675,74.97813354356288,49.35715064044745,21.418257897963837,55.08672517658971
