obj_vals,opt_results,opt_runtime,param_1,param_2,param_3,param_4,param_5,param_6,param_7
0.08214208280875511,1,561.27783486,91.21761909187269,91.90280234580474,5.5565051604128515,74.79121932843839,49.28250149798467,21.376072004950363,54.41978633993927
