obj_vals,opt_results,opt_runtime,param_1,param_2,param_3,param_4,param_5,param_6,param_7
0.0821480299927053,1,437.07207687,95.06685140469251,90.75827778975754,6.076349003363571,74.86325627807877,49.53638983837904,21.423352796873665,55.53843217894248
