obj_vals,opt_results,opt_runtime,param_1,param_2,param_3,param_4,param_5,param_6,param_7
0.08214208357174872,1,476.72877828,91.3778107517351,91.84218506005662,5.61169224257611,74.65639436536934,49.30551886146889,21.354791481451436,54.425219394064634
