obj_vals,opt_results,opt_runtime,param_1,param_2,param_3,param_4,param_5,param_6,param_7
0.08214352165168416,1,514.521286296,89.24912550061784,92.51087895326418,5.304955027770976,74.62090480039039,49.14047820502394,21.325525918444637,53.83519169375466
