obj_vals,opt_results,opt_runtime,param_1,param_2,param_3,param_4,param_5,param_6,param_7
0.08214232168694331,1,847.656553177,90.54327669415336,92.03261911199846,5.492995930775138,74.77839149922771,49.21125517376222,21.36353649355118,54.145911083591436
