obj_vals,opt_results,opt_runtime,param_1,param_2,param_3,param_4,param_5,param_6,param_7
0.08216325160389455,0,3627.470179342,98.76205444810955,89.58634061241327,6.590424181327422,75.20376495998174,49.602590177431736,21.490322858889698,56.517796769164185
