obj_vals,opt_results,opt_runtime,param_1,param_2,param_3,param_4,param_5,param_6,param_7
0.08214407748156982,1,457.310629298,93.3326875204159,91.25369209092305,5.858711130874235,75.01680072415694,49.32509875795507,21.420733176833615,55.00914133704141
