obj_vals,opt_results,opt_runtime,param_1,param_2,param_3,param_4,param_5,param_6,param_7
0.08218907511777826,0,3628.108053933,81.38011526907184,95.00112676719007,4.222752128759173,73.90666271314494,48.96066830368876,21.178640103621476,51.52785954346777
