obj_vals,opt_results,opt_runtime,param_1,param_2,param_3,param_4,param_5,param_6,param_7
0.08215333758152699,1,584.561204404,86.83425669015745,93.21065589296056,4.982156633194386,74.33515111933411,49.15711524531058,21.279705519600242,53.09134556990542
