obj_vals,opt_results,opt_runtime,param_1,param_2,param_3,param_4,param_5,param_6,param_7
0.08214219417108232,1,592.48396119,91.7284397170966,91.74504576456162,5.640879284035851,74.75326123065238,49.27590326357913,21.367239629605685,54.550484827965285
