obj_vals,opt_results,opt_runtime,param_1,param_2,param_3,param_4,param_5,param_6,param_7
0.08217752875894102,1,2823.909285629,82.69653966423405,94.56889453304504,4.401769231800022,74.12277418029261,48.982673937154765,21.21995767238713,51.91750122239094
