obj_vals,opt_results,opt_runtime,param_1,param_2,param_3,param_4,param_5,param_6,param_7
0.08217819317327495,1,314.269515159,83.55305308960274,94.33569663206538,4.531636144492089,74.03594976797022,48.960822590253784,21.65785609132374,52.19110413565302
