obj_vals,opt_results,opt_runtime,param_1,param_2,param_3,param_4,param_5,param_6,param_7
0.082216494210312,1,286.208031459,82.9669593906898,93.59895840896532,4.550104627310924,76.07377751442911,47.36716817601339,21.09116417705132,51.30331979503093
