obj_vals,opt_results,opt_runtime,param_1,param_2,param_3,param_4,param_5,param_6,param_7
0.08214227167723168,1,616.24924641,91.75315632449711,91.73758921732619,5.644409811152432,74.8780835210534,49.288414273473705,21.39206533820286,54.558782773593535
