obj_vals,opt_results,opt_runtime,param_1,param_2,param_3,param_4,param_5,param_6,param_7
0.08215723792122667,1,482.235899013,85.93739611892708,93.49262743594183,4.886766996073913,74.27856880878826,49.07022610545927,21.25711261825051,52.802846108409526
