obj_vals,opt_results,opt_runtime,param_1,param_2,param_3,param_4,param_5,param_6,param_7
0.0822077946071144,1,195.720397617,82.91547729648846,94.6661583367462,4.4223941944155385,76.13608290512707,47.526952978239166,20.4925887135925,52.10410098836363
