obj_vals,opt_results,opt_runtime,param_1,param_2,param_3,param_4,param_5,param_6,param_7
0.08217857163341998,1,252.209288635,90.78627984226074,92.06033257350424,5.520142964725518,77.2652431830769,47.64964874001116,20.88504708177908,54.29012550488897
