obj_vals,opt_results,opt_runtime,param_1,param_2,param_3,param_4,param_5,param_6,param_7
0.08228920292643079,1,190.044516761,101.56690304886419,88.84927144878301,6.803277546706802,78.26547416412924,48.58755570672371,18.245941172986246,57.58172025130345
