obj_vals,opt_results,opt_runtime,param_1,param_2,param_3,param_4,param_5,param_6,param_7
0.08215254715397546,1,788.689939762,96.4302523912448,90.30144908815717,6.274890461696516,75.01977027950275,49.52013817455804,21.447195593352852,55.87671368644881
