obj_vals,opt_results,opt_runtime,param_1,param_2,param_3,param_4,param_5,param_6,param_7
0.08217860372568234,1,267.076423123,90.60208210375829,92.1346239813417,5.499885412765953,77.38647786227335,47.59008464111993,20.882792028766772,54.24393646205752
