obj_vals,opt_results,opt_runtime,param_1,param_2,param_3,param_4,param_5,param_6,param_7
0.08214334704442955,1,694.414617165,92.89698539022572,91.36038803604598,5.826247972621572,74.82776352924,49.286576170708905,21.380657854631067,54.839534628134395
