obj_vals,opt_results,opt_runtime,param_1,param_2,param_3,param_4,param_5,param_6,param_7
0.08215184807044008,1,295.200140765,86.59998687706708,93.35325776183802,4.968875631273356,74.460133087635,48.946673117114926,20.965637876755245,53.04102621098961
