obj_vals,opt_results,opt_runtime,param_1,param_2,param_3,param_4,param_5,param_6,param_7
0.08214347878021924,1,695.051356457,89.73478770196698,92.12237887172418,5.39095789839232,74.62118042178412,49.191817550452114,21.332963064656305,53.79755185303272
