obj_vals,opt_results,opt_runtime,param_1,param_2,param_3,param_4,param_5,param_6,param_7
0.08216251850915654,0,3631.882124556,98.62255086317566,89.64067265586122,6.572189796964278,75.18969168824147,49.596906965514286,21.487028076163334,56.48700254287155
