obj_vals,opt_results,opt_runtime,param_1,param_2,param_3,param_4,param_5,param_6,param_7
0.0821569182615317,1,389.215747039,86.05715094453582,93.33070617352435,4.891644055310857,74.37999944816583,49.14783732022642,21.287810325164298,52.784689180499655
