obj_vals,opt_results,opt_runtime,param_1,param_2,param_3,param_4,param_5,param_6,param_7
0.08216922557757972,1,653.078970143,83.47085036446714,94.32274923455651,4.6284239851041855,74.30282723360496,48.839804107615,21.228583468516355,52.03178434245062
