obj_vals,opt_results,opt_runtime,param_1,param_2,param_3,param_4,param_5,param_6,param_7
0.08222005012747415,1,187.807356995,85.6501828267708,93.74042329209938,4.872219757625929,75.68259069700969,47.10966541552682,22.39340973500708,52.79882074419488
