obj_vals,opt_results,opt_runtime,param_1,param_2,param_3,param_4,param_5,param_6,param_7
0.08217906949191903,1,278.797379204,90.18476529894069,92.26123331880335,5.439571788392998,77.36238212166903,47.49690622582374,21.012217009597684,54.12543400960683
