obj_vals,opt_results,opt_runtime,param_1,param_2,param_3,param_4,param_5,param_6,param_7
0.08214391224279963,1,730.639662692,89.05715851748475,92.50511200128624,5.303374129867341,74.6098854614881,49.22933923280562,21.337919452732844,53.71435270823865
