obj_vals,opt_results,opt_runtime,param_1,param_2,param_3,param_4,param_5,param_6,param_7
0.08214237000278388,1,528.01576826,92.00661850294979,91.654631720711,5.680031016478621,74.81300496682428,49.31652427404113,21.383790161412072,54.62551479959726
