obj_vals,opt_results,opt_runtime,param_1,param_2,param_3,param_4,param_5,param_6,param_7
0.08214218941204604,1,698.932126587,90.69863550410892,92.06781271916915,5.4722824123747955,74.77143208885592,49.23615210087325,21.36592766735504,54.28713409410112
