obj_vals,opt_results,opt_runtime,param_1,param_2,param_3,param_4,param_5,param_6,param_7
0.08214705670885017,1,411.023260436,94.7468138955512,90.82951070990086,6.060177074186691,74.85100449718163,49.41149247413464,21.401786548796633,55.40079751311039
