obj_vals,opt_results,opt_runtime,param_1,param_2,param_3,param_4,param_5,param_6,param_7
0.08214216478237421,1,781.530271976,91.43865376696121,91.85108981319902,5.609230209362379,74.87722834994447,49.3020834575049,21.394583890683233,54.47460397886584
