obj_vals,opt_results,opt_runtime,param_1,param_2,param_3,param_4,param_5,param_6,param_7
0.08217622224908755,0,3641.492095713,82.86770368522107,94.51869327691918,4.429373712337231,73.97479862988926,48.96734885616598,21.190599263447833,51.96488380400769
