obj_vals,opt_results,opt_runtime,param_1,param_2,param_3,param_4,param_5,param_6,param_7
0.08217905849935428,1,276.442433177,90.82366806538069,92.05381337403021,5.534348452467757,77.28108627811277,47.505970999202745,21.25263912612598,54.29769731033924
