obj_vals,opt_results,opt_runtime,param_1,param_2,param_3,param_4,param_5,param_6,param_7
0.08214411118684034,1,2853.847167994,89.25798291847633,92.35129757158698,5.367301830147569,74.75829418724308,49.28574487301104,21.373784600172684,53.679981699738384
