obj_vals,opt_results,opt_runtime,param_1,param_2,param_3,param_4,param_5,param_6,param_7
0.0821786783979878,1,435.654174808,90.19697163941322,92.24608688023456,5.4451178778239395,77.19059233178119,47.63773211283982,20.828919448906632,54.11643872790275
