obj_vals,opt_results,opt_runtime,param_1,param_2,param_3,param_4,param_5,param_6,param_7
0.08217136631105847,1,251.989020268,84.47572850899,94.07783775475733,4.6698107539110625,74.50124131690087,48.81530042239663,21.797468284678956,52.4871671724823
