obj_vals,opt_results,opt_runtime,param_1,param_2,param_3,param_4,param_5,param_6,param_7
0.08214915143168813,1,556.505595352,88.1142048015179,92.9033432558128,5.171459129886646,74.47200555092138,49.155607596648565,21.302540197694775,53.512277550541306
