obj_vals,opt_results,opt_runtime,param_1,param_2,param_3,param_4,param_5,param_6,param_7
0.08216371051730649,0,3639.752548517,98.84513667943989,89.58013228228809,6.592790144837416,75.20159535723909,49.60106492811738,21.489765307616214,56.56174712386497
