obj_vals,opt_results,opt_runtime,param_1,param_2,param_3,param_4,param_5,param_6,param_7
0.08217939497002721,1,283.982341509,91.58860400316209,91.78974866734717,5.608360826087659,77.34386714489578,47.46103596927128,21.030426655708148,54.5218213775985
