obj_vals,opt_results,opt_runtime,param_1,param_2,param_3,param_4,param_5,param_6,param_7
0.08215294232242208,1,1697.983331392,96.5323050373896,90.2876525055885,6.291724098884914,75.0261012807237,49.52456248586071,21.448877906421462,55.91414421661339
