obj_vals,opt_results,opt_runtime,param_1,param_2,param_3,param_4,param_5,param_6,param_7
0.08214210935179761,1,351.235266571,91.29634812254689,91.88681389981684,5.585051340309969,74.82342221400744,49.243299293504336,21.37562931752899,54.43049917310316
