obj_vals,opt_results,opt_runtime,param_1,param_2,param_3,param_4,param_5,param_6,param_7
0.08214275948748216,1,924.928440209,92.40825424369154,91.53808049177088,5.704085647121429,74.80793302388871,49.29977539825694,21.379922460886238,54.77304842105213
