obj_vals,opt_results,opt_runtime,param_1,param_2,param_3,param_4,param_5,param_6,param_7
0.0821711007909498,0,3629.121222255,83.70013018169065,93.96795874027211,4.573438092493688,74.15911661198008,49.024435587373965,21.231092847214516,51.99728207954678
