obj_vals,opt_results,opt_runtime,param_1,param_2,param_3,param_4,param_5,param_6,param_7
0.08217904790644832,0,3625.064108757,82.51557342799973,94.6169692843374,4.3884029513122895,74.00534184550754,48.966831021613444,21.196873997095423,51.84434685656234
