obj_vals,opt_results,opt_runtime,param_1,param_2,param_3,param_4,param_5,param_6,param_7
0.08218930412993182,0,3622.433698453,81.36167057787979,94.98790079759632,4.217364825990207,73.96807386724898,48.96605643735535,21.16673011580281,51.51334726802198
