obj_vals,opt_results,opt_runtime,param_1,param_2,param_3,param_4,param_5,param_6,param_7
0.08215285735803866,1,2048.734758975,96.5104787298599,90.29423304001739,6.2887921844794965,75.0253303156238,49.52343563134384,21.44860889257357,55.9080435025927
