obj_vals,opt_results,opt_runtime,param_1,param_2,param_3,param_4,param_5,param_6,param_7
0.08219946096038092,1,146.421379562,97.13038935932917,90.11654463225324,6.343825597389983,78.04579108260559,47.84080149717851,19.837363491641376,56.1082736549769
