obj_vals,opt_results,opt_runtime,param_1,param_2,param_3,param_4,param_5,param_6,param_7
0.08215116773607724,1,456.616481768,96.0522762385264,90.40099889817341,6.226994939164381,75.0875947181409,49.46547877927757,21.451589248656386,55.75753357679289
