run,obj_vals,opt_converged,opt_runtime,is_best_vec,param_1,param_2,param_3,param_4,param_5,param_6,param_7
1,0.08837330371277202,1,369.622802423,1,41.54197174560097,98.1062516019185,-3.1902572226863635,143.37983799560965,91.4414950780457,6.858597194057543,55.92081161004474
2,0.09062141724458225,1,308.349752012,0,37.310493343426685,99.66765645556316,-2.474324874777303,67.81999733161801,101.58793753340066,3.14317700237177,53.948461940736124
