run,obj_vals,opt_converged,opt_runtime,is_best_vec,param_1,param_2,param_3,param_4,param_5,param_6,param_7
1,0.08967115292437645,1,256.416346703,1,57.64555350704595,98.24887139607762,-0.9115888970160104,55.561831038824785,142.38275249336306,9.44306431485578,55.83238055552155
2,0.08973495892072807,0,3657.197532986,0,60.6351430911607,96.82686755730805,-0.5150077487180693,57.41031196671771,93.801343382466,10.099862680393446,56.5782668793352
