{
    "fe_w2": 0.0,
    "delta": 0.9,
    "mu": 52.85357846726518,
    "fe_late": 0.0,
    "fe_w1": 0.0,
    "fe_w3": 0.0,
    "beta_e": 1187.2837676065726,
    "prob_respond_alpha": 1.0,
    "gamma_01_factor": 1.0,
    "fe_w4": 0.0,
    "sigma_dt": 88.28781346231676,
    "alpha": 482.97987318181237,
    "fe_early": -17.5437445999732,
    "beta_l": 501.0176266442072,
    "gamma": 74.71864871426823,
    "prop_to_wage": 0.0
}
