run,obj_vals,opt_converged,opt_runtime,is_best_vec,param_1,param_2,param_3,param_4,param_5,param_6,param_7
1,0.07920227698172475,1,527.702194397,1,134.56478138889656,74.55372789672093,18.30764956073033,147.85630766785602,90.15308301206149,157.87918860433993,45.91587279901184
2,0.07920227698411096,1,576.123425191,0,134.56153039073672,74.55359810836221,18.30566280480622,147.8576537029918,90.15419763375347,157.87792273672852,45.91564675391529
