{
    "fe_w2": 0.0,
    "delta": 0.9,
    "mu": 45.98052007354786,
    "fe_late": 0.0,
    "fe_w1": 0.0,
    "fe_w3": 0.0,
    "beta_e": 6.0,
    "prob_respond_alpha": 1.0,
    "gamma_01_factor": 1.0,
    "fe_w4": 0.0,
    "sigma_dt": 363.0999314941366,
    "alpha": 686.3370433260699,
    "fe_early": 15.18574419103561,
    "beta_l": 8.221619279312876,
    "gamma": 60.942892882293634,
    "prop_to_wage": 0.0
}
