run,obj_vals,opt_converged,opt_runtime,is_best_vec,param_1,param_2,param_3,param_4,param_5,param_6,param_7
1,0.08245246973995808,1,415.185290384,0,61.5209625999909,67.34193865401929,-4.066619937422897,84.00413841852274,84.7821528278696,19.270790248985048,50.128751559430064
2,0.08241130046575207,1,324.109191547,1,61.55022583594519,67.38633239440837,-4.134112596030037,83.24314990811239,79.52702123423718,15.008749581385732,50.13128329966081
