run,obj_vals,opt_converged,opt_runtime,is_best_vec,param_1,param_2,param_3,param_4,param_5,param_6,param_7
1,0.08415638028042445,1,378.342899749,1,70.17128441887591,83.0214285706815,1.158596688082636,79.40930984566194,41.97551180097774,28.584046779094354,41.94245774374097
2,0.08415638285721692,1,231.258963339,0,70.19787187331538,83.01001615486452,1.1628981674882823,79.87655589327828,41.96442724295008,28.57778198504379,41.94408184623468
