run,obj_vals,opt_converged,opt_runtime,is_best_vec,param_1,param_2,param_3,param_4,param_5,param_6,param_7
1,0.08412137376131501,1,194.8884461,1,73.04682479331277,82.98271806284951,5.6927963631026275,77.83436161471701,43.11641381255077,26.260813867259806,48.285703141318955
2,0.08413206378672031,1,151.4297297,0,76.11984233211464,82.21975240007826,6.0471682134337055,83.86065585706227,42.52073702539242,27.027760918826022,49.00760742039613
