run,obj_vals,opt_converged,opt_runtime,is_best_vec,param_1,param_2,param_3,param_4,param_5,param_6,param_7
1,0.002134302597687592,1,200.492827491,1,31.00962313732526,107.30420776657752,0.022060161293224786,68.24355859043041,20.222977396717212,11.532524120467318,40.828912887679415
2,0.0021343025976880733,1,247.236863021,0,31.00962500037152,107.304206778312,0.02206035695843875,68.24355476192889,20.222978322825853,11.53252336696127,40.82891391961163
3,0.0021343025977781215,1,224.557321848,0,31.009628609503697,107.30420466751573,0.022060731588416593,68.24354227344438,20.222981886590844,11.532520506530288,40.82891587368798
4,0.0021343025981748905,1,212.246791847,0,31.009627036380685,107.3042067751484,0.02205637535155468,68.24353317456327,20.222975246536674,11.532525626688573,40.82892600229846
