iteration,param_1,param_2,param_3,param_4,param_5,param_6,param_7
1,83.61866117717555,133.03035180314748,0.0,48.6056940338268,28.88981194655934,26.621291139524438,17.038988625907674
2,57.29098408563059,133.44126366434423,0.0,29.86660686564472,60.93472013749492,36.318995792781536,35.08816874912646
3,147.44884333202734,101.3134741261153,0.0,31.504963829841508,41.110168952545095,21.274732813802434,21.094356800349527
4,125.66191442450916,126.53301179452585,0.0,26.97093678407442,48.27757201918375,12.809762977908088,36.42683034142388
