run,obj_vals,opt_converged,opt_runtime,is_best_vec,param_1,param_2,param_3,param_4,param_5,param_6,param_7
1,0.08334458307132239,1,277.251105049,1,109.82218518080784,36.180682501669274,-25.801963418265508,83.75898754188744,70.28433279573025,1.0,44.21412091457593
2,0.08386953320848456,1,236.475567816,0,98.67416882766157,40.2223702268851,-24.466929627240376,79.04325400367031,65.35663281547004,2.64396595749135,43.09566206539218
