run,obj_vals,opt_converged,opt_runtime,is_best_vec,param_1,param_2,param_3,param_4,param_5,param_6,param_7
1,0.07852363738431355,1,440.534980295,1,120.93964525053545,65.93301139899692,8.469062406371025,138.16635794629076,50.50367675377515,88.69484829923829,50.67087761273108
2,0.07852373814294156,1,1684.467681491,0,121.59332741535422,65.82969232340646,8.522998585151113,141.2029846447254,50.65370634579514,87.86150096411268,50.776510226359875
