run,obj_vals,opt_converged,opt_runtime,is_best_vec,param_1,param_2,param_3,param_4,param_5,param_6,param_7
1,0.07584374228049554,1,234.31992599,1,110.03107605240264,74.11059912989316,10.785855473660636,69.29040751756489,84.84416843014675,9.308834999855094,33.09385020505651
2,0.07600085746458554,1,171.958615789,0,107.70506622345589,74.2396012605249,9.653946511058118,68.94542236978394,80.90425939275607,7.891323295906335,32.89381170049716
