run,obj_vals,opt_converged,opt_runtime,is_best_vec,param_1,param_2,param_3,param_4,param_5,param_6,param_7
1,0.08419094137793427,1,729.624763742,0,84.80929392415906,75.92863863316995,-5.959000002731748,96.94032966953507,58.86309978933727,5.138901743136914,38.525047731998114
2,0.08418618221073354,1,328.896173302,1,83.42782724923916,76.16652353655454,-7.0093505634037045,87.75065957028636,60.49837146113254,5.799579055586645,38.44337666496749
