iteration,param_1,param_2,param_3,param_4,param_5,param_6,param_7
1,102.44368755987843,53.385615243526864,0.0,49.49239153695395,65.10783352792706,36.824521557622816,15.712561551073042
2,87.59567251905067,81.13805083823215,0.0,38.26320345160401,47.87833595052257,25.010416703241468,30.717997877290408
3,51.74497148449032,75.43950525888167,0.0,49.66973289820296,39.46468633657814,22.318717976464367,23.022363220666268
4,87.28723029326669,113.5146560075292,0.0,53.88422928411809,44.02444936649166,33.98274350238385,14.012344390553713
