{
    "fe_w2": 0.0,
    "delta": 0.9,
    "mu": 43.33413379935768,
    "fe_late": 0.0,
    "fe_w1": 0.0,
    "fe_w3": 0.0,
    "beta_e": 725.7211715293238,
    "prob_respond_alpha": 1.0,
    "gamma_01_factor": 1.0,
    "fe_w4": 0.0,
    "sigma_dt": 1.500864353532705,
    "alpha": 509.0004987542201,
    "fe_early": -30.82592696517811,
    "beta_l": 592.1601288508349,
    "gamma": 55.024681099568234,
    "prop_to_wage": 0.0
}
