run,obj_vals,opt_converged,opt_runtime,is_best_vec,param_1,param_2,param_3,param_4,param_5,param_6,param_7
1,0.07856444982575783,1,244.887638308,0,106.487965649249,102.45371722523228,9.96872529883528,70.23086088681592,56.89647870293399,17.11974342242245,46.61738470393845
2,0.07854552821086232,1,822.182395913,1,104.68752076031234,102.90146899960672,9.511179887938649,70.85715060142394,58.47068575743245,12.45982431344846,46.40556424612939
