run,obj_vals,opt_converged,opt_runtime,is_best_vec,param_1,param_2,param_3,param_4,param_5,param_6,param_7
1,0.004394859677011643,1,342.049448302,1,123.90798433033177,84.4727526802086,0.3442330864432601,89.15518908939097,18.192022247333913,12.162159418287482,97.52090158859177
2,0.004394884068746612,1,633.784425718,0,123.96592974292679,84.45868433814464,0.3523782574355951,89.16906781049174,18.20070246108382,12.162664509620587,97.54400190377743
3,0.004394902894448235,1,520.472902648,0,123.7771456739011,84.5089830776075,0.33184605594971806,89.18047954647867,18.173344377120557,12.157223814845421,97.47995712459806
4,0.004404318529308864,1,320.179912396,0,126.12308116013813,83.82896651789602,0.7064651240838095,90.03147886374394,18.10953383842643,12.13999608291069,98.3441898520932
