run,obj_vals,opt_converged,opt_runtime,is_best_vec,param_1,param_2,param_3,param_4,param_5,param_6,param_7
1,0.004043041063979409,1,336.189916279,0,120.95005842525661,85.63907570093942,-0.4446004011408904,92.94523732835839,17.734553003877004,12.141096088779127,97.64037220839336
2,0.004043040704108579,1,441.03448366,1,120.95588189971465,85.63671030396115,-0.44428242521248096,92.94458459639924,17.734755599391526,12.140930036185896,97.6422459389418
3,0.004043040805198686,1,313.324814168,0,120.95596035955296,85.63645858435596,-0.4444222382257267,92.94363652060642,17.734832462442675,12.141030687667925,97.64249225977264
4,0.004043042593893632,1,484.94052252,0,120.94018567292095,85.6429067677081,-0.44483951918773174,92.94378046190624,17.734606252778363,12.141123247601431,97.63692678043996
