run,obj_vals,opt_converged,opt_runtime,is_best_vec,param_1,param_2,param_3,param_4,param_5,param_6,param_7
1,0.08818499436406002,1,496.659091309,0,87.84229091195427,93.70310374187082,-8.253291518131102,42.92576656775322,282.92259734562435,28.418826202235305,40.258478434513954
2,0.088181550285524,0,3635.394155734,1,88.2648694844631,93.5915195420562,-8.120857797293018,42.85573529857873,275.2985342946335,28.649401282888974,40.335428173167976
