run,obj_vals,opt_converged,opt_runtime,is_best_vec,param_1,param_2,param_3,param_4,param_5,param_6,param_7
1,0.08690845805757819,1,178.125531417,1,106.94985060358663,77.29873280587995,-4.667372217898518,49.02254608576469,428.51604243107965,29.618888069232252,48.59318352432504
2,0.08696923103858195,1,532.115767433,0,107.07188831706033,77.770119167655,-3.5407262732314604,53.2056908614387,168.9813512940897,27.497103528371415,48.67362564268256
