run,obj_vals,opt_converged,opt_runtime,is_best_vec,param_1,param_2,param_3,param_4,param_5
1,0.0821810786065712,1,35.918064452,1,311.0760250955389,137.78794918844585,78.25332812530483,21.18188424927861,79.58964634164398
2,0.0821899508819931,1,30.688025874,0,309.0388147768987,135.57258361840957,78.48957500307752,21.08469987706903,78.68731270288967
