run,obj_vals,opt_converged,opt_runtime,is_best_vec,param_1,param_2,param_3,param_4,param_5,param_6,param_7
1,0.08757984271767882,1,461.25383882,0,120.1502179901824,85.68702866455104,-2.082152670854766,40.377814422451316,83.00942882370293,10.665753885510565,52.60509045557368
2,0.08757974897158526,1,399.023593126,1,120.22091775152604,85.6580188007578,-2.0930816299979895,40.371704406139095,82.41309540783583,10.67131247866368,52.626275625665755
