run,obj_vals,opt_converged,opt_runtime,is_best_vec,param_1,param_2,param_3,param_4,param_5,param_6,param_7
1,0.08806435726818065,1,302.280065293,0,105.42901432778883,85.80795862855776,-0.31190530430566954,42.80254834659407,86.92844818592815,7.307230519721531,54.25592414141623
2,0.08774751518448534,1,346.724723809,1,127.70310324088159,79.70114308646735,5.877764614043339,44.41581668051574,91.77922754438656,6.98794933899379,59.03540761479331
