run,obj_vals,opt_converged,opt_runtime,is_best_vec,param_1,param_2,param_3,param_4,param_5,param_6,param_7
1,0.0819027428758588,1,762.522403027,1,120.99580839823226,87.78763068705739,-20.99862053875126,164.64687934629856,47.3643082471421,71.62122636146192,58.88706607726838
2,0.08190275996134043,1,1175.036436666,0,119.58147348955497,88.21694023068055,-21.10413546600483,163.71975614399267,47.13344217467984,71.02915862110302,58.699406677927264
