run,obj_vals,opt_converged,opt_runtime,is_best_vec,param_1,param_2,param_3,param_4,param_5,param_6,param_7
1,0.08095305130764147,1,860.742739313,1,121.50470253270483,106.39547303988856,-22.940125956210565,115.60312049568925,50.029081741310264,62.65729543782826,56.73888731895171
2,0.0978348098760985,0,7255.58768512,0,130.34711755837293,118.65043494880777,0.5034868554136513,52.37626965665116,72.7971644908989,31.5993534490608,13.382319548372775
