{
    "fe_w2": 0.0,
    "delta": 0.9,
    "mu": 44.494077406427444,
    "fe_late": 0.0,
    "fe_w1": 0.0,
    "fe_w3": 0.0,
    "beta_e": 555.0807938007983,
    "prob_respond_alpha": 1.0,
    "gamma_01_factor": 1.0,
    "fe_w4": 0.0,
    "sigma_dt": 25.90727561244679,
    "alpha": 403.28130355275147,
    "fe_early": -9.384026660783979,
    "beta_l": 249.894232460606,
    "gamma": 79.55294261470769,
    "prop_to_wage": 0.0
}
