run,obj_vals,opt_converged,opt_runtime,is_best_vec,param_1,param_2,param_3,param_4,param_5,param_6,param_7
1,0.07991788360324811,1,522.083801043,1,122.82086732466834,75.70533967213818,0.3330084196478526,417.1155585436622,38.738317667304216,70.05173759541556,51.42540510335326
2,0.07991788360329528,1,493.488113002,0,122.82076545892906,75.70537703376955,0.3330381372335495,417.1090377091373,38.73860351927381,70.05278107893088,51.42540149445544
