run,obj_vals,opt_converged,opt_runtime,is_best_vec,param_1,param_2,param_3,param_4,param_5,param_6,param_7
1,0.07914116049421145,1,446.853796661,1,127.22432730275659,68.86429787263971,1.3766984408907557,251.00799114360322,37.66203505309868,59.62496455000169,45.87933327026293
2,0.0791411604942137,1,413.270366365,0,127.22432497761245,68.86429958389145,1.3767029861938471,251.0079747808541,37.66205809054114,59.62501716704109,45.87933383526281
