run,obj_vals,opt_converged,opt_runtime,is_best_vec,param_1,param_2,param_3,param_4,param_5,param_6,param_7
1,0.0017813479662718377,1,177.802188558,1,88.46920384152328,48.78672630340462,-0.25436580727469094,100.62439729765954,37.87709988954702,22.310733370998708,25.628351808839536
2,0.0017813479662744912,1,202.960326742,0,88.46921035524379,48.78672437108754,-0.25436465836320554,100.62444742205435,37.877088527239856,22.31076984072669,25.6283529486541
3,0.0017813888438894766,1,203.585111012,0,88.46546659295922,48.78780708759733,-0.2552560835355631,100.59214809654132,37.88633634044541,22.281558928680262,25.627713474091532
4,0.0017813479669757841,1,180.308944856,0,88.46919927210085,48.78672816334761,-0.2543649045964096,100.62447152345202,37.87708254405488,22.310787687633407,25.62835130885219
