run,obj_vals,opt_converged,opt_runtime,is_best_vec,param_1,param_2,param_3,param_4,param_5,param_6,param_7
1,0.08888737531822886,1,537.199144142,0,147.5416517303201,49.672512825625,-17.09340182071424,92.79154742532612,39.581462719892585,9.60182224563354,40.27626359274008
2,0.08789790511047739,1,325.629987487,1,145.76496574074477,49.47859676643245,-15.38546756850028,68.01582918105717,70.52086994491287,15.75233928720823,38.974862932198654
