run,obj_vals,opt_converged,opt_runtime,is_best_vec,param_1,param_2,param_3,param_4,param_5,param_6,param_7
1,0.05336910988124744,1,267.651602215,0,92.7982743264998,58.35597057109575,1.3220239441884143,153.62606326287215,57.22397959629273,4.211793471582058,78.0226557825318
2,0.05335956350250831,1,291.33795289,0,92.22479784879043,58.412484281242655,1.1928873028540055,156.03387361352233,57.0623731235208,4.579020609591759,77.83292722895641
3,0.05258973206963814,1,556.039502938,1,96.86159041204415,57.2891344583856,-0.47202521884910753,135.18456710024668,62.34234786172897,1.409693015766031,79.81548751927657
4,0.05428414638079611,1,817.116315807,0,80.68420655607397,65.35999413046541,-0.8137514117052751,108.03582365471152,100.5262506733958,1.0081007718264414,67.92388584912374
