run,obj_vals,opt_converged,opt_runtime,is_best_vec,param_1,param_2,param_3,param_4,param_5,param_6,param_7
1,0.07730344721095685,1,690.852271791,1,122.8277585622428,88.76951604690757,-27.360483492285006,54.895478198960134,54.32320131757193,20.46991041188895,58.97007789185728
2,0.07730362161695357,0,3649.21657646,0,122.9982631581908,88.69602838446816,-27.40171237932293,54.941414793636156,54.29952068041757,20.46404637162805,59.00353582300912
