run,obj_vals,opt_converged,opt_runtime,is_best_vec,param_1,param_2,param_3,param_4,param_5,param_6,param_7
1,0.0829884708457676,1,153.387733685,1,123.05376503881858,45.18088030900364,44.46380754141919,63.67801409620546,56.143880606172274,36.33402990690629,2.6867659953539786
2,0.08633878451168399,1,702.500089579,0,218.91966664604288,34.666017671376984,34.02320915076117,71.51860630667234,57.18708199397512,40.765971896598906,34.312528545776786
