run,obj_vals,opt_converged,opt_runtime,is_best_vec,param_1,param_2,param_3,param_4,param_5,param_6,param_7
1,0.07822255414624221,1,471.222654062,0,97.50295663532174,58.05804502533699,12.253786903624828,101.17080812533048,59.19260719003229,43.620974809144414,36.194014855200756
2,0.07821188538015407,1,548.054347106,1,97.52427164589871,58.03352692464129,12.296875525367716,98.5153148829159,59.851741937209994,43.96776608852364,36.2220684690855
