run,obj_vals,opt_converged,opt_runtime,is_best_vec,param_1,param_2,param_3,param_4,param_5,param_6,param_7
1,0.0761445751818867,1,188.657936464,1,96.63768782147388,58.84494296942831,18.002188631730125,126.19775042197804,80.8553093952247,57.59408083396427,39.242753299817
2,0.07614657908446272,1,205.66538579,0,94.17424109353512,59.31872612619117,17.24502892035675,108.3266485250347,78.2594472172129,38.88658159566053,38.9841156588292
