run,obj_vals,opt_converged,opt_runtime,is_best_vec,param_1,param_2,param_3,param_4,param_5,param_6,param_7
1,0.07552651773257592,1,143.313907343,0,118.127202354363,87.28923933710162,-34.35635100762965,146.48482663399713,65.6258190421197,19.687738993750006,41.91086488319409
2,0.07514905298384429,1,190.708268967,1,117.55634694479467,87.73727344097523,-34.05249739736438,122.60533364556872,65.19258591091466,23.629025269325744,41.405573948849096
