{
    "fe_w2": 0.0,
    "delta": 0.9,
    "mu": 38.12462278519354,
    "fe_late": 0.0,
    "fe_w1": 0.0,
    "fe_w3": 0.0,
    "beta_e": 486.16454339701363,
    "prob_respond_alpha": 1.0,
    "gamma_01_factor": 1.0,
    "fe_w4": 0.0,
    "sigma_dt": 1.7655097918355906,
    "alpha": 585.787897168414,
    "fe_early": -22.49792963420643,
    "beta_l": 344.4238265717091,
    "gamma": 43.490405628382156,
    "prop_to_wage": 0.0
}
