run,obj_vals,opt_converged,opt_runtime,is_best_vec,param_1,param_2,param_3,param_4,param_5,param_6,param_7
1,0.08410066877854672,1,423.382215345,0,167.43833054586693,74.0147478744859,36.36031818698761,50.311249513377014,73.6666297845117,34.55599319116059,52.46976750702237
2,0.08401149119364144,1,619.183419984,1,158.34012114921427,75.85810387985606,34.633556334493086,47.007915553907914,117.2750906400012,34.82657356881959,51.26387486943164
