run,obj_vals,opt_converged,opt_runtime,is_best_vec,param_1,param_2,param_3,param_4,param_5,param_6,param_7
1,0.08344495953101125,1,2321.671965545,0,162.14935955220608,64.49237192163817,41.10987888486295,61.874004374428395,90.95350624166338,46.41278125607476,50.70964773416509
2,0.08332267181453246,1,409.619417715,1,155.13531934588707,65.77849835133576,39.1026758258677,56.733102008700676,153.2902387539896,45.06676195319079,50.07896140895438
