run,obj_vals,opt_converged,opt_runtime,is_best_vec,param_1,param_2,param_3,param_4,param_5,param_6,param_7
1,0.08490693339100264,1,202.335126201,1,122.01212803478242,93.79385701788111,10.52094801776841,65.297664989345,53.12563199200135,28.463108694530565,44.21375537570014
2,0.08490754760157113,1,222.967287725,0,122.47479561037851,93.5553794755294,10.344912725516156,64.90521764511371,52.78479037750687,28.223588758739545,44.291942572235605
