run,obj_vals,opt_converged,opt_runtime,is_best_vec,param_1,param_2,param_3,param_4,param_5,param_6,param_7
1,0.08274314711994488,1,438.050273975,1,146.20836708301593,72.59980287823144,8.390353237579655,96.18619215350888,54.687564211124325,22.71062622414347,53.91129188370388
2,0.08279338610127966,1,327.527632333,0,149.08365014998705,71.82668114232274,8.449767952495144,97.21310063266169,54.73413546126547,21.697968957902,54.31160255539762
