run,obj_vals,opt_converged,opt_runtime,is_best_vec,param_1,param_2,param_3,param_4,param_5,param_6,param_7
1,0.06807331475700182,1,235.339447353,0,72.87124656023776,59.255899879116136,3.986141807100899,70.67138481586655,24.95877892712861,30.517290909145135,54.02611151910021
2,0.06807221873727073,1,385.18463531,1,72.76761908122681,59.25368404928629,3.9664578914158604,71.43787851717235,24.900724000719496,30.396508947973864,54.02077472583559
3,0.06807257155799724,1,277.975953656,0,72.77881333337776,59.275176371947644,3.9602967481033575,71.35829203592064,24.956272061427864,30.452115437047684,54.019057517008285
4,0.06807246904173789,1,275.819081574,0,72.78254100414664,59.237960717162274,3.9613521748151737,71.11483197046073,24.879425313994897,30.369169956728275,54.03162896893762
