{
    "fe_w2": 0.0,
    "delta": 0.9,
    "mu": 54.92675651517908,
    "fe_late": 0.0,
    "fe_w1": 0.0,
    "fe_w3": 0.0,
    "beta_e": 331.62794935409556,
    "prob_respond_alpha": 1.0,
    "gamma_01_factor": 1.0,
    "fe_w4": 0.0,
    "sigma_dt": 23.738698904721684,
    "alpha": 771.3056428874486,
    "fe_early": 9.759601808289029,
    "beta_l": 1001.5230652903429,
    "gamma": 56.68345295671671,
    "prop_to_wage": 0.0
}
