run,obj_vals,opt_converged,opt_runtime,is_best_vec,param_1,param_2,param_3,param_4,param_5,param_6,param_7
1,0.08408240681238519,1,257.586521611,0,163.53177626686917,67.01986288896667,-11.210486339990274,88.53049029922225,102.7225546825614,8.279690451941281,45.94066366059536
2,0.084036787196658,1,293.771024267,1,161.99367789521844,65.80244200792846,-13.461698006684308,87.42051584142918,106.97649239342515,8.006459811345827,46.16883632837702
