run,obj_vals,opt_converged,opt_runtime,is_best_vec,param_1,param_2,param_3,param_4,param_5,param_6,param_7
1,0.08494354572982607,1,365.553659684,0,67.54811439866796,101.29014083103803,2.6290720612752625,51.33346313969502,136.7726965998584,40.30270678954381,47.50240043696071
2,0.08476263136315455,1,451.452733859,1,65.15247070634238,102.27404861826533,2.987805501902015,50.043967176107564,220.96259250956334,41.625456048984674,46.002759963485616
