run,obj_vals,opt_converged,opt_runtime,is_best_vec,param_1,param_2,param_3,param_4,param_5,param_6,param_7
1,0.08224624397778736,1,1378.086095471,1,132.68238102017978,75.57930019081478,-5.100458468504557,178.13649460061075,48.17575653672177,78.84040853607553,53.5674668401331
2,0.08226211389754448,1,836.725842582,0,132.36791478795686,75.7193209540118,-5.006264893981708,182.81733710285008,48.194118797721416,78.94480486104494,53.47736207718088
