run,obj_vals,opt_converged,opt_runtime,is_best_vec,param_1,param_2,param_3,param_4,param_5,param_6,param_7
1,0.0835210394310569,1,290.434200059,1,134.79641652088824,67.71890650290851,-5.04605157714832,167.09023372382794,46.83330608781285,67.50744765927958,46.304327847564245
2,0.08367807501075412,1,782.891218333,0,135.3526924455469,67.15176264328831,-5.4529051925154235,116.22528334875813,47.708702220975894,60.824485355785065,46.2078387504363
