{
    "fe_w2": 0.0,
    "delta": 0.9,
    "mu": 54.83738606872897,
    "fe_late": 0.0,
    "fe_w1": 0.0,
    "fe_w3": 0.0,
    "beta_e": 422.3299342254041,
    "prob_respond_alpha": 1.0,
    "gamma_01_factor": 1.0,
    "fe_w4": 0.0,
    "sigma_dt": 21.105375717684648,
    "alpha": 810.8347718317616,
    "fe_early": -4.633790045318539,
    "beta_l": 476.83092614506006,
    "gamma": 58.37203591460288,
    "prop_to_wage": 0.0
}
