run,obj_vals,opt_converged,opt_runtime,is_best_vec,param_1,param_2,param_3,param_4,param_5,param_6,param_7
1,0.07171380481504477,1,297.636653373,0,109.63136453983233,55.739636315235714,-3.8186453819678134,67.00352655257944,35.37400534308136,25.657325494324677,64.80037186808163
2,0.07171178767948454,1,235.69065539,1,109.9964130414712,55.526656090638774,-4.187311087763994,66.97913527030973,35.23448783201703,25.563384719042705,65.04204108643631
3,0.07172370935771966,1,209.693403309,0,109.72753726193939,55.318952549302196,-4.140350832564388,66.37634694764202,35.199181256148016,24.417372531893605,64.86738220047363
4,0.07171348031212044,1,230.356599884,0,109.89686651728493,55.58364427610738,-4.224932882579365,66.601557761645,35.32587107412942,25.221278196082316,65.02746500999389
