{
    "fe_w2": 0.0,
    "delta": 0.9,
    "mu": 56.41620143254725,
    "fe_late": 0.0,
    "fe_w1": 0.0,
    "fe_w3": 0.0,
    "beta_e": 438.99917648825124,
    "prob_respond_alpha": 1.0,
    "gamma_01_factor": 1.0,
    "fe_w4": 0.0,
    "sigma_dt": 16.95249403981162,
    "alpha": 694.0706649606373,
    "fe_early": -27.180959801144425,
    "beta_l": 469.8692462738817,
    "gamma": 57.0325096736234,
    "prop_to_wage": 0.0
}
