run,obj_vals,opt_converged,opt_runtime,is_best_vec,param_1,param_2,param_3,param_4,param_5,param_6,param_7
1,0.09091813146826988,1,782.825316904,0,66.4599894759789,101.31475703527558,-23.475738970208177,43.16794921121986,84.75539357925823,20.81941015710495,49.45806344839007
2,0.09091472846615334,0,3630.928322865,1,63.12709376954415,102.55328560844004,-23.82920317904797,42.82025484943529,83.89209566513262,20.645412643653966,49.18267721448504
