{
    "fe_w2": 0.0,
    "delta": 0.9,
    "mu": 51.13752539420373,
    "fe_late": 0.0,
    "fe_w1": 0.0,
    "fe_w3": 0.0,
    "beta_e": 573.0929503699265,
    "prob_respond_alpha": 1.0,
    "gamma_01_factor": 1.0,
    "fe_w4": 0.0,
    "sigma_dt": 63.383424183650526,
    "alpha": 1051.2046784192053,
    "fe_early": 11.479276768601657,
    "beta_l": 286.07107221439884,
    "gamma": 54.136446471599086,
    "prop_to_wage": 0.0
}
