run,obj_vals,opt_converged,opt_runtime,is_best_vec,param_1,param_2,param_3,param_4,param_5,param_6,param_7
1,0.09384022995430089,1,184.650155112,0,45.623407458297294,126.19972888244997,-9.947333922857183,77.19862374769004,59.472418690017385,5.3199925278274325,42.50639187407552
2,0.09275622938779962,1,696.827474606,1,48.061930222485394,120.98340282887237,-13.981725840846082,84.0443463511683,57.66559198213578,6.260659189116559,43.81008044483929
