run,obj_vals,opt_converged,opt_runtime,is_best_vec,param_1,param_2,param_3,param_4,param_5,param_6,param_7
1,0.08152378438098722,1,285.152362002,1,164.00624895998126,43.1907768460765,21.314635329476083,61.24216797026088,54.32354821216922,30.98254311578072,43.405266276606234
2,0.08152380515426207,1,477.110905684,0,163.9422928124452,43.198362255456495,21.30342606491091,61.28565571740931,54.30888611564707,30.979057064693393,43.400121284740976
