{
    "fe_w2": 0.0,
    "delta": 0.9,
    "mu": 62.226915558499876,
    "fe_late": 0.0,
    "fe_w1": 0.0,
    "fe_w3": 0.0,
    "beta_e": 614.7205968482023,
    "prob_respond_alpha": 1.0,
    "gamma_01_factor": 1.0,
    "fe_w4": 0.0,
    "sigma_dt": 48.63884514226165,
    "alpha": 781.2064229659813,
    "fe_early": -23.757321820023304,
    "beta_l": 355.82699080539714,
    "gamma": 53.56914434099459,
    "prop_to_wage": 0.0
}
