run,obj_vals,opt_converged,opt_runtime,is_best_vec,param_1,param_2,param_3,param_4,param_5,param_6,param_7
1,0.08656582257559628,1,246.489232487,0,29.097285550202276,131.52895135413107,-1.03601894135722,64.66503850920294,46.51655873224286,18.43412362525317,42.057863533749135
2,0.08656163726060995,1,282.952439238,1,28.086266747438213,132.30746877416766,-1.0888247793731836,65.74853272494559,46.520346146502774,18.37323777299372,41.495164473873686
