run,obj_vals,opt_converged,opt_runtime,is_best_vec,param_1,param_2,param_3,param_4,param_5,param_6,param_7
1,0.08762506601278212,0,3625.83171411,1,27.83299384299528,115.95497866762717,-0.9779228385530033,74.80885498203872,52.280749012362605,19.850469217106717,44.2599804626668
2,0.08762542239303336,1,462.588458338,0,27.479743941563566,116.3380941806891,-1.1625972698328702,72.68014724791261,51.99947836382259,17.486030536504522,44.04395071009094
