run,obj_vals,opt_converged,opt_runtime,is_best_vec,param_1,param_2,param_3,param_4,param_5,param_6,param_7
1,0.0843639351919202,1,365.053356997,0,173.9178159493548,74.06226304879051,7.190148126211614,71.22334158470646,93.88850636022099,13.368806630010527,42.40833752723214
2,0.08368796035105397,1,616.122521899,1,137.62036542990427,81.58974530369224,-6.646592386009902,88.73445672008182,82.36353013601558,1.0009861962365278,32.09724057915735
