run,obj_vals,opt_converged,opt_runtime,is_best_vec,param_1,param_2,param_3,param_4,param_5,param_6,param_7
1,0.08398681140600964,1,762.598460775,0,148.56166848444016,74.57816075562404,5.569529024654931,68.46553208161488,65.0136456225237,17.050669300179617,36.24430095866531
2,0.08398681134403446,1,647.886927115,1,148.54692374377836,74.58147947152223,5.562123654886948,68.45882399027309,65.01263081891175,17.049194808163726,36.24471491967031
