run,obj_vals,opt_converged,opt_runtime,is_best_vec,param_1,param_2,param_3,param_4,param_5,param_6,param_7
1,0.08525594390161198,1,230.293540419,1,153.5455890714465,75.34719267206894,-23.11468984818562,121.1151873693826,78.0200497412823,11.093455792605553,38.79733008743377
2,0.08567200796139407,1,189.173686201,0,149.04221062041756,77.20103247612614,-25.247583200471183,107.14291160141576,89.4245408689106,16.481358040561986,38.42443033070275
