run,obj_vals,opt_converged,opt_runtime,is_best_vec,param_1,param_2,param_3,param_4,param_5,param_6,param_7
1,0.08647159832002665,1,146.078530878,0,140.93292805337967,78.42289573456935,-10.51622837039039,100.93468825123668,58.83015717104817,22.679618790969293,35.2066015955696
2,0.08634943105404054,1,812.752188268,1,139.76770983952653,78.62239136805188,-10.856517054783673,113.08278273639992,59.25573496048372,20.207556415027224,35.01123535441014
