run,obj_vals,opt_converged,opt_runtime,is_best_vec,param_1,param_2,param_3,param_4,param_5,param_6,param_7
1,0.08551511441387909,1,324.568910622,0,104.2558067572499,71.80441439507634,4.653113930385872,181.29908618494687,39.475762518726626,24.644566234901404,42.36142805780531
2,0.08547616389268986,1,397.357011954,1,105.02753399641864,71.60168846727116,4.762837822409376,204.91702507099745,39.046736530717865,26.534243183188128,42.52637881561306
