run,obj_vals,opt_converged,opt_runtime,is_best_vec,param_1,param_2,param_3,param_4,param_5,param_6,param_7
1,0.08147231499161486,1,213.138951658,0,145.8709127119643,56.34233066985742,-10.05330078329198,113.81928790769132,63.42348871815695,24.715558203421228,47.97254230517808
2,0.08142975041993145,1,340.69779441,1,146.24922377398605,56.18341010502906,-10.127802527117048,110.62781872636592,65.1493563985953,24.478033616408425,48.037265036281106
