run,obj_vals,opt_converged,opt_runtime,is_best_vec,param_1,param_2,param_3,param_4,param_5,param_6,param_7
1,0.08094782960199785,1,159.185410168,1,155.60837871890323,55.37159444576828,-12.780761790612617,126.32736178684816,74.78829346734086,23.17302698171395,53.46795500340278
2,0.08101780362305107,1,208.267020952,0,157.2237005567175,54.605246364347934,-13.555975290767659,118.47233440633427,72.76561139614063,25.550299014442935,53.9141048542849
