{
    "fe_w2": 0.0,
    "delta": 0.9,
    "mu": 37.48559981083496,
    "fe_late": 0.0,
    "fe_w1": 0.0,
    "fe_w3": 0.0,
    "beta_e": 3849.523978754364,
    "prob_respond_alpha": 1.0,
    "gamma_01_factor": 1.0,
    "fe_w4": 0.0,
    "sigma_dt": 45.263935055205366,
    "alpha": 328.3145455378125,
    "fe_early": 3.104195283829016,
    "beta_l": 209.74482911657077,
    "gamma": 83.08606697952203,
    "prop_to_wage": 0.0
}
