run,obj_vals,opt_converged,opt_runtime,is_best_vec,param_1,param_2,param_3,param_4,param_5,param_6,param_7
1,0.08172768434355049,1,439.466896861,0,114.62837259280526,97.22585249442679,2.1833683870388536,94.50244929998877,53.933673871880224,26.694582370525367,56.03727892529041
2,0.08119114047539971,1,166.068594366,1,110.76479221380056,99.34223183450577,3.3206908230914496,246.83285395833963,49.35582245805108,62.37602313299252,56.038600657211376
