run,obj_vals,opt_converged,opt_runtime,is_best_vec,param_1,param_2,param_3,param_4,param_5,param_6,param_7
1,0.09249614612230014,1,1646.598040721,1,257.2412762100042,53.95874103537536,0.49459890812327156,105.00567680852886,75.32359006190751,11.654143407215866,57.18815507210645
2,0.09251424558636888,1,1445.834717584,0,254.78189277925236,54.44864842239478,0.2678918384424948,103.86287631883047,76.51166585448613,11.90953957014416,57.03491881800439
