{
    "fe_w2": 0.0,
    "delta": 0.9,
    "mu": 54.282769621441716,
    "fe_late": 0.0,
    "fe_w1": 0.0,
    "fe_w3": 0.0,
    "beta_e": 341.6359228863047,
    "prob_respond_alpha": 1.0,
    "gamma_01_factor": 1.0,
    "fe_w4": 0.0,
    "sigma_dt": 19.243290716706237,
    "alpha": 681.261620165124,
    "fe_early": -36.16003343082489,
    "beta_l": 716.4260154848813,
    "gamma": 61.320584288312034,
    "prop_to_wage": 0.0
}
