run,obj_vals,opt_converged,opt_runtime,is_best_vec,param_1,param_2,param_3,param_4,param_5,param_6,param_7
1,0.05733420594256891,1,535.450993521,0,38.3864079674244,98.21547937415944,-0.321196403311241,79.41547631636689,149.39454716963414,20.393562265288153,29.534008486402396
2,0.05752302383170933,1,392.662030577,0,42.0406196361161,97.83381654739053,0.3117119230895209,83.21326314375484,101.3308048928207,17.248371138095955,31.25098366969606
3,0.05747419053030917,1,213.514370495,0,40.97217261893755,98.00260330104788,0.23610076325315058,87.02044449103413,104.10803184817493,20.615231233180566,30.861475694949693
4,0.05728541066907224,1,389.81110322,1,38.147394982453676,97.98771634514142,-0.5185942130280231,75.02201226355105,191.66021406969634,18.76338892424651,28.895734552886438
