{
    "fe_w2": 0.0,
    "delta": 0.9,
    "mu": 59.10876817763795,
    "fe_late": 0.0,
    "fe_w1": 0.0,
    "fe_w3": 0.0,
    "beta_e": 339.32907197960174,
    "prob_respond_alpha": 1.0,
    "gamma_01_factor": 1.0,
    "fe_w4": 0.0,
    "sigma_dt": 13.872020860744852,
    "alpha": 700.8186769805797,
    "fe_early": 14.58013092204433,
    "beta_l": 322.0028499585437,
    "gamma": 76.48743578754582,
    "prop_to_wage": 0.0
}
