run,obj_vals,opt_converged,opt_runtime,is_best_vec,param_1,param_2,param_3,param_4,param_5,param_6,param_7
1,0.09218378467511061,1,255.195883595,1,156.06343846328627,52.85920130813746,-2.2641357106681697,80.10984332884381,80.96711045240761,23.210201601559984,54.95668735433969
2,0.09226665382737216,1,196.964394428,0,156.74375222524762,52.54438629604668,-2.2482689672486225,80.69081019448446,80.11782306287701,24.6446307728622,55.03547438016074
