run,obj_vals,opt_converged,opt_runtime,is_best_vec,param_1,param_2,param_3,param_4,param_5,param_6,param_7
1,0.07793009290705406,1,338.002544332,1,108.549701939419,68.52480510804654,-33.20586099198163,67.0340018072137,65.09051252980352,14.677472945240886,52.98673766851437
2,0.0779300936236916,1,288.508393204,0,108.52811805662277,68.53551907494072,-33.20156370990834,67.03664463631809,65.0953123301318,14.679424489549513,52.98386943772783
