{
    "fe_w2": 0.0,
    "delta": 0.9,
    "mu": 52.68434585762049,
    "fe_late": 0.0,
    "fe_w1": 0.0,
    "fe_w3": 0.0,
    "beta_e": 421.448678281533,
    "prob_respond_alpha": 1.0,
    "gamma_01_factor": 1.0,
    "fe_w4": 0.0,
    "sigma_dt": 13.14860273511367,
    "alpha": 454.70163940923635,
    "fe_early": -6.3013896085575505,
    "beta_l": 580.779336922691,
    "gamma": 91.25370454065417,
    "prop_to_wage": 0.0
}
