run,obj_vals,opt_converged,opt_runtime,is_best_vec,param_1,param_2,param_3,param_4,param_5,param_6,param_7
1,0.07834971352590425,1,361.765579681,1,71.43614691843655,52.63705857456817,4.67747222275066,45.88485427821696,63.37987675672697,6.178389815817274,39.580861076829315
2,0.07836692605966715,1,237.367759294,0,70.99753309707064,52.50734708370578,4.573644427238964,46.14564643855206,61.03409730415296,6.346389807047183,39.43861518908243
