run,obj_vals,opt_converged,opt_runtime,is_best_vec,param_1,param_2,param_3,param_4,param_5,param_6,param_7
1,0.07754748950091028,1,424.472798662,0,81.69810696726432,80.89002207809658,-27.46241946840706,174.29362783169117,69.75526082831475,83.53930776873726,55.158878834231885
2,0.07753303986748179,1,373.779969953,1,81.76277054467666,80.80863016280966,-27.438180902543927,176.53447583347537,72.0849767425612,87.71053008448536,55.24311655090099
