run,obj_vals,opt_converged,opt_runtime,is_best_vec,param_1,param_2,param_3,param_4,param_5,param_6,param_7
1,0.07663817769575282,0,7219.756918461,1,184.29539480968225,30.612611303961632,5.561169051863538,61.30230565801264,53.54671011907444,107.72171384245584,51.02121017534247
2,0.07663843171286251,1,336.957505875,0,184.2644288364705,30.586370706267076,5.462047877243251,61.26126071265429,53.766997528124996,106.14767083689583,51.00117786879713
