run,obj_vals,opt_converged,opt_runtime,is_best_vec,param_1,param_2,param_3,param_4,param_5,param_6,param_7
1,0.08508873170941607,1,659.622525611,1,164.33986485651425,31.389536234523725,16.599688490791554,68.9121941156258,79.27037950486135,13.017434210507297,38.30109215622661
2,0.08721631627415019,1,400.045706978,0,122.99402110172049,38.52807037169882,10.02571991310095,73.9406304216094,88.23347845982663,1.000000018810757,35.434382545684194
