run,obj_vals,opt_converged,opt_runtime,is_best_vec,param_1,param_2,param_3,param_4,param_5,param_6,param_7
1,0.0749181707105142,1,263.535628493,1,206.0936455860578,20.649755179335543,-6.039551265635076,72.11656995599752,180.71450208928974,14.772017653670813,51.74771040679583
2,0.07534514498461675,1,1703.799189699,0,162.91908366574285,27.810364259598174,-0.14334823868514104,73.53888070113634,89.22993358993799,15.433059039176758,45.662880677106415
