run,obj_vals,opt_converged,opt_runtime,is_best_vec,param_1,param_2,param_3,param_4,param_5,param_6,param_7
1,0.0752062762881974,1,364.787030043,0,301.3156532470356,19.3493258276334,4.983717257589072,88.74077093338242,87.37268769065983,18.801292314081135,58.255683856162875
2,0.07509129429481369,1,691.453838669,1,331.8318464914418,15.68055743965552,4.123617429935385,94.65463634033578,96.23253425380143,17.687725217691195,61.407337859662256
