{
    "fe_w2": 0.0,
    "delta": 0.9,
    "mu": 50.67087761273108,
    "fe_late": 0.0,
    "fe_w1": 0.0,
    "fe_w3": 0.0,
    "beta_e": 828.9981476777446,
    "prob_respond_alpha": 1.0,
    "gamma_01_factor": 1.0,
    "fe_w4": 0.0,
    "sigma_dt": 88.69484829923829,
    "alpha": 725.6378715032126,
    "fe_early": 8.469062406371025,
    "beta_l": 303.0220605226509,
    "gamma": 65.93301139899692,
    "prop_to_wage": 0.0
}
