run,obj_vals,opt_converged,opt_runtime,is_best_vec,param_1,param_2,param_3,param_4,param_5,param_6,param_7
1,0.07582649927410724,1,288.477233157,1,157.76512065949606,53.82885375750374,-10.709784406090305,94.9531633057147,65.92386725201536,26.078712714686453,43.234233144647945
2,0.07582666258367393,1,309.679989607,0,157.7070539594547,53.85510242083907,-10.732911629912937,94.90450296397063,66.03559147783399,26.170712255562947,43.21048613926727
