run,obj_vals,opt_converged,opt_runtime,is_best_vec,param_1,param_2,param_3,param_4,param_5,param_6,param_7
1,0.07755037858907769,1,1107.509218838,0,144.00982479072414,59.497167919013805,-4.583797027496864,85.41648422163759,57.75805858068184,27.37189686977632,37.79936807159374
2,0.07755036510369266,1,428.717091154,1,143.58974821938574,59.65776158661054,-4.770540611408132,85.53526217497985,57.86581992609597,27.361992965434656,37.782957730294726
