run,obj_vals,opt_converged,opt_runtime,is_best_vec,param_1,param_2,param_3,param_4,param_5,param_6,param_7
1,0.07588053133002105,1,318.089913918,0,46.431892218733545,50.95686661872333,-10.145887795424253,95.01986530146648,63.146230769217134,4.357497199865315,27.436018763055763
2,0.07559889031682718,1,792.458767548,1,50.28292840029856,49.34589247927668,-9.288413101932521,91.21712930002354,61.11067913970352,1.8707970197211528,27.634982893231555
