run,obj_vals,opt_converged,opt_runtime,is_best_vec,param_1,param_2,param_3,param_4,param_5,param_6,param_7
1,0.07674845264372929,1,502.288236368,0,48.24672212907045,41.608066088731206,-7.380609833656226,98.48753213996821,67.53631662821998,1.0000006548835811,27.52984910526881
2,0.0763062837710639,1,425.92502684,1,41.82077785285112,43.77745425067873,-9.238620845885182,102.56772770009962,58.335839540516254,1.0,26.914171011965536
