run,obj_vals,opt_converged,opt_runtime,is_best_vec,param_1,param_2,param_3,param_4,param_5,param_6,param_7
1,0.083700804691769,1,282.748232402,1,77.20440485487771,94.29810821355231,-23.302489307362983,73.53728406053831,57.47405143174825,5.438416390262392,43.97802398219774
2,0.08371359941819265,1,324.874716655,0,75.28653901179105,94.98068592188385,-22.650047142738646,63.80279393286554,56.152423557063834,9.966370161199885,43.5622457244967
