run,obj_vals,opt_converged,opt_runtime,is_best_vec,param_1,param_2,param_3,param_4,param_5,param_6,param_7
1,0.09157151291273122,1,3517.314750582,0,113.00461936364117,111.87450171718935,8.642068667648777,78.27239446057894,49.85048241783365,46.06940577939198,44.06410417233773
2,0.09156850148812529,1,338.606369959,1,114.17305089344521,111.39559585063772,8.769326290265873,79.0208302716926,49.89505447995494,44.900108819368214,44.272601058253294
