run,obj_vals,opt_converged,opt_runtime,is_best_vec,param_1,param_2,param_3,param_4,param_5,param_6,param_7
1,0.09052283165531899,1,417.055883424,1,126.1649223340065,99.04845168425378,16.281629502665474,176.93112791921078,50.46897407524265,34.026520077781115,50.69601564107869
2,0.09054963576693202,1,345.328246647,0,128.67907728713558,98.70326571622483,17.36484650461407,173.10535961760363,50.28867293644986,46.46285429875404,51.1196917225423
