run,obj_vals,opt_converged,opt_runtime,is_best_vec,param_1,param_2,param_3,param_4,param_5,param_6,param_7
1,0.08504270776558856,1,398.16357242,1,185.32441381461567,70.09424236628172,-1.520541299546444,70.57352376792309,47.251091728093115,28.3958402132623,52.33239429834361
2,0.08504274496384169,1,558.778570911,0,184.8183109884161,70.20061326356479,-1.5655167341856204,70.63761921659345,47.27526652995945,28.47331103657518,52.28685062269072
