run,obj_vals,opt_converged,opt_runtime,is_best_vec,param_1,param_2,param_3,param_4,param_5,param_6,param_7
1,0.0847197647490102,1,1076.825013437,0,169.6512222712402,64.78450623058431,0.5659450329437788,81.3957625669661,47.957434128556855,40.751464213008056,52.066358179585066
2,0.08471873698769991,1,540.231711486,1,169.35253408227646,64.72199206998567,0.37767497752268314,80.61707283720635,48.115517988346284,39.653438979853455,52.01557539997236
