run,obj_vals,opt_converged,opt_runtime,is_best_vec,param_1,param_2,param_3,param_4,param_5,param_6,param_7
1,0.08586282296331202,0,7240.8067301,0,80.11704223371731,71.13521799213156,-9.458304191539991,56.84623185749072,39.91228128867199,28.76163403787562,34.47375529738995
2,0.08586266105155568,1,386.728756765,1,79.11729083756806,71.2614504904425,-9.39028105464912,56.60633496542789,39.81689623364509,28.69060209214686,34.25883344478071
