run,obj_vals,opt_converged,opt_runtime,is_best_vec,param_1,param_2,param_3,param_4,param_5,param_6,param_7
1,0.09059235426186493,1,271.095505857,0,118.04676817018962,69.02604755229835,-12.101910687036467,144.2061027137119,78.27670000221497,15.88712723069813,50.80349011818427
2,0.08980939198854726,1,750.00596466,1,112.21231959451606,71.13451542925958,-13.613469453769474,132.33489063189313,88.76836247819621,6.79254190105199,50.72744818522375
