run,obj_vals,opt_converged,opt_runtime,is_best_vec,param_1,param_2,param_3,param_4,param_5,param_6,param_7
1,0.08960934094829316,1,427.831062928,1,126.05321409686476,81.7887111450164,-22.94337472883941,110.73290164828954,72.75835036496763,11.67801564327525,51.65661618754106
2,0.0898593878902223,1,226.321148903,0,129.92006988463112,79.09383787674341,-23.62334187710716,127.72915321802424,67.93672346140224,11.567472630776505,51.36362683901062
