run,obj_vals,opt_converged,opt_runtime,is_best_vec,param_1,param_2,param_3,param_4,param_5
1,0.09081990337740448,1,73.306917897,0,357.86914091670377,128.34325681186976,65.08047457962759,45.14178232293552,102.92592858938339
2,0.0907993618263063,1,108.923771195,1,359.9779112556587,125.94668388429925,65.61612234960327,45.00421726448566,103.43708565382369
