run,obj_vals,opt_converged,opt_runtime,is_best_vec,param_1,param_2,param_3,param_4,param_5,param_6,param_7
1,0.0713863064941002,1,801.996309117,1,103.18457369559434,74.85219281074252,7.79672405598443,66.33562291267545,62.23609977482001,16.62404293867055,35.374178559257324
2,0.0714021045548135,1,617.827890845,0,102.58423094744602,75.0503883314118,7.837409805367035,66.71481907021361,62.2551719397099,16.50119713758803,35.20413242382553
