run,obj_vals,opt_converged,opt_runtime,is_best_vec,param_1,param_2,param_3,param_4,param_5,param_6,param_7
1,0.07153171174869294,1,125.58650602,1,101.8833966815179,76.36544537846173,8.134097594541146,65.01162092484242,79.1584429503998,15.229682839714238,38.34615668635346
2,0.07157502423145685,1,1384.841914918,0,99.56004823329319,76.80184520438945,8.31736605049164,62.786934622416815,97.02371624256614,15.09369373946086,37.484302900729546
