run,obj_vals,opt_converged,opt_runtime,is_best_vec,param_1,param_2,param_3,param_4,param_5,param_6,param_7
1,0.07697741627139816,1,307.557335254,0,147.16228593803052,69.76989123367052,-4.120309889902651,71.21636650649823,60.62652990832994,19.155258711235053,41.9368852205995
2,0.07696303329148604,1,506.214313834,1,144.09847087758723,70.86811623117627,-4.747781399809684,69.71491291186862,59.335187052143354,18.36509350112505,41.54761317008952
