{
    "fe_w2": 0.0,
    "delta": 0.9,
    "mu": 54.7400291302985,
    "fe_late": 0.0,
    "fe_w1": 0.0,
    "fe_w3": 0.0,
    "beta_e": 368.65441680191395,
    "prob_respond_alpha": 1.0,
    "gamma_01_factor": 1.0,
    "fe_w4": 0.0,
    "sigma_dt": 15.387677497803224,
    "alpha": 467.547802474804,
    "fe_early": -19.06166499052709,
    "beta_l": 240.35487788208462,
    "gamma": 78.20513646168853,
    "prop_to_wage": 0.0
}
