run,obj_vals,opt_converged,opt_runtime,is_best_vec,param_1,param_2,param_3,param_4,param_5,param_6,param_7
1,0.08632772175366879,0,7228.777594475,1,99.64566073830837,96.3066978416377,-14.885390798082133,81.8698246358184,59.26639169143809,31.988973152278454,44.64038907215028
2,0.08633137420635731,0,7243.578483679,0,100.14307881951288,96.63328874830113,-15.04908427610897,84.31946795443046,60.27155034099605,35.28299518898528,45.17341420412799
