run,obj_vals,opt_converged,opt_runtime,is_best_vec,param_1,param_2,param_3,param_4,param_5,param_6,param_7
1,0.08681003820566988,1,571.473932036,0,84.71521500487913,87.7344564928581,-17.134204771896048,91.2276687214899,63.066694715137494,37.72645797860732,44.26696775950633
2,0.0868100382056656,1,588.951458867,1,84.71528938940884,87.7344372264903,-17.134201992763728,91.2276129022774,63.06667702831544,37.72644408211636,44.26697868035472
