run,obj_vals,opt_converged,opt_runtime,is_best_vec,param_1,param_2,param_3,param_4,param_5,param_6,param_7
1,0.08010324155215667,1,269.457444451,1,160.70763044995576,65.3705072371295,-13.744580838956743,85.17578973136204,46.193749581593224,10.855569063982411,64.79194564022815
2,0.08010899084735663,1,185.341880627,0,157.1568480142362,66.12343600831342,-14.852311829475767,84.3537241387906,46.17269924846607,10.687386436245296,64.33356274312139
