run,obj_vals,opt_converged,opt_runtime,is_best_vec,param_1,param_2,param_3,param_4,param_5,param_6,param_7
1,0.08188464607915798,1,180.350117974,0,164.56994510885838,72.6965864245734,5.129126778360169,67.16736445720827,58.96993667130961,34.47740668991744,47.37203333935685
2,0.08158085504950569,1,495.267335196,1,158.9731433920748,74.68304978275557,1.5059584417345684,60.56320745057549,67.02551526530235,17.105937181873497,47.56204201433124
