iteration,param_1,param_2,param_3,param_4,param_5,param_6,param_7
1,85.62307659417517,121.42776769453545,0.0,49.027589422051584,26.601897005726094,35.3930952355819,14.491257967095375
2,137.66077867399935,102.33278708269418,0.0,48.9642395409281,63.14528942235028,18.781125974751195,34.289124429765415
3,127.9855953244041,125.60832679389182,0.0,34.874590396380576,59.99618177200039,35.30705050876359,26.147453141486398
4,54.63013280557053,94.24608342836368,0.0,60.605434749826756,63.59545299946785,20.203248176092714,36.76245529480398
