run,obj_vals,opt_converged,opt_runtime,is_best_vec,param_1,param_2,param_3,param_4,param_5,param_6,param_7
1,0.06817343305878669,1,697.336040416,1,57.738801749440796,114.87314707658658,-2.762200468782131,121.55831010730165,55.64671031775513,4.030187035945047,48.68527660016573
2,0.0683866193619912,1,546.39753255,0,58.812177404256026,113.50119426407335,-4.489846942777364,134.09470735743815,59.44076578233201,1.8628651511894028,45.99654202346781
3,0.06847740058272117,1,656.966358652,0,71.91601141558938,109.575802298418,-2.472014621481354,124.57977250425155,56.56242187190811,4.06348308842551,52.72379265710694
4,0.06937456376398828,1,233.569461398,0,57.24801515171687,116.03162589134674,-3.0034211350719873,102.15116621794911,63.09262980282244,7.875457206748681,49.014322002451806
