{
    "fe_w2": 0.0,
    "delta": 0.9,
    "mu": 47.96976825265087,
    "fe_late": 0.0,
    "fe_w1": 0.0,
    "fe_w3": 0.0,
    "beta_e": 563.5473241320758,
    "prob_respond_alpha": 1.0,
    "gamma_01_factor": 1.0,
    "fe_w4": 0.0,
    "sigma_dt": 13.098065952997628,
    "alpha": 553.2698749803737,
    "fe_early": 16.129810325602552,
    "beta_l": 714.2723089984472,
    "gamma": 71.1064879563453,
    "prop_to_wage": 0.0
}
