run,obj_vals,opt_converged,opt_runtime,is_best_vec,param_1,param_2,param_3,param_4,param_5,param_6,param_7
1,0.07193794110832417,1,338.074480359,1,194.06179900813223,55.67512870037396,20.58650537707366,81.0537079504449,60.990511684309595,37.88296176867455,42.059599834601826
2,0.0719737242217519,1,270.679525958,0,193.92813674022597,54.56469490897096,18.248754355808,82.2303083217098,60.325306070247,33.002502064726784,42.119958805326135
