run,obj_vals,opt_converged,opt_runtime,is_best_vec,param_1,param_2,param_3,param_4,param_5,param_6,param_7
1,0.07240090849356819,1,360.09793271,1,237.10121160209493,40.46584166682387,21.557055533382865,95.1613087503554,78.01680383214762,37.67398332950307,49.099373422583405
2,0.07240416844787939,1,297.75465263,0,236.16689794775354,40.58261049283781,21.162480643020196,92.43574921340867,78.6670004947411,38.38735783157202,49.08264141311752
