{
    "fe_w2": 0.0,
    "delta": 0.9,
    "mu": 43.18491294394854,
    "fe_late": 0.0,
    "fe_w1": 0.0,
    "fe_w3": 0.0,
    "beta_e": 1704.7804159332231,
    "prob_respond_alpha": 1.0,
    "gamma_01_factor": 1.0,
    "fe_w4": 0.0,
    "sigma_dt": 1.7627204299693364,
    "alpha": 484.610008223299,
    "fe_early": -9.351605502456945,
    "beta_l": 1221.6878898184273,
    "gamma": 67.98465145449379,
    "prop_to_wage": 0.0
}
