run,obj_vals,opt_converged,opt_runtime,is_best_vec,param_1,param_2,param_3,param_4,param_5,param_6,param_7
1,0.0821245764694479,1,469.218541609,0,82.25610132433866,49.877703001781796,-8.630351022113661,60.51227739688095,58.184037314773995,23.613403753572186,33.58844416917046
2,0.08212449453801497,1,589.575399415,1,82.16440044601173,49.91552982618671,-8.6367650360241,60.46561627034413,58.307712057294864,23.444491196728514,33.583539789042476
