{
    "fe_w2": 0.0,
    "delta": 0.9,
    "mu": 48.12714793678024,
    "fe_late": 0.0,
    "fe_w1": 0.0,
    "fe_w3": 0.0,
    "beta_e": 310.0203167041052,
    "prob_respond_alpha": 1.0,
    "gamma_01_factor": 1.0,
    "fe_w4": 0.0,
    "sigma_dt": 13.463848927559981,
    "alpha": 603.3359914990814,
    "fe_early": -18.4842591743274,
    "beta_l": 947.5038151700094,
    "gamma": 53.55791413526917,
    "prop_to_wage": 0.0
}
