run,obj_vals,opt_converged,opt_runtime,is_best_vec,param_1,param_2,param_3,param_4,param_5,param_6,param_7
1,0.07980331836736691,1,295.413988942,1,155.08515546060573,75.09803550228133,-17.254145020273842,142.75694921811396,43.636136771598345,69.08180169243794,39.5805559309839
2,0.07980355758276358,1,300.141684355,0,156.40980592198878,74.78250027535404,-16.96013048604953,145.15241523998066,43.349461351863404,70.0667471980154,39.653188875882
