run,obj_vals,opt_converged,opt_runtime,is_best_vec,param_1,param_2,param_3,param_4,param_5,param_6,param_7
1,0.07881397669011009,1,442.531831679,1,191.42054396136098,66.74233897466812,-31.83333823381633,167.882991184711,55.19544669672164,87.1333312879128,47.45637638029675
2,0.07884321737548054,1,979.11174785,0,191.36596298483633,66.8062642141971,-31.89987451072256,121.86731619212748,57.8141090684358,75.91147873004383,47.46518025653205
