iteration,param_1,param_2,param_3,param_4,param_5,param_6,param_7
1,144.13155567230254,83.72431691990847,0.0,35.47102499541195,28.519126247617137,13.880378059264538,18.129546938128236
2,56.21780092183717,100.14294337265812,0.0,68.36881293261298,66.0992752253086,23.552522876935882,19.764925934197652
3,118.38627828072607,142.96770017279536,0.0,62.40252427216466,34.8996979116301,29.590485482651186,25.392104468080422
4,123.52482523010768,133.02875043459989,0.0,65.91186648399155,68.60062898897348,20.464064050985208,31.408820753359752
