run,obj_vals,opt_converged,opt_runtime,is_best_vec,param_1,param_2,param_3,param_4,param_5,param_6,param_7
1,0.07220621173721858,0,3623.954737227,0,132.6845575343636,61.057266937926634,26.005866404003278,54.24852884611256,20.256113383955118,20.615937872380194,15.151582071964016
2,0.0036748443635301257,1,250.537786144,1,127.6911826061493,77.34588469064089,-0.3629151397271283,62.89688467817757,20.270707366913847,22.119648120917212,65.4847323574277
3,0.0036748443649547327,1,143.40517183,0,127.69136753198116,77.34583141181888,-0.36290912147511645,62.89690535429156,20.270704771284855,22.119646013782628,65.48477623692905
4,0.003674844363677896,1,179.250992643,0,127.69136038667918,77.34583328702014,-0.36290948549746105,62.89688397311363,20.270706468565614,22.119644367131137,65.48477457890515
