run,obj_vals,opt_converged,opt_runtime,is_best_vec,param_1,param_2,param_3,param_4,param_5,param_6,param_7
1,0.003666610166340474,1,457.149163014,0,129.46609658788915,77.98420978588001,-0.17811486797470302,63.05133948824143,21.066873257201497,22.375649836575718,65.43678182836354
2,0.0036656745226106304,1,1059.35364322,0,131.21896374733933,77.55438772718647,0.2954450282703436,63.24254491966421,20.94350612041051,22.40594469163711,65.75119917699797
3,0.0036666117325319415,1,333.534672106,0,129.46992628964537,77.98338311292359,-0.17800392723207958,63.05136426169352,21.06743194345761,22.37564980612201,65.43752307043351
4,0.003665513372600418,1,408.292069552,1,130.9644220560654,77.59773787378973,0.2350038945456466,63.24120092068436,20.904956637702565,22.410185167330553,65.71679926503481
