run,obj_vals,opt_converged,opt_runtime,is_best_vec,param_1,param_2,param_3,param_4,param_5,param_6,param_7
1,0.08344270305170597,1,1604.924473756,1,153.8453058353769,62.54876272085,12.393245200125357,274.40516974882985,62.05941220215342,114.29392829993466,47.715137206529946
2,0.08359710987782834,1,391.645345658,0,149.3944552679853,62.819308210000656,10.255989108536648,140.66640648284456,62.875513315092185,67.72101943884972,46.38354516238082
