run,obj_vals,opt_converged,opt_runtime,is_best_vec,param_1,param_2,param_3,param_4,param_5,param_6,param_7
1,0.0840806203472771,1,258.732306141,1,159.4316170775108,45.71538605172156,-17.440520242299247,134.6894134711305,73.79160193903071,105.34038952284749,55.79281278866535
2,0.08408062037307705,1,259.088644457,0,159.43279406885497,45.71520042451082,-17.438961678190317,134.670740866582,73.79973562733184,105.36941255596298,55.79323584676607
