run,obj_vals,opt_converged,opt_runtime,is_best_vec,param_1,param_2,param_3,param_4,param_5,param_6,param_7
1,0.08315160622493141,1,435.874881751,1,149.0766316507591,46.22481267997472,-26.371675814227597,214.60565701846537,91.22914956329964,148.3598511664738,62.65188552492557
2,0.08315160622493144,1,452.497849545,0,149.0766244696534,46.224818653193,-26.371658507531507,214.60526445133473,91.22923550429623,148.36032092136492,62.65188890419248
