run,obj_vals,opt_converged,opt_runtime,is_best_vec,param_1,param_2,param_3,param_4,param_5,param_6,param_7
1,0.07943173523807158,1,344.628046549,1,184.42565909143676,70.99603262477294,19.777782352283513,177.57108787975545,106.20530520598919,1.239165497982814,45.47541415060218
2,0.07993744552091302,1,96.640878667,0,177.14803691436552,74.15893067014439,17.997495656051548,171.3861092704123,116.87979959343167,3.816487236252193,44.08732676450805
