run,obj_vals,opt_converged,opt_runtime,is_best_vec,param_1,param_2,param_3,param_4,param_5,param_6,param_7
1,0.06259746944137447,1,477.211711197,0,404.8162348198796,51.45001864415503,23.95667071701861,92.28478169271659,22.251755656225992,5.977802663530564,177.61149136283788
2,0.06913054231427103,1,461.676713071,0,229.92172999329594,102.61961457177009,9.012112144387848,87.72475961108238,1.6054264731619066,2.5824673619150973,131.70532767831003
3,0.06257529921528629,1,322.232498786,1,395.2376630048667,53.874369002538835,23.648574771114617,94.49361553803837,22.336696929318883,5.979484047445548,175.94796336557425
4,0.06261688973373285,1,1058.416337595,0,410.54315922890106,49.88694533420382,24.06700509005397,92.38227438940953,23.14995141111335,5.951986172180942,178.74468518173396
