{
    "fe_w2": 0.0,
    "delta": 0.9,
    "mu": 38.687679441760594,
    "fe_late": 0.0,
    "fe_w1": 0.0,
    "fe_w3": 0.0,
    "beta_e": 520.566661545703,
    "prob_respond_alpha": 1.0,
    "gamma_01_factor": 1.0,
    "fe_w4": 0.0,
    "sigma_dt": 7.033930811449595,
    "alpha": 434.86138027370947,
    "fe_early": 9.359909259251515,
    "beta_l": 385.8907389592747,
    "gamma": 92.33701925817874,
    "prop_to_wage": 0.0
}
