run,obj_vals,opt_converged,opt_runtime,is_best_vec,param_1,param_2,param_3,param_4,param_5,param_6,param_7
1,0.08102351201458949,1,341.8246689,0,142.7036551097743,72.00367201568149,19.029970112543825,571.5453499841635,124.62283499255507,162.98781140744765,59.57871521956653
2,0.07824472075517812,1,934.610933049,1,128.3828202791365,73.66723635448363,0.2523819594885256,257.07884347859647,143.38977914327614,1.5734650607419562,58.450325487824195
