run,obj_vals,opt_converged,opt_runtime,is_best_vec,param_1,param_2,param_3,param_4,param_5,param_6,param_7
1,0.08600678109385738,0,7231.716766651,1,377.1383842991876,16.205883642549576,-13.562310787599026,102.37777161038365,63.431896433055,30.68895186961368,66.02771649019827
2,0.08600806083141879,1,1108.885676753,0,362.6540776294936,17.50685743098145,-14.439701227338118,100.85950121468807,62.86588260909915,31.352672644582398,65.06939902122024
