run,obj_vals,opt_converged,opt_runtime,is_best_vec,param_1,param_2,param_3,param_4,param_5,param_6,param_7
1,0.085585027733239,1,386.564493351,1,259.96440691387534,22.446290889388266,1.0741877676881244,98.09048704191434,72.3824346445091,15.795425710506448,59.27093841833398
2,0.08559019265655246,1,255.671831547,0,256.92499888533456,22.75499742181152,1.0512449496300011,98.10458378600597,71.58096510143992,17.218237837536236,58.945854198512656
