{
    "fe_w2": 0.0,
    "delta": 0.9,
    "mu": 38.500325068809396,
    "fe_late": 0.0,
    "fe_w1": 0.0,
    "fe_w3": 0.0,
    "beta_e": 321.54024862809575,
    "prob_respond_alpha": 1.0,
    "gamma_01_factor": 1.0,
    "fe_w4": 0.0,
    "sigma_dt": 14.424326384469738,
    "alpha": 486.3527405978814,
    "fe_early": -12.282812959839406,
    "beta_l": 386.3886475294484,
    "gamma": 76.21318454348724,
    "prop_to_wage": 0.0
}
