run,obj_vals,opt_converged,opt_runtime,is_best_vec,param_1,param_2,param_3,param_4,param_5,param_6,param_7
1,0.0748904087892806,1,296.942316325,0,141.81556520925125,62.45052411554158,13.321873626151552,75.59930034237227,49.469940750844884,21.69851943907851,52.57727943043984
2,0.07488986450785594,1,468.933921781,1,141.37830054045278,62.497078017659554,13.143717895736955,74.98317131390557,49.26424790010932,21.59155929822553,52.565903003867824
