run,obj_vals,opt_converged,opt_runtime,is_best_vec,param_1,param_2,param_3,param_4,param_5,param_6,param_7,param_8,param_9,param_10,param_11
1,0.07648975009305907,1,411.075485734,1,270.8226049806395,39.31156175001546,33.46052386302203,-1.5144776862959533,-3.6325297664620995,27.02082555969473,26.96134501948188,105.3210427675174,59.05691907555343,14.065193323567406,79.22948492453577
2,0.0764940307056928,1,527.575134981,0,274.0868605350431,40.3378354289798,32.65853195875491,0.24285878277070178,-4.445152312019758,26.867663035246345,28.59132371438368,102.79311405132167,60.32895141976001,14.579749117746628,80.41168267308021
