{
    "fe_w2": 0.0,
    "delta": 0.9,
    "mu": 55.380582201346535,
    "fe_late": 0.0,
    "fe_w1": 0.0,
    "fe_w3": 0.0,
    "beta_e": 312.19584067284285,
    "prob_respond_alpha": 1.0,
    "gamma_01_factor": 1.0,
    "fe_w4": 0.0,
    "sigma_dt": 5.654163206285232,
    "alpha": 816.0255671822841,
    "fe_early": 4.326220845152382,
    "beta_l": 534.5673235802868,
    "gamma": 65.09280071878659,
    "prop_to_wage": 0.0
}
