run,obj_vals,opt_converged,opt_runtime,is_best_vec,param_1,param_2,param_3,param_4,param_5,param_6,param_7
1,0.0869587945845189,1,161.190903368,1,383.41704801902017,11.419380953057543,8.69963902962226,182.21153846080927,79.69910344020869,38.0158175862287,61.643215867572536
2,0.08737214075075643,1,347.212915158,0,225.58010280266265,26.150671445420283,-6.411131200785835,103.08400318757148,93.55022774362028,7.184325742748128,52.77274554506632
