run,obj_vals,opt_converged,opt_runtime,is_best_vec,param_1,param_2,param_3,param_4,param_5,param_6,param_7
1,0.08160847327821097,1,316.289063571,1,63.33589770507551,118.06416987453385,-16.64440555068795,60.22719130329991,40.55478341639826,16.948994404190294,38.27677838124999
2,0.08161088628424963,1,234.697595433,0,63.78282355220819,117.95663023234317,-16.50422886344415,60.09022295329351,40.41172996837,16.57386815695204,38.42440739338388
