run,obj_vals,opt_converged,opt_runtime,is_best_vec,param_1,param_2,param_3,param_4,param_5,param_6,param_7
1,0.08159446183726184,1,399.862952211,0,63.32488939214772,121.47140620572617,-14.805919948579072,51.7128288521354,41.33084915723352,19.71560873700662,33.279278655310975
2,0.08159391658364461,1,653.994283998,1,63.08229380610666,121.65245240657455,-14.8511994170809,51.54695726377988,41.320188965522746,19.54925928839345,33.28125956054772
