run,obj_vals,opt_converged,opt_runtime,is_best_vec,param_1,param_2,param_3,param_4,param_5,param_6,param_7
1,0.08035909206473617,1,236.871550753,1,93.36176713824727,113.97159806160212,10.746008750010837,47.53567378371239,45.015218524955856,13.074673174985946,51.5647768772831
2,0.0803592833152204,1,255.306497972,0,93.59571549996382,113.83983776015675,10.785816029039214,47.54787964146403,45.02322766141317,13.164815397879533,51.604329393542145
