run,obj_vals,opt_converged,opt_runtime,is_best_vec,param_1,param_2,param_3,param_4,param_5,param_6,param_7
1,0.08060696086692702,1,229.254180052,1,120.20318800098256,110.42310717194452,11.975305569247524,49.56844423719954,44.114756926595646,13.368895957123692,51.858154137933646
2,0.08060738796233266,1,206.26262448,0,118.99846756930657,110.73256406567742,11.701493731634965,49.058046778687704,44.09246078991849,13.2779940366657,51.73341357394271
