run,obj_vals,opt_converged,opt_runtime,is_best_vec,param_1,param_2,param_3,param_4,param_5,param_6,param_7
1,0.06995286560176284,1,415.216452892,0,122.36404017800565,83.11253208989986,27.833772558025647,136.62960767127544,45.81498360004305,71.6714777860578,42.31760198460501
2,0.06964717551243034,1,574.791596564,1,115.70207775249408,83.44066656760003,26.959801780614995,369.0585529527914,45.575734771170644,103.28401310699844,41.540112213507165
