run,obj_vals,opt_converged,opt_runtime,is_best_vec,param_1,param_2,param_3,param_4,param_5,param_6,param_7
1,0.08213209754814015,1,1461.623955503,1,94.27783376866411,85.55214952025689,-18.43185685526146,62.398220764671905,81.45910184175636,51.12821598411933,53.49333012915651
2,0.08213420375387759,1,2520.405740782,0,94.51625441761212,85.37798790032626,-18.560530114052785,61.59356229386769,83.85079270579543,51.440886921888755,53.56627212276879
