run,obj_vals,opt_converged,opt_runtime,is_best_vec,param_1,param_2,param_3,param_4,param_5,param_6,param_7
1,0.08198082033854234,1,274.075366784,1,85.17158277376342,77.01687203980364,-20.032555704655348,128.24261201436758,99.16423625801518,71.29950596353848,55.67105545314785
2,0.0819814814138958,1,1034.152327149,0,84.23261066874194,77.43404393645108,-20.06143688990612,127.00068893544339,98.39799173211887,71.32816361727807,55.5661690651061
