run,obj_vals,opt_converged,opt_runtime,is_best_vec,param_1,param_2,param_3,param_4,param_5,param_6,param_7
1,0.09192863109341402,1,233.609029598,1,45.76158158208734,81.66569147232909,-12.99274983383391,91.55374107267555,40.469077863447126,46.82502174860008,34.56459500032369
2,0.09193579696300977,1,195.591552286,0,44.16246519879368,82.2040418099646,-12.919945212486327,99.50072269923467,39.55714705554947,47.05760315327479,34.17373332855761
