{
    "fe_w2": 0.0,
    "delta": 0.9,
    "mu": 38.395755810869524,
    "fe_late": 0.0,
    "fe_w1": 0.0,
    "fe_w3": 0.0,
    "beta_e": 242.2939491226622,
    "prob_respond_alpha": 1.0,
    "gamma_01_factor": 1.0,
    "fe_w4": 0.0,
    "sigma_dt": 11.284587112331833,
    "alpha": 567.3184596299164,
    "fe_early": 3.551540018860693,
    "beta_l": 392.78745189679745,
    "gamma": 59.913970922037684,
    "prop_to_wage": 0.0
}
