run,obj_vals,opt_converged,opt_runtime,is_best_vec,param_1,param_2,param_3,param_4,param_5,param_6,param_7
1,0.08959749781080506,1,494.113407507,0,29.28428579122852,65.02608509644296,-3.1156861050950004,66.16471391492088,82.22511527155427,3.910188108858168,33.28760632955156
2,0.08938802481607183,1,385.262644657,1,31.847660827205015,65.53327790596103,-2.1877890208431907,75.23332737613684,59.622116801605024,8.268264707361991,34.34901027447944
