run,obj_vals,opt_converged,opt_runtime,is_best_vec,param_1,param_2,param_3,param_4,param_5,param_6,param_7
1,0.08981755107984597,1,425.5079254,0,29.014588671684905,55.24858576948064,-0.9061932314710696,108.8118690655255,72.81292522358585,6.811265038507484,31.907381282663223
2,0.08942170622519269,1,324.916183437,1,27.729921578937937,54.52305717442347,-1.189247560739333,91.52334236012679,61.68126758188378,4.392968666652226,31.187958149095536
