run,obj_vals,opt_converged,opt_runtime,is_best_vec,param_1,param_2,param_3,param_4,param_5,param_6,param_7
1,0.07267600710525621,1,345.172947656,0,100.98033736931423,102.13273027516927,-10.9782081108448,87.35151422583988,191.03762214084955,4.013786132226601,60.62471476684391
2,0.072595654338388,1,342.099201235,1,106.67837371230493,100.3870646190412,-9.72493783369635,90.27022299231776,207.5356385000333,3.79479505857213,60.76625800296694
