run,obj_vals,opt_converged,opt_runtime,is_best_vec,param_1,param_2,param_3,param_4,param_5,param_6,param_7
1,0.08655025474460154,1,119.087487427,0,76.96973731866235,131.81135671429797,-4.173355149120991,51.269513151828804,50.57623879799275,14.358910666075502,49.88836748342257
2,0.08653724256214071,1,267.883606342,1,75.2742416199586,131.95836174354253,-5.010942650736897,50.93711589668851,50.81201866507556,14.828898187635525,50.13097058973159
