run,obj_vals,opt_converged,opt_runtime,is_best_vec,param_1,param_2,param_3,param_4,param_5,param_6,param_7
1,0.08572833012174019,1,268.251279298,0,75.00620393960867,129.032549918569,-10.633243428885212,65.9840679322242,50.604552589875425,6.288486320916467,65.584670324155
2,0.08562704321312908,1,308.601828656,1,75.02584520552382,130.18647555812368,-11.24853090855538,61.93535802015498,49.8807888914538,7.107676981340896,65.9371483655196
