run,obj_vals,opt_converged,opt_runtime,is_best_vec,param_1,param_2,param_3,param_4,param_5,param_6,param_7
1,0.0855982518254143,1,481.198662092,1,81.65409303747694,103.5299758065422,-15.220934336997255,55.50915543904362,79.60502856579541,37.23336859105399,35.25595010029673
2,0.08559868230806368,1,3422.381479293,0,81.97693419516303,103.31267387096958,-15.314866708663557,55.598326236437345,79.1358150539751,37.336253099007145,35.31263425610798
