run,obj_vals,opt_converged,opt_runtime,is_best_vec,param_1,param_2,param_3,param_4,param_5,param_6,param_7
1,0.08238971501107625,1,588.762359663,0,93.80206616171188,86.10704534823206,-30.26793755386615,77.37432242392691,122.0322986957941,9.632282367751932,41.76131186634901
2,0.08158484840688944,1,646.113022017,1,92.41393892393666,87.28618007886642,-29.080572297508397,69.59205331166301,187.64552527185486,2.8937359157544615,42.23536147904546
