run,obj_vals,opt_converged,opt_runtime,is_best_vec,param_1,param_2,param_3,param_4,param_5,param_6,param_7
1,0.08454370211019596,1,1305.546464908,0,72.20489744598184,119.68867110222394,-9.356517842281907,45.61402655358491,52.04298996113684,16.33963586976028,31.931598883626833
2,0.08443798038557845,1,615.685053877,1,74.27551883719005,119.07711382941127,-9.011572556432704,47.34113610008579,49.96729395409386,16.308057716432042,32.371992447978336
