run,obj_vals,opt_converged,opt_runtime,is_best_vec,param_1,param_2,param_3,param_4,param_5,param_6,param_7
1,0.08452887526984806,1,455.352580853,1,78.48378792490827,111.48722097914253,-11.265990975128934,50.07947899712599,49.340769748918575,12.556262448798908,36.913348093988596
2,0.08455506855437742,1,499.871356018,0,78.97178428971513,110.98426836042604,-11.527913058732507,49.92271662805238,50.454150882941775,12.09720693536839,37.01246617172327
