run,obj_vals,opt_converged,opt_runtime,is_best_vec,param_1,param_2,param_3,param_4,param_5,param_6,param_7
1,0.08923713268625177,1,457.43990863,0,130.79495769052835,45.140602389365895,-5.4171742187174425,54.28718576382284,56.359337379172274,5.759939055560491,35.678993668980226
2,0.08870310418890846,1,4167.790450408,1,113.14781790479574,47.57277056593609,-23.178868512300077,52.7199839533094,55.28906542129346,9.998255990835212,40.52384009034279
