run,obj_vals,opt_converged,opt_runtime,is_best_vec,param_1,param_2,param_3,param_4,param_5,param_6,param_7
1,0.07541048502860233,1,642.162904721,1,84.90034135836997,82.12123222925266,-36.269825567483466,53.278175129242115,71.93052493290747,25.783572966629233,49.62936462674396
2,0.07541249741079799,0,3645.4906922,0,84.88889413016611,82.11397072126027,-36.15518594063977,51.393450091342366,78.37776087563661,24.59794527577917,49.61293075940759
