{
    "fe_w2": 0.0,
    "delta": 0.9,
    "mu": 57.46273350096898,
    "fe_late": 0.0,
    "fe_w1": 0.0,
    "fe_w3": 0.0,
    "beta_e": 338.1875138696939,
    "prob_respond_alpha": 1.0,
    "gamma_01_factor": 1.0,
    "fe_w4": 0.0,
    "sigma_dt": 14.733207363223121,
    "alpha": 416.1367555472963,
    "fe_early": -5.788521834942174,
    "beta_l": 368.59410792708127,
    "gamma": 78.46138624369095,
    "prop_to_wage": 0.0
}
