run,obj_vals,opt_converged,opt_runtime,is_best_vec,param_1,param_2,param_3,param_4,param_5,param_6,param_7
1,0.07457250682349308,1,2929.114253651,1,126.59110797137902,70.13668647646901,-30.11734656252421,69.23078807680129,59.08518185578153,65.0093234851896,50.124082606490525
2,0.07457250822188015,0,3623.832340332,0,126.62846521210254,70.12514358895703,-30.117050829191033,69.24399549309078,59.07914435573259,64.98725726092579,50.12810533666869
