run,obj_vals,opt_converged,opt_runtime,is_best_vec,param_1,param_2,param_3,param_4,param_5,param_6,param_7
1,0.08038147477352102,0,3639.322159458,0,81.29041455004862,111.75367496799161,-24.18083203524046,64.11676920503189,49.65517644748708,26.32249799892541,45.83723870161972
2,0.08038088636371589,1,952.052150368,1,81.46889618225974,111.46556206602759,-24.47825660928775,63.82249303941835,49.659462550766825,25.885070995046224,45.95519578490737
