run,obj_vals,opt_converged,opt_runtime,is_best_vec,param_1,param_2,param_3,param_4,param_5,param_6,param_7
1,0.0797597163938427,1,290.911033687,0,89.09633316161398,93.43625355479666,-37.02617032233777,74.48175744110549,53.95692668595514,21.491313446885943,52.84673513458657
2,0.07975870092485379,1,180.727471725,1,89.09002745943641,93.3894778174405,-37.07876628628951,73.67239462088183,54.056743794500655,21.424586600236974,52.8576250565124
