run,obj_vals,opt_converged,opt_runtime,is_best_vec,param_1,param_2,param_3,param_4,param_5,param_6,param_7
1,0.08189361831967071,1,1343.785450076,0,225.13415547952556,63.47696228486045,-14.690402440342282,95.03026663620305,61.158818676966,38.050709517304774,52.568404602431315
2,0.08189347769186747,1,748.280755441,1,226.43201114751355,63.1319133064405,-14.389647961209667,95.23782314498285,61.243541533395415,38.06803599570325,52.67341653403142
