run,obj_vals,opt_converged,opt_runtime,is_best_vec,param_1,param_2,param_3,param_4,param_5,param_6,param_7
1,0.08688218925262951,1,353.646476534,0,237.87135947505206,63.309100880267,33.525180457337036,65.51894024590541,71.13719005269475,45.274102796746746,65.79420766473245
2,0.08688033808634993,1,606.144981615,1,238.34423494796033,63.291165075394915,33.930900353306804,65.85569342156688,71.87730664759691,46.336978786064996,65.77784422708902
