run,obj_vals,opt_converged,opt_runtime,is_best_vec,param_1,param_2,param_3,param_4,param_5,param_6,param_7
1,0.08810223662237292,1,516.680576756,0,200.96297023348964,68.56417243647292,29.788890991712666,67.20466136043524,54.42857189234318,42.63875389434259,50.763732855992224
2,0.0881022361046289,1,451.347519302,1,200.99956579934255,68.55816294017981,29.804067177569095,67.20944696491351,54.4301609235444,42.638790419835765,50.76503453866178
