run,obj_vals,opt_converged,opt_runtime,is_best_vec,param_1,param_2,param_3,param_4,param_5,param_6,param_7
1,0.07418458202230026,1,688.14374745,0,115.74944813266573,86.66691301379372,-15.374760727004368,53.70381961915509,58.03678584295282,16.88312372119957,46.40927654370632
2,0.07418457475286687,1,529.159993427,1,115.51832759634671,86.76484951623142,-15.387982088424385,53.682560339065844,58.02928641711377,16.88054651059616,46.37604890033189
