run,obj_vals,opt_converged,opt_runtime,is_best_vec,param_1,param_2,param_3,param_4,param_5,param_6,param_7
1,0.003227877263557802,1,221.243916892,0,105.87727968613035,58.599451512740444,0.17757146577462465,64.04799391777631,26.58199214413721,29.46040170325764,29.647288177627463
2,0.0032278772615488335,1,267.049538968,0,105.87714486907159,58.59949252887357,0.17756360157663548,64.04800493345232,26.581978999583303,29.46041757228513,29.647269058886497
3,0.00322787726396011,1,218.038595645,0,105.8771120503898,58.59950307107808,0.17756327585051757,64.048019726033,26.581963768297904,29.46046279193397,29.64726405761976
4,0.003227877261446352,1,218.383559091,1,105.87726850103299,58.59945473143193,0.17757083812484356,64.04800114502758,26.581984853302686,29.46040827844481,29.64728650767378
