run,obj_vals,opt_converged,opt_runtime,is_best_vec,param_1,param_2,param_3,param_4,param_5,param_6,param_7
1,0.08266800560809597,1,493.131902646,1,114.25007738572866,78.53172239922635,-20.92187200824979,48.145585745290425,45.72578713574337,12.84282635973664,66.49720023780564
2,0.08274569216484585,1,200.001329732,0,114.1652100798605,78.48960247883056,-21.433738733880134,48.52121143122032,46.60662240480936,11.500376748176024,66.68328693352917
