run,obj_vals,opt_converged,opt_runtime,is_best_vec,param_1,param_2,param_3,param_4,param_5,param_6,param_7
1,0.08213934007746955,1,443.177033179,0,114.72055704582323,88.39378590535718,-24.535528002504453,49.2806198017285,44.76403639272013,13.846281989425469,59.714091493578586
2,0.08213882570033167,1,475.932036824,1,114.73366836875526,88.3959931340328,-24.462594224527404,49.34621235736143,44.91038471828253,13.730142802561772,59.6943078815246
