run,obj_vals,opt_converged,opt_runtime,is_best_vec,param_1,param_2,param_3,param_4,param_5,param_6,param_7
1,0.08546460797719825,1,418.040096739,1,124.78202559341608,72.29528700730818,-30.693636015433587,54.494664156730046,67.30921385526905,6.454574225789385,72.056771897213
2,0.08546463976586406,1,491.917396055,0,124.93672788996678,72.25682951864016,-30.67988831719603,54.52182831142856,67.23905543920169,6.446263527507149,72.08091826726393
