run,obj_vals,opt_converged,opt_runtime,is_best_vec,param_1,param_2,param_3,param_4,param_5,param_6,param_7
1,0.08547464871141211,1,262.820264049,1,145.42394038809735,78.20936470053626,-36.197256490892414,61.34512441053714,61.52165193068667,8.220543170943305,68.60572443460576
2,0.08553249682498382,1,631.74324681,0,150.74805457591034,76.73019265764935,-35.30728743286193,60.16952913029539,70.29883071554023,7.976119755116039,69.12796367085495
