iteration,param_1,param_2,param_3,param_4,param_5,param_6,param_7
1,86.12103736039546,96.08516671339056,0.0,55.22259688847644,25.43125929751082,12.849557492103553,17.860530466189537
2,85.21010764757216,72.53393710606254,0.0,33.536869727107984,71.3213260177252,32.72570922776137,36.69648470301682
3,109.39956802344048,142.48515754265833,0.0,38.51780587939822,33.44555683606277,35.30270694424304,32.147451654157045
4,116.45865406824471,133.48482906271494,0.0,26.41982788959999,74.49032638138455,14.055567079981918,24.08279387744821
