{
    "fe_w2": 0.0,
    "delta": 0.9,
    "mu": 54.198746415981105,
    "fe_late": 0.0,
    "fe_w1": 0.0,
    "fe_w3": 0.0,
    "beta_e": 477.58956267975344,
    "prob_respond_alpha": 1.0,
    "gamma_01_factor": 1.0,
    "fe_w4": 0.0,
    "sigma_dt": 29.932318102976105,
    "alpha": 772.051323815725,
    "fe_early": -27.03714601089468,
    "beta_l": 1183.2588080920505,
    "gamma": 55.62973395755119,
    "prop_to_wage": 0.0
}
