run,obj_vals,opt_converged,opt_runtime,is_best_vec,param_1,param_2,param_3,param_4,param_5,param_6,param_7
1,0.08202662520829417,0,3651.930543641,0,81.40624465355542,105.19501002632964,-14.27176420198414,56.53483555183844,137.70690420872197,28.775927167432044,38.03157448028135
2,0.08202653808023853,1,514.339798951,1,86.92085974168971,102.5655348644879,-14.754103441023757,58.03265451681453,141.4941961190637,29.903837807938828,39.26932979073955
