{
    "fe_w2": 0.0,
    "delta": 0.9,
    "mu": 24.92530390628587,
    "fe_late": 0.0,
    "fe_w1": 0.0,
    "fe_w3": 0.0,
    "beta_e": 273.33321137658027,
    "prob_respond_alpha": 1.0,
    "gamma_01_factor": 1.0,
    "fe_w4": 0.0,
    "sigma_dt": 15.6897786636547,
    "alpha": 120.20408542423272,
    "fe_early": 4.188677813513439,
    "beta_l": 244.59294596916703,
    "gamma": 111.53865458278527,
    "prop_to_wage": 0.0
}
