run,obj_vals,opt_converged,opt_runtime,is_best_vec,param_1,param_2,param_3,param_4,param_5,param_6,param_7
1,0.07314335499148798,1,199.920538217,0,106.05446798216363,83.07420375318029,3.0054003936319167,74.7053168297527,125.31925090559109,9.917856204591303,47.91024294467684
2,0.07293535626884742,1,283.819182859,1,108.7603003991736,81.77545625001997,3.003486470586609,76.1535418840343,192.65933232579988,10.272734795335511,48.12764278526859
