run,obj_vals,opt_converged,opt_runtime,is_best_vec,param_1,param_2,param_3,param_4,param_5,param_6,param_7
1,0.08424583734647162,1,565.742278073,1,162.4792534131733,105.31895651218933,6.633737209601762,101.32627132832167,105.37784533750596,24.3728685864071,63.88954363354419
2,0.08425750935817705,1,268.429056007,0,161.71442411291395,105.98983307401934,6.20672948219834,101.74319587347425,104.43123461132346,17.897639051740523,63.76956772126645
