iteration,param_1,param_2,param_3,param_4,param_5,param_6,param_7
1,50.8318514599616,143.23835510406798,0.0,39.51883265949513,61.15387474132742,34.03432123891341,35.95694171798045
2,54.58479733577983,145.826885578791,0.0,33.00938216818609,34.37313520119411,12.856494549603664,31.73380552043752
3,111.25192738662358,147.71274072796916,0.0,62.5428199785364,56.03295471262732,23.560076738248167,18.996400862477074
4,148.4387318406502,89.14732844920933,0.0,29.996276233527958,41.3774852268565,26.557855584153163,33.60824117397366
