run,obj_vals,opt_converged,opt_runtime,is_best_vec,param_1,param_2,param_3,param_4,param_5,param_6,param_7
1,0.08015978803527185,1,693.256863056,0,88.49226958635656,94.6580591834738,-43.229711824548815,57.70097166504972,61.3690413959529,15.571302690999032,49.89089202113922
2,0.08005523578282024,1,326.329242747,1,88.2591326453674,94.50794704353984,-43.44782300224959,56.615066660129045,62.706798624237706,14.705830677826668,49.84137373889165
