run,obj_vals,opt_converged,opt_runtime,is_best_vec,param_1,param_2,param_3,param_4,param_5,param_6,param_7
1,0.08007960283962409,1,253.877523443,0,64.90731591090547,120.90391292122274,-20.569579735496298,46.70244120252118,60.0256189834831,18.674465160092986,39.23814144401773
2,0.0800779464573377,1,212.305927368,1,65.0862157353651,120.59131598415807,-20.81663843222792,46.89824561423518,60.4044553953792,18.78125714161835,39.22569334403552
