run,obj_vals,opt_converged,opt_runtime,is_best_vec,param_1,param_2,param_3,param_4,param_5,param_6,param_7
1,0.07912962182519122,1,265.744331398,1,78.07654649272345,91.30002341669625,-11.578052522202462,77.12730239259619,40.14215518920497,24.153497410247933,43.13503297237284
2,0.07912995245800857,1,282.920051705,0,77.74305319691999,91.34390776522173,-11.748181786579686,77.06587855129806,39.98854033765514,24.310046599955875,43.07245102327511
