run,obj_vals,opt_converged,opt_runtime,is_best_vec,param_1,param_2,param_3,param_4,param_5,param_6,param_7
1,0.06449987940242703,1,305.156117717,0,134.92772406838165,24.602456306496293,3.4609968546665373,68.94677202182173,32.14618469572484,10.857066555649482,52.74867931926769
2,0.06448186880930576,1,341.775204462,0,135.05294509357554,24.738141589608645,3.576372226999011,72.74316706567456,31.06291707031298,12.368581197230487,52.75483316971969
3,0.06446717267916582,1,412.672661213,1,135.07871789729333,24.731031344537964,3.5582271599797854,75.01024208804559,31.0243105185879,11.945573987281373,52.76821242233314
4,0.06447241981968364,1,300.476709585,0,134.9972126719526,24.791838465314544,3.5983790929337327,74.42702109024013,30.79985216252815,12.28494053570463,52.742176315323235
