{
    "fe_w2": 0.0,
    "delta": 0.9,
    "mu": 60.38028644583793,
    "fe_late": 0.0,
    "fe_w1": 0.0,
    "fe_w3": 0.0,
    "beta_e": 352.6608965210751,
    "prob_respond_alpha": 1.0,
    "gamma_01_factor": 1.0,
    "fe_w4": 0.0,
    "sigma_dt": 20.637666417193003,
    "alpha": 797.1033490525075,
    "fe_early": -2.3435564333326773,
    "beta_l": 373.3510809591103,
    "gamma": 67.55072468303295,
    "prop_to_wage": 0.0
}
