run,obj_vals,opt_converged,opt_runtime,is_best_vec,param_1,param_2,param_3,param_4,param_5,param_6,param_7
1,0.07639249235724815,1,157.817404054,0,78.03740364011836,71.4649017460135,-8.167672080705383,123.71755501265551,76.99741464110942,24.12714533016449,36.20996827921272
2,0.07514723414332815,1,536.135472881,1,76.70356336247158,71.70604914936976,-8.652619582366576,115.52408160038026,72.03248831968303,6.052989087917966,36.132382250061816
