run,obj_vals,opt_converged,opt_runtime,is_best_vec,param_1,param_2,param_3,param_4,param_5,param_6,param_7
1,0.0762126499483522,1,1708.826599491,1,67.43908300873083,75.57890341412124,-9.275491577420947,127.56079956240605,83.6017289813076,2.5356512336036325,38.710826597293455
2,0.07639613334790066,1,340.640324793,0,70.92584953439754,72.3952861352058,-7.772687295035668,129.28539169230848,81.9330454879588,2.5264615586946775,38.64109030872948
