run,obj_vals,opt_converged,opt_runtime,is_best_vec,param_1,param_2,param_3,param_4,param_5,param_6,param_7
1,0.06514789148754903,1,342.033900482,0,51.20816461353589,129.90168161255104,1.1650921023858916,93.20288764595685,22.22902285199127,22.93002285879837,69.36933286559201
2,0.06514806404747255,0,3632.379898756,0,51.556260454158114,129.84166125650148,1.1898261606772287,93.07467263180015,22.225995545068606,22.93193971935802,69.61030528263389
3,0.06514776161007413,1,459.777901115,1,51.35901514526566,129.81137669710535,1.175498386133005,93.70861889150623,22.226484718892188,22.92493195370949,69.44340580775928
4,0.0651479735128316,1,496.749332614,0,51.135741640547245,129.92863501083664,1.1538740785544226,93.14794225383187,22.228797779116082,22.92948281300567,69.33367964502355
