run,obj_vals,opt_converged,opt_runtime,is_best_vec,param_1,param_2,param_3,param_4,param_5,param_6,param_7
1,0.06078210407165405,1,126.860904666,0,34.406442042590854,67.4854150560733,-4.579885386786357,33.090724905816664,83.79618795854297,13.872768185431681,60.423107168413715
2,0.05988025883462645,1,475.077515634,0,37.81671169935517,64.59385609404877,-4.227565774789216,32.96501060114085,266.7026787063094,12.132384943394927,60.69312661171846
3,0.05986088334917287,1,339.770453528,1,37.812304455293756,64.52695936537432,-4.307777283899382,32.881137062244655,269.59759024595024,12.250796924429382,60.7421054871667
4,0.05992377408795093,1,263.592176522,0,38.17494326844474,64.68577786232609,-4.115714904259869,32.706537570273845,233.0708070741626,12.159148460590988,60.84383587993247
