run,obj_vals,opt_converged,opt_runtime,is_best_vec,param_1,param_2,param_3,param_4,param_5,param_6,param_7
1,0.057921586399918186,1,240.802551198,0,32.76679256436886,58.310819820770384,-1.3227716947268904,32.41800714367074,295.4217159565135,11.509490060462143,58.82284879271057
2,0.057915204192651504,1,312.314750176,1,33.39635946747988,58.01077325228634,-1.0650400608253279,32.15711047928203,258.5833739646072,12.042849107259357,59.0680638219937
3,0.05864456476774722,1,151.663712789,0,36.361744346734746,56.59990040143954,-0.3821923025426113,30.59191435904058,143.7899634246259,12.904100345591013,60.78956991502596
4,0.05796912339945233,1,294.152857166,0,33.75160364214522,57.72202722354071,-0.8672194293303994,32.01537201204351,225.24996397904619,12.151406929600281,59.13610042264428
