iteration,param_1,param_2,param_3,param_4,param_5,param_6,param_7
1,92.95870571361507,121.25767452332492,0.0,53.248896028860734,61.360955021685335,19.228217258922204,28.47863462369766
2,148.8660074881516,142.8830298768005,0.0,45.64222597377005,29.792108019276032,29.32271868037456,18.152173456970118
3,127.42017773818716,68.75939677585242,0.0,54.84656814895068,74.55221786976773,23.32534522844268,27.10576942042685
4,92.75306652427689,55.65029704365902,0.0,27.33026038767742,49.10407142729174,17.36442102631375,24.58666723867943
