obj_vals,opt_results,opt_runtime,param_1,param_2,param_3,param_4,param_5,param_6,param_7
0.08368047677329427,1,555.839845444,42.82658982767789,88.31225372972641,2.2020075348349817,57.06100339686072,43.125645165370194,33.555695237304455,37.42444076109782
