obj_vals,opt_results,opt_runtime,param_1,param_2,param_3,param_4,param_5,param_6,param_7
0.08367911309172538,1,2141.665750121,42.74172832264137,88.32616833149716,2.1973179657889412,56.907213875289024,43.055462220555754,34.02595992284391,37.39044795116031
