obj_vals,opt_results,opt_runtime,param_1,param_2,param_3,param_4,param_5,param_6,param_7
0.08368419487581608,1,5010.095218265,44.58634971862521,88.07576243732026,2.424271153979722,57.02086686413199,42.96693652648938,34.257402828794,38.20639708923473
