run,obj_vals,opt_converged,opt_runtime,is_best_vec,param_1,param_2,param_3,param_4,param_5,param_6,param_7
1,0.07854599172116836,1,1209.541201222,1,86.98750357177688,81.05793912371983,1.613570168644784,89.84144574369475,41.89351671950625,27.569876356558176,38.3676843315748
2,0.07854599667100318,1,756.893496848,0,87.00215263227119,81.04685261959179,1.6139582770708438,89.81386007156526,41.89913270609207,27.588070019303338,38.36965511930268
