run,obj_vals,opt_converged,opt_runtime,is_best_vec,param_1,param_2,param_3,param_4,param_5,param_6,param_7
1,0.0022030248847699193,1,171.175364049,0,44.912086316432244,20.178656118715107,-0.12302906897466968,23.398366154959987,42.41873164109019,15.882002652532245,70.61830879574985
2,0.0022030248847698716,1,172.204005078,1,44.91208645162465,20.178656005473268,-0.12302905009895992,23.39836614647325,42.41873170344137,15.88200253949223,70.61830886416193
3,0.0022030248847703365,1,173.101735483,0,44.91208671455222,20.178655842079024,-0.12302897957057345,23.398366155481604,42.41872983471366,15.8820025522605,70.61830897685307
4,0.002203024884769918,1,172.626966922,0,44.91208695872608,20.178655649877577,-0.12302892367410186,23.398366157685647,42.41873110364566,15.882002552007844,70.61830912991135
