run,obj_vals,opt_converged,opt_runtime,is_best_vec,param_1,param_2,param_3,param_4,param_5,param_6,param_7
1,0.0019605391842252217,1,218.171332575,0,45.51517130161703,20.451378170354467,0.3722479144342692,23.64965830560719,42.43443296723118,15.978408182319775,70.57041500539698
2,0.0019605391842242195,1,216.222501073,0,45.515106563835666,20.45136951008793,0.37223464360212477,23.649650362718077,42.434431820361475,15.978408463222316,70.57038776886579
3,0.001960539184215165,1,217.480374461,1,45.5151327306583,20.451373163419373,0.37223978650703177,23.64965377501823,42.4344317232114,15.9784086293579,70.5703989619308
4,0.001960539184215493,1,244.14239682,0,45.515131204649,20.45137302493812,0.372239324429129,23.64965370135197,42.43443136266035,15.978408796017506,70.57039841156956
