{
    "fe_w2": 0.0,
    "delta": 0.9,
    "mu": 71.42232229364079,
    "fe_late": 0.0,
    "fe_w1": 0.0,
    "fe_w3": 0.0,
    "beta_e": 858.2307028193679,
    "prob_respond_alpha": 1.0,
    "gamma_01_factor": 1.0,
    "fe_w4": 0.0,
    "sigma_dt": 7.32542439884623,
    "alpha": 472.9775727546797,
    "fe_early": -7.17856818367082,
    "beta_l": 567.8642247514447,
    "gamma": 99.14071173775562,
    "prop_to_wage": 0.0
}
