run,obj_vals,opt_converged,opt_runtime,is_best_vec,param_1,param_2,param_3,param_4,param_5,param_6,param_7
1,0.0808261729207054,1,351.868516889,1,89.36489739160245,108.23294241023856,2.8145697439580672,72.25093080956772,93.11714993834639,7.683849640027811,45.49955162140123
2,0.0809302157453954,1,266.731623782,0,101.93363847108311,102.64113270042434,4.533357113300796,73.79807874615241,105.92193151440088,6.9725607478747404,47.77379929694138
