run,obj_vals,opt_converged,opt_runtime,is_best_vec,param_1,param_2,param_3,param_4,param_5,param_6,param_7
1,0.08186228421108174,1,3558.534984903,1,89.49478506206967,79.16620414959583,-7.704405582057178,200.3160725015824,80.60240197673218,85.9647570794183,47.43118593882974
2,0.08187006670942705,1,878.742479775,0,88.48552290645401,80.02103207704427,-7.013786658791403,175.89384001287658,79.9591713439498,81.1997160877866,46.90363705869752
