run,obj_vals,opt_converged,opt_runtime,is_best_vec,param_1,param_2,param_3,param_4,param_5,param_6,param_7
1,0.08201236465024156,1,1000.053512919,1,109.19455368868546,68.7344790051554,-11.033615047857301,132.54660171921344,57.82607670794293,60.21739098303614,44.01675387649057
2,0.08203794767926142,1,904.27225611,0,107.28660797585034,70.36012275273184,-10.113739102352229,169.06424787643675,54.55923642763789,70.60574115565431,43.76081983048354
