run,obj_vals,opt_converged,opt_runtime,is_best_vec,param_1,param_2,param_3,param_4,param_5,param_6,param_7
1,0.059826098376301505,1,342.248345934,0,119.81739416130169,78.90079102964336,-4.0810105488098785,66.4764742830156,26.976401409320697,29.635583835945365,58.290494679278716
2,0.05982615865539499,1,373.456237976,0,119.54594242163954,78.99438340344268,-4.0886528479285085,66.5012985884941,26.98035860528384,29.645319215452236,58.25032999730536
3,0.05982609730748121,1,502.620420103,1,119.7990578459798,78.90710613453454,-4.080967212271128,66.48483166335481,26.976337694529047,29.636151438749636,58.287588093965226
4,0.05982612991417818,1,883.618121343,0,119.62037080535057,78.96345842740212,-4.085399751054783,66.47641816139142,26.976938321231906,29.635454063791446,58.257923558354015
