run,obj_vals,opt_converged,opt_runtime,is_best_vec,param_1,param_2,param_3,param_4,param_5,param_6,param_7
1,0.06222603292669928,1,1218.946050588,0,120.34246095965032,83.1881684688655,-1.8876776651899698,67.54252190463379,29.184409101296062,31.086120145049968,54.52177706776317
2,0.06222602322978099,1,939.601647177,1,120.57239181051906,83.11859048237089,-1.8658608699378862,67.50665375415456,29.191046020997863,31.07524478594127,54.5522044115671
3,0.06222602482064106,1,532.301430832,0,120.58197701670186,83.11549283785727,-1.8655904355193569,67.50239914053547,29.191697445269515,31.07447726973624,54.553632040960885
4,0.062226290609617346,1,501.698948232,0,120.60808950632247,83.1069778135187,-1.8675577195740165,67.38260948344323,29.218451708851468,30.910510340296806,54.55251852839547
