run,obj_vals,opt_converged,opt_runtime,is_best_vec,param_1,param_2,param_3,param_4,param_5,param_6,param_7
1,0.08772180891353565,1,131.722903901,0,125.38370720569696,54.9789781638834,11.106638825028467,127.14672609968558,40.84970214816935,95.13454836894617,41.46962588398662
2,0.08755786933525568,1,403.611709164,1,116.7689372776149,60.337417707287685,11.613939494854387,222.2110846608938,39.766812735233124,136.3966126379173,41.43370957770704
