run,obj_vals,opt_converged,opt_runtime,is_best_vec,param_1,param_2,param_3,param_4,param_5,param_6,param_7
1,0.08492570927335392,1,3815.468831416,1,171.27670262857674,17.92533449202262,22.328110438755605,88.34846864102242,60.605818318464806,41.358873350685315,34.23220223811329
2,0.08492661168890683,1,869.378916069,0,170.54951913868385,18.067740689802772,22.17061074234789,87.56793705556551,60.23613793245099,40.17938460684046,34.21387941267517
