run,obj_vals,opt_converged,opt_runtime,is_best_vec,param_1,param_2,param_3,param_4,param_5,param_6,param_7
1,0.08515264377244776,1,1148.391235105,1,189.31895819369035,22.233110861099917,20.762743877068043,89.7425370137562,58.12420669984939,39.695733838966014,34.64202282960652
2,0.08515269336730065,1,711.865674643,0,189.12350818100373,22.268283291438724,20.723021016121628,89.74768831509849,58.13657190134091,39.70616903695418,34.636278461898044
