run,obj_vals,opt_converged,opt_runtime,is_best_vec,param_1,param_2,param_3,param_4,param_5,param_6,param_7
1,0.07940559198289703,1,667.210734023,1,102.84348342046202,70.23243999666308,-44.551157696698056,142.15990381953776,79.30571616905455,1.4535951924809085,59.97487178979126
2,0.10848162066089,0,7222.002983974,0,129.392957568958,117.39971562470856,3.0021945527288736,57.28087101709932,73.33234005499281,31.2016637945948,15.553376867294165
