run,obj_vals,opt_converged,opt_runtime,is_best_vec,param_1,param_2,param_3,param_4,param_5,param_6,param_7
1,0.08009849688704158,1,1593.749126055,0,82.64174981811261,67.89141215334243,-24.51334772735935,130.1304265381851,80.18814761698052,2.1067355030084616,61.545822483127864
2,0.07981085631020109,1,515.576177827,1,83.98557061204507,67.16784565091251,-26.951491327310364,176.8815932304158,78.40990347695843,1.8776138247701557,62.85934622783853
