run,obj_vals,opt_converged,opt_runtime,is_best_vec,param_1,param_2,param_3,param_4,param_5,param_6,param_7
1,0.06060283844848492,1,454.004465317,0,77.84366597150364,176.21829853219432,4.19317711301925,69.91413208184922,35.06262142133007,9.557076268053457,76.48247780382674
2,0.0606028384479902,1,406.896410809,1,77.8430352690917,176.21849588222608,4.193145996019652,69.91425285963402,35.06269061884046,9.557076667135023,76.48223741639816
3,0.060602838448277095,1,560.832579274,0,77.84289575626977,176.2185563184201,4.193133690789867,69.91419571013995,35.06265500153767,9.55699798015981,76.48218731641332
4,0.060602838448310284,1,561.059927043,0,77.8436999386173,176.218318061054,4.193182103907711,69.91423276053345,35.06264824967213,9.557068498844899,76.4824985505562
