run,obj_vals,opt_converged,opt_runtime,is_best_vec,param_1,param_2,param_3,param_4,param_5,param_6,param_7
1,0.062433022885388774,1,264.454410714,1,90.143058806734,177.14508107928302,7.301709895990724,68.2120219013701,36.92603963660122,10.991043672608184,74.81519475589582
2,0.06243435680846463,1,439.792568801,0,89.6683474668595,177.22650757377377,7.288632513155341,68.09113623930516,36.757669399417786,11.153026216690936,74.62512256711312
3,0.062438482233338095,1,217.193328094,0,93.48896008213485,176.7006322199084,7.422253431363056,67.96123813692684,36.870221177631414,10.997469890601828,76.10931724978064
4,0.06243594217668512,1,285.700843951,0,89.43893883486096,177.13370816764194,7.198635615222827,68.29988516120855,36.84202202470709,11.05004781496954,74.54954175851331
