iteration,param_1,param_2,param_3,param_4,param_5,param_6,param_7
1,140.33596400108203,116.58063663992557,0.0,49.03448936236254,65.29603252074685,17.885621941724438,31.94250488772889
2,128.28251635229714,129.5122011927685,0.0,45.05890073287777,44.99060062928949,16.399152952396012,17.201841315475324
3,131.7376034888925,134.6698397962006,0.0,49.86195701052715,45.625979813274824,33.08352221140877,37.374751593534214
4,121.23309446828242,95.8441052982398,0.0,35.68732523876744,72.14296025220517,33.06869152433055,37.284866948887895
