run,obj_vals,opt_converged,opt_runtime,is_best_vec,param_1,param_2,param_3,param_4,param_5,param_6,param_7
1,0.0861256116653709,1,192.290179353,1,60.707327532431385,39.373792695601615,-8.222011272338527,43.64534520149003,131.20592843202772,11.819893748053525,42.38296832559287
2,0.08642056575314402,1,138.283705714,0,59.6322254313375,40.12343154223818,-8.475822425641024,48.650088834184494,76.90006840243215,9.563001177464107,42.4185575340843
