run,obj_vals,opt_converged,opt_runtime,is_best_vec,param_1,param_2,param_3,param_4,param_5,param_6,param_7
1,0.0859539027495651,1,477.277862541,1,71.11933843773878,48.27259237934038,-9.60668478986757,48.32907026393223,71.75076831554568,13.530788441667909,41.714474366856855
2,0.0859543444659595,1,479.646089768,0,71.21539110331585,48.23190327216192,-9.593785072918681,48.26541229876416,71.62843363949193,13.526243271374813,41.718675777851495
