run,obj_vals,opt_converged,opt_runtime,is_best_vec,param_1,param_2,param_3,param_4,param_5,param_6,param_7
1,0.06468897309366596,1,3047.449081794,0,82.03410082346228,111.73118305494619,-4.407511648624407,48.845823160737226,352.24683686652725,107.16363641212969,84.11607015960871
2,0.06468832876263103,1,367.557346122,1,81.97752520471661,111.77664775764964,-4.405984838893114,49.0758202784013,356.9820382356058,107.70004673981313,84.13530850150177
3,0.06477538431858608,1,477.376350833,0,83.30483001405901,111.34415293905505,-4.16390756098899,51.170034456328366,196.27383516725334,112.40280429468302,84.47042967640583
4,0.06477554906205815,1,346.535652313,0,83.38976436062124,111.26912817927254,-4.18735068169595,51.059021900466476,195.7473377775645,111.06155000041764,84.44475720931682
