run,obj_vals,opt_converged,opt_runtime,is_best_vec,param_1,param_2,param_3,param_4,param_5,param_6,param_7
1,0.0859350184868662,0,7233.242601569,0,159.13231292701047,71.11008368104959,-1.4902923792570377,105.59056332825573,22.04649762907732,44.32297766467467,63.342155457066056
2,0.0847764497794842,1,265.554887874,1,131.24349715639366,79.61301833512485,-2.1414032568370347,712.0398097691772,31.725094630192398,154.36506797201247,64.93803240086518
