run,obj_vals,opt_converged,opt_runtime,is_best_vec,param_1,param_2,param_3,param_4,param_5,param_6,param_7
1,0.08360207831199702,1,232.501070885,1,60.76807909515688,107.90465957024209,-19.020893606414454,56.75157466881202,44.81561634893812,17.877525731862175,44.54044601354404
2,0.08360207833762172,1,270.347391282,0,60.76860997335673,107.9043803135784,-19.021140910033957,56.75118629109331,44.81606437800148,17.87582823129297,44.54054370605961
