run,obj_vals,opt_converged,opt_runtime,is_best_vec,param_1,param_2,param_3,param_4,param_5,param_6,param_7
1,0.07156487602278341,1,200.548418976,1,57.39332428994104,35.50612039798812,-26.624905397234492,45.88258301763906,141.25700565564279,17.411683044752245,36.80934216715372
2,0.07162213976624703,1,388.303367672,0,56.85836148861694,35.08721430400815,-26.364988012204734,45.13603839794576,129.61596536844002,17.41441231016206,36.410859292011125
