run,obj_vals,opt_converged,opt_runtime,is_best_vec,param_1,param_2,param_3,param_4,param_5,param_6,param_7
1,0.07275796230949201,1,473.793857618,1,82.31822154610497,70.97037954697707,8.907573422914467,59.6582440967726,155.58546798597615,28.935593166732545,36.4206017456778
2,0.07277670782312305,1,161.122847329,0,85.04683804277971,71.53345242955096,8.602756664586876,59.98609704822866,157.01878928679506,29.774048737762772,37.49159735920501
