run,obj_vals,opt_converged,opt_runtime,is_best_vec,param_1,param_2,param_3,param_4,param_5,param_6,param_7
1,0.07954085297552507,1,333.338163552,0,110.85492480676456,81.9282758789286,-25.272155232186247,76.20736833476955,60.43394530087986,4.9648363821682056,58.07999444286701
2,0.0793652144052015,1,2436.706712221,1,122.2155540538865,73.65339048485723,-30.828275513761522,68.95883848737992,64.02716291404033,1.1183743275596112,51.55960717275916
