run,obj_vals,opt_converged,opt_runtime,is_best_vec,param_1,param_2,param_3,param_4,param_5,param_6,param_7
1,0.09157246717970383,1,240.158745201,0,50.61796072156053,65.69210876796517,-11.007927964373101,61.69075136156467,44.094367061295415,17.41728046830586,36.45882652144546
2,0.09156410216002603,1,439.780084443,1,48.694967515244166,66.74315168665612,-10.746093887233762,62.09680517039264,44.60787339295413,17.070606743017283,36.03140762933668
