run,obj_vals,opt_converged,opt_runtime,is_best_vec,param_1,param_2,param_3,param_4,param_5,param_6,param_7
1,0.09003508069420288,1,495.036519543,1,53.989714407158665,68.70316078570002,-15.607347964636586,61.94586143224661,43.969301232698975,17.365668398053334,34.55368250831714
2,0.09003650987933097,1,1891.565743569,0,53.783348801374885,68.8480330280761,-15.500933337630439,62.261904902565966,44.30108550518349,17.864684428040192,34.513396437197706
