{
    "fe_w2": 0.0,
    "delta": 0.9,
    "mu": 67.9831945379664,
    "fe_late": 0.0,
    "fe_w1": 0.0,
    "fe_w3": 0.0,
    "beta_e": 918.8248111916965,
    "prob_respond_alpha": 1.0,
    "gamma_01_factor": 1.0,
    "fe_w4": 0.0,
    "sigma_dt": 38.81207448898674,
    "alpha": 707.6609997691717,
    "fe_early": 4.904575821733583,
    "beta_l": 302.1429171363511,
    "gamma": 98.98688771958678,
    "prop_to_wage": 0.0
}
