run,obj_vals,opt_converged,opt_runtime,is_best_vec,param_1,param_2,param_3,param_4,param_5,param_6,param_7
1,0.08201644860432276,1,232.882923606,0,328.5354669659146,15.54868579078439,-0.7214895137929493,86.39328248340573,61.797148702276154,34.106688938335935,72.68854450453425
2,0.08200252543988484,1,523.578905953,1,323.9356864929066,16.05363419089278,-1.4631318606264827,85.62437113434761,61.95301988723694,28.26040497884885,72.47581408270928
