run,obj_vals,opt_converged,opt_runtime,is_best_vec,param_1,param_2,param_3,param_4,param_5,param_6,param_7
1,0.08437238410943913,1,3314.859637036,1,120.10363873654033,67.32849067707475,-7.290811329230578,76.86208288828526,38.963732611655274,31.089382419009617,38.841765389348204
2,0.08437305791191109,0,3625.157321303,0,119.03453238186412,67.61736439686211,-7.305222374368476,75.718911351964,38.941879043504585,31.02822280019709,38.6617252345102
