run,obj_vals,opt_converged,opt_runtime,is_best_vec,param_1,param_2,param_3,param_4,param_5,param_6,param_7
1,0.08412816952085876,1,460.988030293,0,119.68220523537764,68.27421168869006,-10.436208416470398,78.24717288420594,38.03303582320728,31.22465569168625,43.6214178508907
2,0.08412815888219942,1,397.706502588,1,119.66573393611445,68.27868389937055,-10.43860767262702,78.11617596794252,38.038671557907705,31.205802105691234,43.619484734052705
