run,obj_vals,opt_converged,opt_runtime,is_best_vec,param_1,param_2,param_3,param_4,param_5,param_6,param_7
1,0.07552461369786771,1,380.644387918,0,31.78449420406642,53.62559922921003,-6.936859738811901,72.0720860714228,44.88461125486539,9.00943220005004,31.423615261631834
2,0.07547608446922999,1,1631.140426946,1,30.920087164722595,54.11631127082843,-7.378881151455888,83.18626117863519,46.399331663131484,5.766185815690502,31.40863180304337
