{
    "fe_w2": 0.0,
    "delta": 0.9,
    "mu": 57.828970105539575,
    "fe_late": 0.0,
    "fe_w1": 0.0,
    "fe_w3": 0.0,
    "beta_e": 545.4421289339886,
    "prob_respond_alpha": 1.0,
    "gamma_01_factor": 1.0,
    "fe_w4": 0.0,
    "sigma_dt": 19.933220415260333,
    "alpha": 605.7415215522178,
    "fe_early": 0.1991708706726268,
    "beta_l": 346.64210276061016,
    "gamma": 80.69892935090375,
    "prop_to_wage": 0.0
}
