{
    "fe_w2": 0.0,
    "delta": 0.9,
    "mu": 44.64773125174737,
    "fe_late": 0.0,
    "fe_w1": 0.0,
    "fe_w3": 0.0,
    "beta_e": 342.92474179419935,
    "prob_respond_alpha": 1.0,
    "gamma_01_factor": 1.0,
    "fe_w4": 0.0,
    "sigma_dt": 18.56246476174234,
    "alpha": 525.5365227983767,
    "fe_early": 6.44854486482959,
    "beta_l": 262.9785888991869,
    "gamma": 67.8719169898917,
    "prop_to_wage": 0.0
}
