run,obj_vals,opt_converged,opt_runtime,is_best_vec,param_1,param_2,param_3,param_4,param_5,param_6,param_7
1,0.07693167511720113,1,241.694332426,1,96.29904098792085,100.03059550295869,-15.864510736401808,93.4350876749327,55.582949750289075,16.481277234331223,48.18304523672673
2,0.10164040180028791,0,7261.52436578,0,129.36194321803004,117.32659636508797,0.6702178597461735,54.61339723069111,72.77132193893458,31.352951838571865,15.647780239910144
