run,obj_vals,opt_converged,opt_runtime,is_best_vec,param_1,param_2,param_3,param_4,param_5,param_6,param_7
1,0.07767681369826347,1,304.994466405,0,88.28516684609926,86.90207500070031,-22.404254292457335,119.67659476218483,53.535250572472286,11.802197618649727,48.80843003700365
2,0.07755449464075594,1,1889.941150196,1,89.01418248405172,87.94071758711402,-20.72031389700265,110.50707494759187,54.35864225811339,11.063946741231169,49.20965641316785
