{
    "fe_w2": 0.0,
    "delta": 0.9,
    "mu": 52.08472291161802,
    "fe_late": 0.0,
    "fe_w1": 0.0,
    "fe_w3": 0.0,
    "beta_e": 274.9596641829231,
    "prob_respond_alpha": 1.0,
    "gamma_01_factor": 1.0,
    "fe_w4": 0.0,
    "sigma_dt": 20.624623193401835,
    "alpha": 350.1733699231365,
    "fe_early": 6.416937232603189,
    "beta_l": 528.9637598343304,
    "gamma": 129.50574094480322,
    "prop_to_wage": 0.0
}
