{
    "fe_w2": 0.0,
    "delta": 0.9,
    "mu": 79.83293716677606,
    "fe_late": 0.0,
    "fe_w1": 0.0,
    "fe_w3": 0.0,
    "beta_e": 752.953467406264,
    "prob_respond_alpha": 1.0,
    "gamma_01_factor": 1.0,
    "fe_w4": 0.0,
    "sigma_dt": 33.815526734091584,
    "alpha": 585.0995159490492,
    "fe_early": -1.5092612095237221,
    "beta_l": 787.0528298607542,
    "gamma": 115.93854444435141,
    "prop_to_wage": 0.0
}
