run,obj_vals,opt_converged,opt_runtime,is_best_vec,param_1,param_2,param_3,param_4,param_5,param_6,param_7
1,0.0007302174917902962,1,279.112554804,0,147.1245725746524,104.1707135619471,-0.10885319952546614,117.84092411637916,101.48559012838508,15.115052840313517,55.63444065794353
2,0.0013168850903174957,1,437.459597193,0,148.60696374728337,103.99854386044218,0.08489667536583323,113.21862291168924,107.74607016788669,15.664644935326544,55.84466610582303
3,0.00045041228196724564,1,279.590547555,1,148.7042915057593,103.76639237926632,0.027556122985427672,124.36547633589876,100.77049771077753,14.62512129811697,55.874032002940396
4,0.0013168937591496763,1,577.213493504,0,148.54307157648418,104.00894318213199,0.07741912496696246,113.21046397404031,107.72912406697048,15.657627568493288,55.8349862196961
