run,obj_vals,opt_converged,opt_runtime,is_best_vec,param_1,param_2,param_3,param_4,param_5,param_6,param_7
1,0.07876248680128162,1,324.09066446,1,164.7145601138855,65.70754177814874,8.099384277790113,2227.7244575874356,27.39024755390717,167.4685807535974,61.08695920479553
2,0.07876248680128374,1,308.929761023,0,164.71465370734518,65.70751554762927,8.099392601333195,2227.696002928918,27.390219201513307,167.46847756627977,61.08695943961549
