run,obj_vals,opt_converged,opt_runtime,is_best_vec,param_1,param_2,param_3,param_4,param_5,param_6,param_7
1,0.07844672152636066,1,568.690540625,0,145.206985718459,65.93938692164232,-0.5889998880110336,51.39218547663738,72.98434276823855,24.51739832344548,62.86972169537404
2,0.07842324238429849,1,358.038549808,1,140.77578655944686,66.71740747887334,-1.2544998463509587,49.622162153036946,111.65565672202422,21.873437663527685,62.50003373952249
