run,obj_vals,opt_converged,opt_runtime,is_best_vec,param_1,param_2,param_3,param_4,param_5,param_6,param_7
1,0.07817465745915489,1,1403.857186173,1,148.41992142474913,72.60190576134676,-1.3567201278119165,45.78829831852057,67.07784845617135,21.992186205165318,61.25280413270263
2,0.07817612612442952,1,1405.168808164,0,146.34882747901307,72.85859400677155,-1.5081634356847513,44.267975793808084,93.29362688521795,21.613694230681542,61.37002131612596
