run,obj_vals,opt_converged,opt_runtime,is_best_vec,param_1,param_2,param_3,param_4,param_5,param_6,param_7
1,0.08269172661371278,1,542.705645609,0,47.28520465297988,51.35543693796875,-0.6023755794496286,39.7758743425431,35.90482673097988,6.882050143501325,31.893602143897386
2,0.08268809862556091,1,350.09760014,1,47.41213286755359,51.339334123256236,-0.6205093452591205,39.375486715891896,36.40255070612277,6.7190850080239155,31.970481754677675
