run,obj_vals,opt_converged,opt_runtime,is_best_vec,param_1,param_2,param_3,param_4,param_5,param_6,param_7
1,0.08346199309325841,1,763.022743308,1,51.44188599204616,55.72483239241387,-5.099226559506873,41.53906637741463,36.473640465417866,7.402015782115333,31.076369683122948
2,0.08346199326845541,1,953.79305913,0,51.4415998481368,55.724826471199776,-5.099083088827293,41.54321071299676,36.47280741024188,7.401665504118744,31.076244718446738
