run,obj_vals,opt_converged,opt_runtime,is_best_vec,param_1,param_2,param_3,param_4,param_5,param_6,param_7
1,0.07484837949138333,1,373.367985919,1,72.091191765183,102.34466873249215,-3.2364468325839617,373.1490011349194,45.3744715333045,10.73446509590167,49.57818885140463
2,0.10747089602427423,0,7232.628339785,0,129.34293638831824,117.03742853663182,0.5026574186344229,54.90577990084588,72.75903204137475,32.079875508979896,15.29649020209943
