run,obj_vals,opt_converged,opt_runtime,is_best_vec,param_1,param_2,param_3,param_4,param_5,param_6,param_7
1,0.07545686199868666,1,283.363888171,1,90.53755482883248,107.22404969081585,-1.6429309805145191,261.3810809821365,45.79908758521604,12.11004281534266,51.787392541923495
2,0.07551626278369439,1,396.598345359,0,99.0039371275955,105.69831059313734,-1.4809262514174477,208.16816218511718,47.51493415092792,10.609943545220585,53.61387259325537
