run,obj_vals,opt_converged,opt_runtime,is_best_vec,param_1,param_2,param_3,param_4,param_5,param_6,param_7
1,0.07722115304109776,1,509.039940411,1,58.51794928676356,70.43006785946602,5.996413126160272,35.49269873790548,46.97469329712751,10.301803538270738,32.24690871392638
2,0.07722128525362261,1,323.673550733,0,58.35688511757694,70.5014964179493,5.972442002327827,35.53465953393636,47.084847749759724,10.257596931004613,32.220410968589476
