run,obj_vals,opt_converged,opt_runtime,is_best_vec,param_1,param_2,param_3,param_4,param_5,param_6,param_7
1,0.0766424858920086,1,659.354198885,0,67.22475108224879,91.39787443691463,-25.07169068361729,59.865813982055776,55.49641829738338,21.833840714377317,50.707872980965895
2,0.0766056588257321,1,688.911004221,1,66.44118438281231,92.18035690478816,-24.495231436886684,57.68160543315512,55.88707457039583,22.0094228761614,50.528213356205896
