run,obj_vals,opt_converged,opt_runtime,is_best_vec,param_1,param_2,param_3,param_4,param_5,param_6,param_7
1,0.07718702063501058,1,681.248204877,1,66.08293044248224,84.74343282945189,-27.783791825835493,73.49406635473262,56.25268282001346,20.08368039251762,52.478047792392125
2,0.07721473659330835,1,465.441912126,0,67.20864239552962,84.2242787963161,-27.94739892917694,71.98633126168546,56.900053310200455,20.844467276960692,52.756744337711766
