run,obj_vals,opt_converged,opt_runtime,is_best_vec,param_1,param_2,param_3,param_4,param_5,param_6,param_7
1,0.08057439410371896,1,197.742844132,1,66.64494775211045,56.66472546749664,-5.271277083182866,90.03523119704943,53.15088420160328,14.757826427778452,37.066036347501026
2,0.08058147293565265,1,123.384766585,0,66.20016997303534,56.973054511881784,-5.5052748685358175,93.06835486263022,51.14399593554389,12.602155166869952,37.13065761603128
