run,obj_vals,opt_converged,opt_runtime,is_best_vec,param_1,param_2,param_3,param_4,param_5
1,0.08279317757943674,1,73.256673114,0,314.14992773107605,101.54790628002935,62.925029819937414,23.07602360321673,71.77328530340002
2,0.08279191940021965,1,1181.143087379,1,314.926981116898,102.39596220465597,62.805851155987774,23.00594444285253,71.91190097338418
