run,obj_vals,opt_converged,opt_runtime,is_best_vec,param_1,param_2,param_3,param_4,param_5,param_6,param_7
1,0.0016118243763252758,1,205.099259695,1,169.26629476965184,47.45818772857244,-0.2987179316734074,95.16343569440188,42.10407770045242,21.52245605736088,65.87523260792676
2,0.0016118245658389256,1,227.551485315,0,169.2641493581863,47.45886441278053,-0.2988923044742617,95.16504085582109,42.103782375552136,21.52314123140982,65.874944613823
3,0.0016118243769119398,1,270.374115449,0,169.2663240336986,47.45817586675446,-0.2987277879283352,95.163295892149,42.10409319404572,21.522451871671556,65.87523678740523
4,0.0016118243789507512,1,334.970935802,0,169.26555630962102,47.45844807573336,-0.29873461932796785,95.16338785299723,42.10406090623477,21.522462910599483,65.87511627208994
