iteration,param_1,param_2,param_3,param_4,param_5,param_6,param_7
1,131.92146699349837,122.48312463679252,0.0,30.990772313370606,54.1802286544281,32.14561719077975,25.88881743038238
2,110.69931078102415,67.14787748649398,0.0,52.06505638010184,49.55950328776531,29.004456542343927,23.08724967981485
3,144.12398270484186,89.71504727317875,0.0,40.88140754455438,59.161145919020065,25.33338668243616,29.39417710024409
4,89.63622753914827,70.56565305769031,0.0,36.34696112145712,72.88571586348229,28.625646479047035,36.239414596728594
