run,obj_vals,opt_converged,opt_runtime,is_best_vec,param_1,param_2,param_3,param_4,param_5,param_6,param_7
1,0.0015096287203067746,1,193.677709728,0,169.33228010069845,47.70457791143698,-0.21033550102094728,94.98731485302633,42.01012222554664,21.874123093480083,65.86715410143229
2,0.0015096287140528148,1,192.826319507,0,169.3320856248642,47.70458614671758,-0.2103441984368834,94.9882753879939,42.01006054138998,21.874065336753628,65.86714125647957
3,0.0015096287130389496,1,288.027513007,1,169.33186290008302,47.704630788366785,-0.21038815955571988,94.98841386619313,42.01004542161229,21.874044725513635,65.86711383367526
4,0.00150962871630214,1,215.658260421,0,169.33212465359193,47.704597031917785,-0.2103564853142335,94.98770527702236,42.010085556321776,21.874084734098247,65.86714076080749
