{
    "fe_w2": 0.0,
    "delta": 0.9,
    "mu": 53.1469820143683,
    "fe_late": 0.0,
    "fe_w1": 0.0,
    "fe_w3": 0.0,
    "beta_e": 485.7067581220065,
    "prob_respond_alpha": 1.0,
    "gamma_01_factor": 1.0,
    "fe_w4": 0.0,
    "sigma_dt": 1.0,
    "alpha": 618.1639557684531,
    "fe_early": -24.93740448584697,
    "beta_l": 262.4199930973075,
    "gamma": 71.15921286629225,
    "prop_to_wage": 0.0
}
