run,obj_vals,opt_converged,opt_runtime,is_best_vec,param_1,param_2,param_3,param_4,param_5,param_6,param_7
1,0.0742824196810194,1,385.622044005,0,135.67352160139674,65.58401793041959,-1.1631074898543572,114.36995021004782,43.302209460008555,49.1188629002269,46.81474219868821
2,0.07398397825842935,1,6556.155027197,1,117.81156127517733,69.2466534884441,-4.625876651017415,93.10335024702776,46.113068235880995,31.790574060546746,43.57673252346148
