run,obj_vals,opt_converged,opt_runtime,is_best_vec,param_1,param_2,param_3,param_4,param_5,param_6,param_7
1,0.07443396829441472,1,370.988905056,0,141.15469325683182,63.12293896834454,0.19399612892940193,100.87813345804487,38.293527542987846,43.81779679704015,43.30072081713311
2,0.07435757453492944,1,4554.91873957,1,120.3749977641523,67.98616353082744,-2.018833554877709,86.05428904482865,44.502767667503235,32.840629929123764,39.99652871317339
