{
    "fe_w2": 0.0,
    "delta": 0.9,
    "mu": 32.40228430355097,
    "fe_late": 0.0,
    "fe_w1": 0.0,
    "fe_w3": 0.0,
    "beta_e": 385.7462053740371,
    "prob_respond_alpha": 1.0,
    "gamma_01_factor": 1.0,
    "fe_w4": 0.0,
    "sigma_dt": 19.24476600450069,
    "alpha": 277.3837217896609,
    "fe_early": -21.852987763193905,
    "beta_l": 1116.8200102394765,
    "gamma": 67.52266982034547,
    "prop_to_wage": 0.0
}
