{
    "fe_w2": 0.0,
    "delta": 0.9,
    "mu": 50.450690277414004,
    "fe_late": 0.0,
    "fe_w1": 0.0,
    "fe_w3": 0.0,
    "beta_e": 468.23428275402034,
    "prob_respond_alpha": 1.0,
    "gamma_01_factor": 1.0,
    "fe_w4": 0.0,
    "sigma_dt": 31.899801285313522,
    "alpha": 644.9353580836511,
    "fe_early": -1.9019760562655665,
    "beta_l": 234.648657630091,
    "gamma": 78.94231975013454,
    "prop_to_wage": 0.0
}
