run,obj_vals,opt_converged,opt_runtime,is_best_vec,param_1,param_2,param_3,param_4,param_5,param_6,param_7
1,0.09135021883210719,0,3651.892284776,1,139.3568096284673,91.62973060455047,9.819777926891515,69.54494820843037,52.763742183021684,34.559007558146895,58.67184351017851
2,0.0913693512620953,1,215.745579931,0,134.51590509916807,91.94391449444917,8.122784227929197,61.08396008205481,56.285578750007204,24.46934737527821,57.61437936756127
