run,obj_vals,opt_converged,opt_runtime,is_best_vec,param_1,param_2,param_3,param_4,param_5,param_6,param_7
1,0.0902008832689112,1,324.472017698,0,148.40295923546745,77.65846555381941,15.504671650929556,112.35625196425072,61.016162621933944,7.0163669527455035,61.5762724431492
2,0.09013820828217453,1,388.574612103,1,145.32722217297137,78.28214592396407,14.744660313346552,116.24826129730657,62.72175942974272,6.278563923300138,61.07379008079854
