iteration,param_1,param_2,param_3,param_4,param_5,param_6,param_7
1,57.58042228864008,62.438386151221934,0.0,27.749620477138393,61.32918741932338,33.068326466369605,29.592237258299548
2,136.11587888739987,125.97912273708243,0.0,36.33792347457999,40.435999641089815,15.921079097044988,15.940612365345661
3,128.9893264859267,122.9701408276417,0.0,67.85257802672908,46.13296054717717,32.06628712348678,22.877784764226604
4,60.378302926671054,121.80711916991788,0.0,50.40620701143875,28.119420523457094,22.297520100763567,32.34357526898691
