{
    "fe_w2": 0.0,
    "delta": 0.9,
    "mu": 66.40679658594077,
    "fe_late": 0.0,
    "fe_w1": 0.0,
    "fe_w3": 0.0,
    "beta_e": 257.9654503690766,
    "prob_respond_alpha": 1.0,
    "gamma_01_factor": 1.0,
    "fe_w4": 0.0,
    "sigma_dt": 16.079300312540855,
    "alpha": 347.53364291266394,
    "fe_early": -25.015860036422506,
    "beta_l": 647.9259098594235,
    "gamma": 90.67798172921462,
    "prop_to_wage": 0.0
}
