run,obj_vals,opt_converged,opt_runtime,is_best_vec,param_1,param_2,param_3,param_4,param_5,param_6,param_7
1,0.07064716564072625,1,218.542863904,1,124.87841872765773,89.15439734553705,26.482013785976697,293.9941197318133,46.17447774683868,76.72852208359215,49.28293147417437
2,0.07076019637979065,1,664.147024721,0,125.598091807991,88.93897130895144,26.450287411777385,159.08894203161117,48.240954992679505,61.05126374343635,49.25465423049973
