run,obj_vals,opt_converged,opt_runtime,is_best_vec,param_1,param_2,param_3,param_4,param_5,param_6,param_7
1,0.0715608556962892,1,389.29174395,0,138.97924998465692,89.87296682356977,27.967260953918473,97.61146110455078,46.76066103022129,41.287269364545736,46.547244919122555
2,0.07156056894360727,1,439.898159749,1,138.64584811948455,89.83704317347282,27.48499881900777,97.91311066494117,46.494958087560946,40.96442070045352,46.555265687908346
