{
    "fe_w2": 0.0,
    "delta": 0.9,
    "mu": 61.01028217279021,
    "fe_late": 0.0,
    "fe_w1": 0.0,
    "fe_w3": 0.0,
    "beta_e": 308.45741678847094,
    "prob_respond_alpha": 1.0,
    "gamma_01_factor": 1.0,
    "fe_w4": 0.0,
    "sigma_dt": 23.59922285102725,
    "alpha": 629.1326928936777,
    "fe_early": -22.747611104389108,
    "beta_l": 382.9835817970381,
    "gamma": 74.89888804336417,
    "prop_to_wage": 0.0
}
