run,obj_vals,opt_converged,opt_runtime,is_best_vec,param_1,param_2,param_3,param_4,param_5,param_6,param_7
1,0.05317656578376463,1,282.057603908,1,78.86605298939975,86.29446142588078,-1.07111495766875,189.89560144694232,47.71907834268306,9.011377544892117,26.733337068797738
2,0.0534057740696688,1,258.146109029,0,78.35887232590878,86.52872475646211,-1.0694087144384763,144.22701349782662,48.73070799323287,9.488850798745478,26.721353180873724
3,0.053361954154045696,1,302.536006604,0,75.96423828854388,87.22830785482748,-1.2255466959827055,147.68128530728893,47.70135520883182,10.402229381175719,26.468013543728627
4,0.05354552210999633,1,275.426874224,0,77.7912123743499,86.63366838550989,-1.031386044436666,129.95217732935612,49.0961279936408,9.372445257626252,26.65785125685547
