run,obj_vals,opt_converged,opt_runtime,is_best_vec,param_1,param_2,param_3,param_4,param_5,param_6,param_7
1,0.08251402477319342,1,348.507195333,0,122.83983273028386,77.7170320522901,5.868860965587553,196.3174110940538,34.17297906428407,118.60989758848284,48.9088311845762
2,0.08246443350916283,1,463.304335621,1,115.23341814128015,78.74858696237803,4.324847397770632,279.6339163132411,34.92440646257369,136.54139398980553,48.13027861909817
