run,obj_vals,opt_converged,opt_runtime,is_best_vec,param_1,param_2,param_3,param_4,param_5,param_6,param_7
1,0.08191175158351931,1,372.386950627,0,101.93078101858333,88.46890176070534,2.6243092922872133,355.53111006697793,29.054572374349064,135.68237027178003,53.0432286223691
2,0.0819117515834556,1,389.330448745,1,101.93083290020024,88.468895209806,2.6243140520067776,355.53694833360345,29.05469265549866,135.6816660477004,53.043233778293
