run,obj_vals,opt_converged,opt_runtime,is_best_vec,param_1,param_2,param_3,param_4,param_5,param_6,param_7
1,0.06276901113537058,1,263.427941958,1,130.928116221513,115.66118610421817,9.397070153536843,37.67318530082853,29.993661324553365,6.072482919708824,79.21617493078666
2,0.06278317561616505,1,259.167923347,0,126.892780107975,115.92416280214412,8.960003232679904,37.381989679873456,29.888078583124642,6.098130081560664,77.8541966133953
3,0.06277692212342434,1,303.978784023,0,132.47893757746067,115.35773633651769,9.501031440929303,37.801998394166425,30.15287650838229,6.143545140370622,79.68438839648675
4,0.06277058508645324,1,260.541764631,0,132.276819466658,115.41848125886605,9.522942231485775,37.723036596428535,30.008943985131925,6.103182244667286,79.60815079042786
