run,obj_vals,opt_converged,opt_runtime,is_best_vec,param_1,param_2,param_3,param_4,param_5,param_6,param_7
1,0.07092712309209565,0,3674.722055373,1,83.40317651297657,79.50872468969379,-19.175783343431117,90.28706030214066,56.696524030029664,57.806829231594264,47.724131490212166
2,0.07093391220510285,0,3626.1704552,0,84.9252041458889,78.75832257796051,-18.878365474594606,84.26906960178133,58.640196960239784,45.43139205239167,47.09156582643871
