run,obj_vals,opt_converged,opt_runtime,is_best_vec,param_1,param_2,param_3,param_4,param_5,param_6,param_7
1,0.07081871744844306,1,1203.143410533,0,79.13745731920089,83.22816358689253,-25.097059556321092,99.7821678062303,65.84679250146044,67.11318715828664,51.61642084405645
2,0.07076664587695124,1,518.263209112,1,78.75600342750377,83.63523448961679,-24.847749175472014,96.36192210768145,66.96780481514448,60.34238725564141,51.442029303831106
