run,obj_vals,opt_converged,opt_runtime,is_best_vec,param_1,param_2,param_3,param_4,param_5,param_6,param_7
1,0.07676084841400757,1,319.06241563,1,122.66356190043842,75.90518398513598,12.734972134742991,129.6340371992004,87.62178127866744,12.578802840305377,49.40154658568811
2,0.0768135966474609,1,318.843483376,0,122.63585916844025,76.34574427825346,13.769012168172761,114.16622191067731,86.32330539110043,15.161667399101434,48.892382844790504
