run,obj_vals,opt_converged,opt_runtime,is_best_vec,param_1,param_2,param_3,param_4,param_5,param_6,param_7
1,0.08432028579194274,1,371.455027568,0,86.52508699327545,86.4824631110686,-18.180109577386464,43.80280418879532,61.928523485703415,10.881367537162967,44.66567969554047
2,0.08414872146787486,1,603.101504247,1,85.09500773677836,87.33918286786113,-16.977651635190245,46.55957427208449,50.125836462573716,11.567883077595395,44.01371750867799
