run,obj_vals,opt_converged,opt_runtime,is_best_vec,param_1,param_2,param_3,param_4,param_5,param_6,param_7
1,0.08460110004405602,0,3648.748393577,0,80.55301051574337,82.45022732020587,-17.477297010492347,51.53066621316054,55.01232349428065,9.34808721759979,44.72872967340048
2,0.08438073061427695,1,1167.102139242,1,93.11694596376644,77.08681698908747,-21.835742423223085,50.60686284154539,53.61901177462938,8.542912926735491,47.85014861610435
