run,obj_vals,opt_converged,opt_runtime,is_best_vec,param_1,param_2,param_3,param_4,param_5,param_6,param_7
1,0.08468964920363954,1,587.017158856,0,147.82547958991444,83.97981421807215,-1.2754270296751327,78.37809259665157,63.99379468888851,41.606960859291654,39.44785792762939
2,0.08466302799388026,1,439.223182655,1,141.28414974634626,85.94106349163118,-4.798182089607121,69.6261423041854,69.22366004736628,28.592350501562994,38.870942132936165
