run,obj_vals,opt_converged,opt_runtime,is_best_vec,param_1,param_2,param_3,param_4,param_5,param_6,param_7
1,0.08423563349990236,1,277.770472062,1,148.94897734973324,92.90561223640015,-15.089067911609702,74.93104367268805,112.62857810200234,14.41373601840255,44.600574004287594
2,0.08424152333876579,1,474.905340208,0,145.9436301544137,93.21539659920535,-16.563006268006458,69.73301358554708,220.53225284474246,16.471209027753602,44.209748517687494
