run,obj_vals,opt_converged,opt_runtime,is_best_vec,param_1,param_2,param_3,param_4,param_5,param_6,param_7
1,0.08751208987817707,1,250.094354321,0,152.15022522770872,90.97652092059414,-0.29358807674689663,61.365989303865994,70.46725841976009,12.425050682910221,52.43761799992554
2,0.0853356650217839,1,514.866518758,1,237.09931372567613,67.60354246960284,15.762789090044048,77.14604396790743,164.55299833228392,1.2721656992631702,57.95347184737199
