run,obj_vals,opt_converged,opt_runtime,is_best_vec,param_1,param_2,param_3,param_4,param_5,param_6,param_7
1,0.08815933314102668,1,142.507787398,0,165.21675466762966,77.5271443706679,13.996860465419436,70.72235147686744,72.41270822890957,11.016454554888814,60.0213632688622
2,0.08737690343700542,1,230.498228493,1,208.95929827915984,66.48831205113534,29.604012972706958,78.91377990082687,81.24821238453067,13.65745049729915,62.48272456116501
