run,obj_vals,opt_converged,opt_runtime,is_best_vec,param_1,param_2,param_3,param_4,param_5,param_6,param_7
1,0.08936759521930156,0,7241.66004194,0,63.171558267263826,83.35274310992962,3.9147055931863632,76.4404364445578,208.74949547240345,113.76917138233759,56.35388891685397
2,0.08916001254703323,0,7229.194797473,1,68.13948223846974,78.72342236535216,-4.374737721720125,67.07979961037296,102.89303391151513,49.00779143624345,56.62892139613659
