run,obj_vals,opt_converged,opt_runtime,is_best_vec,param_1,param_2,param_3,param_4,param_5,param_6,param_7
1,0.09125875565926954,0,7243.294234661,0,124.26496427084955,57.455619129907575,-0.8482290929946859,67.35525107331506,39.64488452721012,21.800707347238006,47.31708166035062
2,0.09042428163147369,0,7239.337989802,1,82.78598617206123,74.69315742172543,-4.532947714956074,61.98468013209798,96.78967446882554,46.241620912776675,51.14446752271046
