run,obj_vals,opt_converged,opt_runtime,is_best_vec,param_1,param_2,param_3,param_4,param_5,param_6,param_7
1,0.057014105400514624,1,462.3206123,0,80.47522059321122,90.8933344665432,1.8708767975267726,85.65156398634117,43.4150934914722,18.97168262491987,94.8838783500205
2,0.05701411072679305,1,415.88352849,0,80.47979690356499,90.89023131237805,1.8706451488040954,85.65047687283032,43.41463859408087,18.939367075393026,94.88680681450268
3,0.05701410453714059,1,645.287534773,0,80.47541414416898,90.89340613858212,1.871105261961277,85.66074896384232,43.413967247686465,18.984579895349817,94.88350787518247
4,0.05701410417679661,1,644.799008695,1,80.47425879125925,90.89353820557726,1.8711093757829758,85.65925054809176,43.414172182734596,18.97641813559076,94.883489196221
