run,obj_vals,opt_converged,opt_runtime,is_best_vec,param_1,param_2,param_3,param_4,param_5,param_6,param_7
1,0.05456021031262998,1,237.593178116,0,61.369748239977554,89.98535423279004,-1.1927137648404147,97.41113283978126,45.011221311572356,16.903332084000606,100.12994453893762
2,0.054560208508755925,1,371.36125685,0,61.36828321109049,89.98614842236348,-1.1926985943938013,97.36892653553643,45.01308284841287,16.893244132613443,100.12897598009691
3,0.05456014159811143,1,497.479895733,0,61.36032469639664,89.98983369690376,-1.1913699197490533,97.61906528518251,44.99187158650132,16.868095167564963,100.11991655513368
4,0.05456014150029503,1,399.032669521,1,61.371391453682804,89.9824697882797,-1.19169118773391,97.62468395613496,44.99419208417867,16.870832330474073,100.12773547349605
