run,obj_vals,opt_converged,opt_runtime,is_best_vec,param_1,param_2,param_3,param_4,param_5,param_6,param_7
1,0.0751135685483579,1,314.031380004,0,89.22616173271504,68.38945095969217,2.4525076425907106,55.8034900771168,42.38793921483706,18.753232385970325,42.8977355165655
2,0.0751135465513889,1,382.475533561,1,89.40219019010685,68.3815553568367,2.4777565036498053,55.72835302917508,42.39823698235007,18.794443023260328,42.94504134969581
