run,obj_vals,opt_converged,opt_runtime,is_best_vec,param_1,param_2,param_3,param_4,param_5,param_6,param_7
1,0.07583427059899203,1,624.225036967,1,87.58942046639612,67.8719169898917,6.44854486482959,57.15412363236656,43.829764816531146,18.56246476174234,44.64773125174737
2,0.07583430355138987,1,566.127772716,0,87.49388030482758,67.92532619454002,6.437468367797233,57.21606409458168,43.89866256997232,18.68805820645632,44.648852177371474
