run,obj_vals,opt_converged,opt_runtime,is_best_vec,param_1,param_2,param_3,param_4,param_5,param_6,param_7
1,0.07012440348199225,1,727.797445811,0,77.47299801018947,82.21360391263376,2.338754786407052,57.8130109103257,93.21105062706444,27.613804222491506,43.48676258914418
2,0.07012434829139917,1,490.033607231,1,77.49234649974613,82.21281548158095,2.339885580923361,57.77412011501646,92.92174565617877,27.600396582326255,43.492834498213696
