run,obj_vals,opt_converged,opt_runtime,is_best_vec,param_1,param_2,param_3,param_4,param_5,param_6,param_7
1,0.069800260790658,1,581.380869157,0,86.3163545162517,78.3783909495655,2.6111765280747137,58.42954742973391,78.24876460535435,29.219762923255967,41.64724203677336
2,0.06979983258620003,1,391.423322481,1,86.98710678347518,78.46472448357194,2.910085881236099,60.29048881834916,68.35430755401983,28.336709908978584,41.71921106714876
