{
    "fe_w2": 0.0,
    "delta": 0.9,
    "mu": 35.439357258474594,
    "fe_late": 0.0,
    "fe_w1": 0.0,
    "fe_w3": 0.0,
    "beta_e": 615.8092542912243,
    "prob_respond_alpha": 1.0,
    "gamma_01_factor": 1.0,
    "fe_w4": 0.0,
    "sigma_dt": 30.471222333793136,
    "alpha": 454.61310913167506,
    "fe_early": -0.9818222278717413,
    "beta_l": 324.19310966565877,
    "gamma": 73.5963063022391,
    "prop_to_wage": 0.0
}
