run,obj_vals,opt_converged,opt_runtime,is_best_vec,param_1,param_2,param_3,param_4,param_5,param_6,param_7
1,0.07743857455662395,1,529.396751308,1,99.71730485611789,101.2577246666192,6.523302886828928,53.474321844996545,59.36837579826099,10.957839505663417,51.276014576180586
2,0.07743869651582659,1,625.400305453,0,100.26379651362008,100.93764041348953,6.503097565670067,53.506301496282795,59.26590171093479,10.923389235112897,51.31277228278878
