run,obj_vals,opt_converged,opt_runtime,is_best_vec,param_1,param_2,param_3,param_4,param_5,param_6,param_7
1,0.07706572817328558,1,203.29077906,1,119.17690292953199,103.30220589284772,5.531636768332425,55.73732717015945,61.33148406434536,13.708100830542973,48.72989840470024
2,0.09374488737789331,0,7243.888034096,0,130.45523073130764,118.79042962630629,0.552589662651616,52.25659412490555,72.94946268960106,31.310770846141093,13.41968071338831
