run,obj_vals,opt_converged,opt_runtime,is_best_vec,param_1,param_2,param_3,param_4,param_5,param_6,param_7
1,0.0012313498885507571,1,192.96860592,1,75.45003498980017,73.99830771743072,0.008808738327522523,54.81368102394982,57.88190999672707,30.05759686837936,27.124402801095865
2,0.0012313498889175076,1,172.46440781,0,75.45002329616041,73.99831058508738,0.00880792908018831,54.8136566849991,57.88195434428455,30.057602899644646,27.124400794089738
3,0.0012313498886648508,1,174.544260175,0,75.45002934207767,73.99830917766698,0.008808258608227378,54.813679500332015,57.88191989010435,30.057598270599787,27.124401859330014
4,0.0012313498885629973,1,170.276590422,0,75.45003076995422,73.99830877179407,0.008808440418333088,54.81367896255093,57.88192005152321,30.05760183061908,27.12440219729443
