run,obj_vals,opt_converged,opt_runtime,is_best_vec,param_1,param_2,param_3,param_4,param_5,param_6,param_7
1,0.09334941195836904,1,599.674387586,0,108.92243006249996,88.37228204728727,4.442468168257451,101.53947771317648,48.303186202458576,29.896532988712575,46.635778107617774
2,0.09323760048655717,1,339.303921721,1,107.59447453911294,89.017242456335,3.9228592557640716,85.54158951194819,51.44083939830904,20.123321072605208,46.54807332114917
