run,obj_vals,opt_converged,opt_runtime,is_best_vec,param_1,param_2,param_3,param_4,param_5,param_6,param_7
1,0.08298018658455684,1,261.933364805,1,42.23754045713823,49.42751913569521,-10.906509027790788,148.8966918010553,69.30037557937887,80.10130883393524,31.222249220057197
2,0.08302470160350939,0,7223.316528903,0,42.885442367112255,48.82160123158074,-10.872944104153232,106.30365652753413,80.68911627510445,75.77856561909442,31.170412633816028
