run,obj_vals,opt_converged,opt_runtime,is_best_vec,param_1,param_2,param_3,param_4,param_5,param_6,param_7
1,0.08131763640685442,1,1201.264171221,1,58.01955147932596,54.24945342290994,-13.481592801188095,122.28559135448432,53.557344151483804,70.4424681671198,32.61016944386717
2,0.08134534685912878,1,166.434424866,0,57.23286051479446,54.300530654409776,-13.66121957392375,123.46664939811977,57.08860633643176,78.05353422667548,32.602033830510685
