{
    "fe_w2": 0.0,
    "delta": 0.9,
    "mu": 50.5090008767224,
    "fe_late": 0.0,
    "fe_w1": 0.0,
    "fe_w3": 0.0,
    "beta_e": 477.76267589667293,
    "prob_respond_alpha": 1.0,
    "gamma_01_factor": 1.0,
    "fe_w4": 0.0,
    "sigma_dt": 4.818003980030931,
    "alpha": 622.303546245817,
    "fe_early": -21.625332602529323,
    "beta_l": 1244.0922538311643,
    "gamma": 62.37407923878504,
    "prop_to_wage": 0.0
}
