run,obj_vals,opt_converged,opt_runtime,is_best_vec,param_1,param_2,param_3,param_4,param_5,param_6,param_7
1,0.08348455841396168,0,7267.618838323,1,133.81296175658443,62.23558503669999,-27.603266500145526,94.45372981009267,55.08434827301549,21.033616708703175,42.664001376551376
2,0.11245644801377666,0,7234.804844287,0,128.96859702045495,116.5113730417722,0.033039180001062846,54.59311732086495,72.32440658628542,32.23585249075581,15.231964410571612
