run,obj_vals,opt_converged,opt_runtime,is_best_vec,param_1,param_2,param_3,param_4,param_5,param_6,param_7
1,0.08375373643966219,1,467.004102171,0,151.29580062183388,73.47671468527594,-20.405236649276794,83.25508138007515,56.997861789193145,27.041371128765082,43.17998906691289
2,0.08375361334063768,1,686.255437715,1,150.8448188959326,73.61085522727453,-20.44729545702149,83.15364295340805,56.989133955579035,26.950351813251107,43.16042081149001
