run,obj_vals,opt_converged,opt_runtime,is_best_vec,param_1,param_2,param_3,param_4,param_5,param_6,param_7
1,0.07868500620036835,1,486.562709936,1,136.50096381513328,80.489054413974,-26.77561557508645,119.54879402552605,70.0103837539294,17.258760603562262,60.725204079286044
2,0.10012831047282446,0,7235.482917151,0,129.15517627811516,116.70078901314905,0.8711263667470157,55.85169001685525,73.31515501798283,31.011917321933183,15.511936713131812
