run,obj_vals,opt_converged,opt_runtime,is_best_vec,param_1,param_2,param_3,param_4,param_5,param_6,param_7
1,0.07771444743738638,1,218.936644349,1,123.24809962444083,72.13136143448696,-14.450064255926087,123.14160136345039,78.80496574543454,12.6916803762245,60.56680518525528
2,0.0780080075990542,1,221.122805777,0,126.13674529173815,70.99787278915271,-14.816254747086646,111.28266015950305,104.41298486748404,16.501986212824672,61.08017634618999
