run,obj_vals,opt_converged,opt_runtime,is_best_vec,param_1,param_2,param_3,param_4,param_5,param_6,param_7
1,0.08395374823472308,1,388.96463168,1,130.61674873981593,78.15532999873669,-22.881175517992517,73.55843356249706,45.62588902704077,28.55523311722826,45.685636300419176
2,0.1030926930397475,0,7230.382088621,0,130.04865505474476,118.05443090848418,0.35411256987240275,53.53002855651536,72.33470666770192,31.56155638304255,15.388165921663623
