run,obj_vals,opt_converged,opt_runtime,is_best_vec,param_1,param_2,param_3,param_4,param_5,param_6,param_7
1,0.08335318238374337,1,521.787722788,0,114.34018460197511,77.02144139455054,8.092166978449079,56.4500079083124,65.60041564400883,37.323634866935585,59.82630857544877
2,0.08335292042028691,1,597.86137364,1,114.25459061883254,77.02095115374817,8.037653773387978,56.72675319307188,64.72425767247633,36.87160899522195,59.81202158335338
