{
    "fe_w2": 0.0,
    "delta": 0.9,
    "mu": 51.16020738070645,
    "fe_late": 0.0,
    "fe_w1": 0.0,
    "fe_w3": 0.0,
    "beta_e": 498.8248557696751,
    "prob_respond_alpha": 1.0,
    "gamma_01_factor": 1.0,
    "fe_w4": 0.0,
    "sigma_dt": 3.364023162475007,
    "alpha": 426.03483337535147,
    "fe_early": -4.65409772252191,
    "beta_l": 1136.7117064946779,
    "gamma": 88.06127699892322,
    "prop_to_wage": 0.0
}
