run,obj_vals,opt_converged,opt_runtime,is_best_vec,param_1,param_2,param_3,param_4,param_5,param_6,param_7
1,0.001114983247620459,1,386.234944739,1,29.713308377187456,130.2344574846554,-0.037173998183980754,131.80669992491713,48.92014218403902,12.95302838650864,95.81846438522618
2,0.0011149834422295986,1,355.837195488,0,29.71329793631586,130.2344394307141,-0.03718059469642247,131.80262618041678,48.92045229188952,12.95281627230184,95.8184538445362
3,0.0011149862404433103,1,335.16859797,0,29.713213162299997,130.2344394939837,-0.037201613525677295,131.79058711436048,48.92130925310281,12.952210117316948,95.81835161131973
4,0.001114983248563688,1,379.944946739,0,29.713312547615082,130.23445371442904,-0.037174206123089124,131.80687016825968,48.92014927006187,12.953031343128083,95.8184712943655
