run,obj_vals,opt_converged,opt_runtime,is_best_vec,param_1,param_2,param_3,param_4,param_5,param_6,param_7
1,0.0829044703821178,1,597.492026806,0,89.7218325655102,132.03733630699344,-5.045667416953654,57.26851682705518,49.211360728313075,51.89320550785705,40.94845117377254
2,0.08290433555687084,1,867.365017918,1,91.4403080269839,131.27870337047943,-5.057389763643429,57.53279603646127,49.223205905246225,52.867630348634336,41.33489900931837
