iteration,param_1,param_2,param_3,param_4,param_5,param_6,param_7
1,100.86550854437047,129.83097637211765,0.0,58.17777010911351,29.15334885825182,14.263108134150206,27.642290738118735
2,127.59675403625326,90.56910088817588,0.0,57.817040121475394,43.01495991576792,32.441509682326576,28.138015738813905
3,148.13087722411012,136.35020282803802,0.0,67.15393838001016,36.57485566208402,31.40574209802113,21.595023819180405
4,74.6632567813594,90.70137679452306,0.0,67.13985314382526,42.88128935818599,18.78486116627829,12.977687682552894
