run,obj_vals,opt_converged,opt_runtime,is_best_vec,param_1,param_2,param_3,param_4,param_5,param_6,param_7
1,0.0034616457236581145,1,246.30461951,0,148.8323050877168,133.62383798699244,-0.4448463477787066,45.915694499551805,25.367791371596745,32.03655807718327,73.12566118626823
2,0.003461645722876535,1,219.056064401,1,148.83279465780544,133.62377809843198,-0.44485262983556845,45.915708508487235,25.367819702241075,32.03650543678599,73.12578618516743
3,0.0034616457241596625,1,200.38526837,0,148.83197141588062,133.62388107634496,-0.4448438359234381,45.91567792821086,25.367790699268234,32.03655879180149,73.12557790478766
4,0.003461645725948872,1,245.93141103,0,148.83209719647957,133.62385499864814,-0.4448405157818707,45.9157008860154,25.367744213983624,32.036638977904644,73.12560299843038
