{
    "fe_w2": 0.0,
    "delta": 0.9,
    "mu": 47.29272186250888,
    "fe_late": 0.0,
    "fe_w1": 0.0,
    "fe_w3": 0.0,
    "beta_e": 461.60990817233824,
    "prob_respond_alpha": 1.0,
    "gamma_01_factor": 1.0,
    "fe_w4": 0.0,
    "sigma_dt": 22.263387444861827,
    "alpha": 620.5508114527397,
    "fe_early": 4.60107883606402,
    "beta_l": 361.26758892389,
    "gamma": 63.128814676700614,
    "prop_to_wage": 0.0
}
