run,obj_vals,opt_converged,opt_runtime,is_best_vec,param_1,param_2,param_3,param_4,param_5,param_6,param_7
1,0.09011673191925278,1,670.411643492,1,160.23584080970372,40.43237272380424,34.61957338301474,157.65123098254116,49.61460365516554,49.0865127600135,27.640969344309006
2,0.09013092917721431,1,793.568255154,0,174.55327184428282,38.694595935939866,34.14848157999858,157.410425041017,49.988479657670645,48.86472895654516,29.96869515000392
