run,obj_vals,opt_converged,opt_runtime,is_best_vec,param_1,param_2,param_3,param_4,param_5,param_6,param_7
1,0.08509312991141983,1,303.584891161,0,169.63264508607105,27.250015210992828,1.9254372077171311,80.53289310629108,50.94524087262411,10.086642540457573,56.14842976369657
2,0.08506503277388448,1,356.999613986,1,175.25767058025988,26.22749486567167,1.5089330941017693,82.27218962418569,51.62493313838048,10.672651209635642,56.766306968791405
