run,obj_vals,opt_converged,opt_runtime,is_best_vec,param_1,param_2,param_3,param_4,param_5,param_6,param_7
1,0.08471630836265319,1,1235.254335484,1,189.2162668545739,29.14579579151035,-10.432957988020277,78.40945968899689,51.893442986637176,14.331516666088145,56.77217631184998
2,0.08471721617683026,1,262.825830093,0,187.28465384858447,29.503955270124553,-10.10105149454069,77.95093595714941,51.47206446747903,14.243772884274154,56.5443790452362
