run,obj_vals,opt_converged,opt_runtime,is_best_vec,param_1,param_2,param_3,param_4,param_5,param_6,param_7
1,0.08859190833007277,1,279.239717348,1,38.44269449977086,104.94665634168786,2.741451083180885,85.64231203367363,53.968254337923874,22.815113864070785,50.015450904085505
2,0.13723385801310883,0,7246.635677819,0,128.0180655674119,114.99368116711263,1.8329941758100623,55.00171151348959,72.49294697914655,30.927868439846627,16.215413063038394
