run,obj_vals,opt_converged,opt_runtime,is_best_vec,param_1,param_2,param_3,param_4,param_5,param_6,param_7
1,0.08906094473526881,1,210.285312694,1,59.344828651778364,112.01069684079637,-5.049754439500658,77.56786962896227,53.200225375498526,19.664262669042664,57.13762060476351
2,0.11171130465629633,0,7236.408272394,0,129.25072517304673,116.83963748021867,0.7876914000751064,54.383645909282436,72.46759594633917,31.27164294787622,15.324276587406946
