run,obj_vals,opt_converged,opt_runtime,is_best_vec,param_1,param_2,param_3,param_4,param_5,param_6,param_7
1,0.07683519253475124,1,255.052334199,0,109.6906063467155,108.98919542889784,-4.530072654769722,62.04456869288227,39.98474091293629,32.71263021606897,42.832936678897454
2,0.07683519239578138,1,459.968898654,1,109.68888086193016,108.98606624879555,-4.535539815388286,62.04468774041582,39.98362314428371,32.71349215265214,42.832018442157086
