run,obj_vals,opt_converged,opt_runtime,is_best_vec,param_1,param_2,param_3,param_4,param_5,param_6,param_7
1,0.08194425403005459,1,654.941780026,0,133.11521395989016,74.96410268737648,-1.9298621020824134,44.44373459956463,88.17388203631816,15.06069570595494,49.65546638967124
2,0.08194333396221748,1,439.624420341,1,134.15948141441876,74.64044905429,-1.7955366746235524,44.462121991396835,88.12790456510615,15.08179376862066,49.71106622507552
