run,obj_vals,opt_converged,opt_runtime,is_best_vec,param_1,param_2,param_3,param_4,param_5,param_6,param_7
1,0.072180839271501,1,490.327551688,0,124.9592618893398,87.76129516322354,-5.507827836145824,55.70645327073758,64.8239542225047,16.669971885243935,42.69326036008933
2,0.07218083925774732,1,395.755791557,1,124.95831366802116,87.76136103790303,-5.508107369504691,55.70645254922969,64.82410331131888,16.668863073520484,42.69314392967371
