run,obj_vals,opt_converged,opt_runtime,is_best_vec,param_1,param_2,param_3,param_4,param_5,param_6,param_7
1,0.07210848974647753,1,229.617326045,1,118.62773293036288,82.73498538536239,-10.190725614012516,62.18138285981671,75.0198689111099,13.788587367732962,45.321351171571436
2,0.07214558809294992,1,405.590313994,0,120.80909066470485,81.80637799977914,-10.028677419485797,61.94562807233959,70.80151623218029,13.800181509278271,45.541055011033315
