run,obj_vals,opt_converged,opt_runtime,is_best_vec,param_1,param_2,param_3,param_4,param_5,param_6,param_7
1,0.07783721205163373,1,655.902199418,0,94.52323658036666,99.31315261173557,-5.817174141752984,45.34995522256259,142.33575261782244,16.493295425160852,60.06581548029371
2,0.07780163694340961,1,527.307520448,1,92.12686449708534,102.1569905862461,-5.425461118594457,42.582865878617795,166.69776063946955,15.71445177916252,60.242190792151
