run,obj_vals,opt_converged,opt_runtime,is_best_vec,param_1,param_2,param_3,param_4,param_5,param_6,param_7
1,0.080819730699936,1,355.646106329,1,89.61253182400276,109.70659900474162,-4.424436799686705,60.30600811765365,68.28495221539457,9.245873344007224,56.586464633474755
2,0.0808218339928569,1,325.62157066,0,89.5499969695632,109.52273453321665,-4.591490876267967,60.03708190586619,68.44690468554506,9.214768977032575,56.48535747393662
