run,obj_vals,opt_converged,opt_runtime,is_best_vec,param_1,param_2,param_3,param_4,param_5,param_6,param_7
1,0.07867440065435076,1,646.494904098,1,79.27973869993231,103.42438724281982,-10.943511300312755,73.40406508459655,70.06817723514679,1.6205234144796956,56.939240175594236
2,0.07974281816299567,1,306.671273333,0,74.4003380726887,106.5730970485048,-8.056923142885406,85.39394017969637,63.941953336471315,7.0324242506165,64.04670481895738
