run,obj_vals,opt_converged,opt_runtime,is_best_vec,param_1,param_2,param_3,param_4,param_5,param_6,param_7
1,0.08316997757862137,1,123.617826912,0,81.34857959948759,42.941730790913056,22.297522551991523,49.48060107707735,47.54051138758312,68.67921953303032,28.76430893063922
2,0.08306036952439706,1,269.662653792,1,79.71431370511358,43.384183719734594,21.62520223521061,45.597649579471295,61.15655622177257,53.268129103139415,28.793322509508265
