{
    "fe_w2": 0.0,
    "delta": 0.9,
    "mu": 35.33884466026623,
    "fe_late": 0.0,
    "fe_w1": 0.0,
    "fe_w3": 0.0,
    "beta_e": 889.1155138866295,
    "prob_respond_alpha": 1.0,
    "gamma_01_factor": 1.0,
    "fe_w4": 0.0,
    "sigma_dt": 31.685125111566762,
    "alpha": 300.3921674450823,
    "fe_early": -7.62616951365076,
    "beta_l": 449.63851817487034,
    "gamma": 78.20070120214592,
    "prop_to_wage": 0.0
}
