run,obj_vals,opt_converged,opt_runtime,is_best_vec,param_1,param_2,param_3,param_4,param_5,param_6,param_7
1,0.08306840317595354,1,667.359666564,0,43.54393327678776,64.40341557572985,-18.260926866435828,36.524445572527206,57.31860852694495,6.888972138780143,29.398206919120195
2,0.08289847836988896,1,589.396655661,1,42.594539614492035,65.78735077483653,-17.543373878964957,38.392030537974286,49.63417371810007,6.442502789208138,29.29625773361818
