run,obj_vals,opt_converged,opt_runtime,is_best_vec,param_1,param_2,param_3,param_4,param_5,param_6,param_7
1,0.08092401396972199,1,593.125834515,1,95.9752087638945,82.42010902434453,-5.090210776521135,111.62795681517704,57.40927601286431,12.385455640851768,43.58358713006761
2,0.08098522463503148,1,705.411822099,0,95.07033496097483,82.79678882148218,-5.215174872022347,92.33385986541795,58.801601788724064,13.246785380259622,43.65794232796778
