run,obj_vals,opt_converged,opt_runtime,is_best_vec,param_1,param_2,param_3,param_4,param_5,param_6,param_7
1,0.08128846070397384,1,469.630012601,1,86.49773682700932,91.56261556391212,-7.691784465446562,72.38868621537307,56.01715380303898,15.313156467362832,41.96074510306641
2,0.08128853216205438,1,398.075172279,0,86.13766672594986,91.68559362834719,-7.676413871700691,72.45011370547968,56.0129791520479,15.308173249941822,41.90944911303274
