iteration,param_1,param_2,param_3,param_4,param_5,param_6,param_7
1,72.21890042650027,61.19207276616443,0.0,37.57849740390683,32.24787764783197,29.483998176003745,12.862644396764303
2,75.29842349654791,142.90758674055013,0.0,29.841869301560113,56.966842598795274,29.458983530828363,26.32807050073214
3,145.45952667458943,132.20731829930804,0.0,66.25049367687258,62.669795592469725,30.664887174887344,27.833272620134032
4,149.1600460899982,51.805055207103614,0.0,33.28141439893895,43.332520794067115,26.34250559324782,26.913989083988422
