run,obj_vals,opt_converged,opt_runtime,is_best_vec,param_1,param_2,param_3,param_4,param_5,param_6,param_7
1,0.06274599855859042,1,319.473612399,0,155.12247339030728,88.91776975587737,2.723605834806037,33.21817934123919,373.02473002237167,31.808905838317724,49.87526006029967
2,0.06258038370023805,1,582.337473511,0,151.9086112966622,89.04588451094195,1.7777578198430508,32.64255908418794,1277.52422721677,32.55508395939691,49.36922983696959
3,0.06257969515291563,1,525.181303469,0,151.8164384276503,89.05940419573724,1.7575447672070028,32.63973952361961,1314.9473317362363,32.525094853439334,49.35592544906981
4,0.06257967170634947,1,509.032512633,1,152.1986855063719,88.99650018762321,1.7856289049471143,32.63806677853517,1315.7614447137148,32.5742401746749,49.41692033271001
