run,obj_vals,opt_converged,opt_runtime,is_best_vec,param_1,param_2,param_3,param_4,param_5,param_6,param_7
1,0.07779557808404479,1,469.921090029,0,111.2774463981246,86.14934991467028,9.515731079800867,42.62120944896077,55.812808970286824,19.529216110741977,56.334066143154175
2,0.07779290370118318,1,407.047160182,1,109.28241456491808,86.87401880600743,8.924519670921931,43.77390299683217,54.48210204853414,17.647556151191424,56.068892540559894
