{
    "fe_w2": 0.0,
    "delta": 0.9,
    "mu": 47.80366994053056,
    "fe_late": 0.0,
    "fe_w1": 0.0,
    "fe_w3": 0.0,
    "beta_e": 771.9789972305722,
    "prob_respond_alpha": 1.0,
    "gamma_01_factor": 1.0,
    "fe_w4": 0.0,
    "sigma_dt": 70.74321676216816,
    "alpha": 1396.837974428281,
    "fe_early": 28.545619821486135,
    "beta_l": 424.8864167961689,
    "gamma": 25.88352519705756,
    "prop_to_wage": 0.0
}
