run,obj_vals,opt_converged,opt_runtime,is_best_vec,param_1,param_2,param_3,param_4,param_5,param_6,param_7
1,0.0025164660129278122,1,245.638789138,0,122.60986534055193,72.1456645326798,0.008808914152661402,23.180747689700983,35.78530340638976,5.795907994978862,33.37468284639465
2,0.002516466008513321,1,384.635933034,1,122.60968822518652,72.14568696118076,0.008800605225017672,23.18066805476235,35.78519838428843,5.79589868706403,33.374672720982005
3,0.0025164660096927646,1,272.313509874,0,122.60999874481672,72.1456339160359,0.008845270553808116,23.18070151221057,35.78530636784866,5.795899150881133,33.37470740370673
4,0.002516466008533949,1,272.813697853,0,122.60970254080384,72.14568494745997,0.008802042796169527,23.180671559859086,35.78520777619618,5.795898954140581,33.37467394468548
