{
    "fe_w2": 0.0,
    "delta": 0.9,
    "mu": 51.612986198220966,
    "fe_late": 0.0,
    "fe_w1": 0.0,
    "fe_w3": 0.0,
    "beta_e": 293.88772416469806,
    "prob_respond_alpha": 1.0,
    "gamma_01_factor": 1.0,
    "fe_w4": 0.0,
    "sigma_dt": 14.02908489308756,
    "alpha": 586.8462741371816,
    "fe_early": 9.391310283074992,
    "beta_l": 273.72397284804794,
    "gamma": 94.1918288703558,
    "prop_to_wage": 0.0
}
