run,obj_vals,opt_converged,opt_runtime,is_best_vec,param_1,param_2,param_3,param_4,param_5,param_6,param_7
1,0.08191629794917876,1,172.23071384,0,122.3392142480394,70.11526957106904,-37.44098315292085,92.12821099477593,55.33637144494705,39.172340284159255,58.61089462759174
2,0.08191628318785289,1,296.350012479,1,122.30436244815436,70.12205068183614,-37.450270519257984,92.01880832996315,55.40790147676401,38.99235788695605,58.602434517411645
