run,obj_vals,opt_converged,opt_runtime,is_best_vec,param_1,param_2,param_3,param_4,param_5,param_6,param_7
1,0.089358236830517,1,599.52604782,0,95.91023782550593,103.7021654037721,-8.060129237966816,48.00957625883659,57.96983931303816,21.344803163297538,72.22678298330514
2,0.08935823674474383,1,911.488985241,1,95.91919233232275,103.69551027899136,-8.06360708450054,48.01020586427543,57.969656424472376,21.345865341893155,72.22867683678585
