{
    "fe_w2": 0.0,
    "delta": 0.9,
    "mu": 49.587895696536144,
    "fe_late": 0.0,
    "fe_w1": 0.0,
    "fe_w3": 0.0,
    "beta_e": 824.3482846237879,
    "prob_respond_alpha": 1.0,
    "gamma_01_factor": 1.0,
    "fe_w4": 0.0,
    "sigma_dt": 7.681569757651106,
    "alpha": 780.358253316188,
    "fe_early": 21.327901242015642,
    "beta_l": 528.8645399894566,
    "gamma": 63.32908280875188,
    "prop_to_wage": 0.0
}
