run,obj_vals,opt_converged,opt_runtime,is_best_vec,param_1,param_2,param_3,param_4,param_5,param_6,param_7
1,0.07759616274552439,1,300.758051859,0,99.22350631164014,116.4313314506969,1.9839533089311847,50.190944974614645,54.9869019717943,10.446561962323512,44.34984767710242
2,0.07759616273458873,1,557.002572244,1,99.2252529945034,116.43028619047932,1.983604386491321,50.19062592283431,54.9872057782852,10.44670777713733,44.350160257327786
