run,obj_vals,opt_converged,opt_runtime,is_best_vec,param_1,param_2,param_3,param_4,param_5
1,0.09008803989594638,1,151.92494777,0,230.93554086453477,76.74015078971014,75.80092813134152,14.965153809726242,70.91930354381722
2,0.09008152719689863,1,1451.236768804,1,232.29498564161491,77.4324852668091,76.52196873885781,14.825443757878453,71.39428949209653
