run,obj_vals,opt_converged,opt_runtime,is_best_vec,param_1,param_2,param_3,param_4,param_5,param_6,param_7
1,0.0894044947822622,1,340.674138483,0,182.87000598490445,68.82978654123002,15.815455552783787,74.34259305757678,63.66430944530732,14.831027661022079,40.82085424079767
2,0.08938721738360011,1,416.217946973,1,181.1348891388538,69.25676941509525,14.903370817745705,71.78466253749735,63.567623770686666,13.536690273344957,40.86476961883218
