run,obj_vals,opt_converged,opt_runtime,is_best_vec,param_1,param_2,param_3,param_4,param_5,param_6,param_7
1,0.09088266127625583,1,385.449449437,1,154.33404151059594,65.73492683872823,12.178875561310901,74.74736369287089,50.916768458575554,25.089954950149334,34.16693100273195
2,0.09088611836818554,1,656.997986953,0,152.8463677978227,66.15839929325692,11.730632688033513,74.35751587396793,51.145597933712885,24.906792467417663,34.02355370964885
