run,obj_vals,opt_converged,opt_runtime,is_best_vec,param_1,param_2,param_3,param_4,param_5,param_6,param_7
1,0.08863772201466676,1,188.885189276,0,122.10432695262689,72.59086326041873,-15.927010409175947,64.00957885974613,70.71090869866396,34.70478383719879,69.00358179301601
2,0.08863616871988111,1,287.36335774,1,121.08079341020671,72.54088671673007,-15.947799821025328,63.80141486696295,70.51356584827778,34.37910449170355,68.6216023374542
