run,obj_vals,opt_converged,opt_runtime,is_best_vec,param_1,param_2,param_3,param_4,param_5,param_6,param_7
1,0.08730673696863801,1,279.804339914,1,120.96917868551547,71.50698105314079,-11.267231763576667,69.39640493967673,54.88077093269264,33.66780989836014,58.669289025101904
2,0.08734201433167763,1,107.517309076,0,122.18387443464542,69.72222029176555,-12.88457658717345,69.21840676640008,54.74511283286719,35.78214149372276,58.43718210277777
