obj_vals,opt_results,opt_runtime,param_1,param_2,param_3,param_4,param_5,param_6,param_7
0.06957773103305165,1,474.247428262,113.12066643159235,75.57133733578463,-3.4165592966379683,120.33553649068823,215.1049283933804,45.60383845894338,57.50455557015363
