obj_vals,opt_results,opt_runtime,param_1,param_2,param_3,param_4,param_5,param_6,param_7
0.06957773103303592,1,494.320952053,113.12064922391743,75.57134133061328,-3.4165680065276867,120.33557908883827,215.10496572408385,45.60370735204337,57.504552875756126
