obj_vals,opt_results,opt_runtime,param_1,param_2,param_3,param_4,param_5,param_6,param_7
0.06957773103846485,1,365.194817076,113.12057361896565,75.57138689625006,-3.4164619087657537,120.33743220308904,215.09887137637344,45.60245850584813,57.504522784113426
