obj_vals,opt_results,opt_runtime,param_1,param_2,param_3,param_4,param_5,param_6,param_7
0.06918871366655899,1,581.011179044,120.42999452505917,74.61163566666603,0.5594893305478544,207.96026287863765,97.85607130224284,86.14712483810149,59.30628368744448
