obj_vals,opt_results,opt_runtime,param_1,param_2,param_3,param_4,param_5,param_6,param_7
0.06922902421850755,1,457.855205727,120.55376007103047,74.52541974009557,0.22705426292164646,198.41621878598633,88.29248814371871,73.12207809705278,59.16393081990082
