run,obj_vals,opt_converged,opt_runtime,is_best_vec,param_1,param_2,param_3,param_4,param_5,param_6,param_7
1,0.08121252010879328,1,543.348756775,1,209.3522964275605,48.89863828354595,-25.036339253273752,85.43678241445771,80.35436209602591,28.27522242543791,62.07776241908158
2,0.08121334461475639,1,969.008775234,0,210.79275719339978,48.453970303211435,-24.794224140708582,85.35285164368452,79.7568586291834,28.900375055339733,62.08248901765749
