run,obj_vals,opt_converged,opt_runtime,is_best_vec,param_1,param_2,param_3,param_4,param_5,param_6,param_7
1,0.08227267284827694,1,531.842836317,1,210.60794943834998,66.28614492493608,-23.962333399667592,80.15121797404423,72.71821104113315,29.434162969656988,59.937908417026286
2,0.09657930458718968,0,7241.524498353,0,129.80593037216397,117.12700127057846,-0.16053931047042178,54.828867843590984,72.68447492119927,31.432886434736503,15.390544569701857
