run,obj_vals,opt_converged,opt_runtime,is_best_vec,param_1,param_2,param_3,param_4,param_5,param_6,param_7
1,0.08097403301506254,1,737.530956607,1,198.07236228514756,61.488281972877125,-9.02565058759518,66.78430801752644,55.67569477730162,15.18458924488385,54.28658024143322
2,0.08097638702184702,1,930.013843768,0,196.11767591564984,62.262545145649376,-9.2333311183612,66.55623332262009,55.61365287104335,15.18324776301636,54.053841577801826
