run,obj_vals,opt_converged,opt_runtime,is_best_vec,param_1,param_2,param_3,param_4,param_5,param_6,param_7
1,0.07609413427021965,1,2839.816908964,1,263.3553586303946,9.344394727080367,-24.207759324780916,94.65994909016344,57.330937483709214,56.45358234291778,67.96011273362663
2,0.07610138523189726,1,774.257135774,0,259.7093098772765,10.16320877465283,-23.541822814714653,98.70998287814507,55.509294332699305,56.66078511115469,67.59351183770383
