run,obj_vals,opt_converged,opt_runtime,is_best_vec,param_1,param_2,param_3,param_4,param_5,param_6,param_7
1,0.06045358234808181,1,653.09597335,0,99.37597598994007,44.03302716015762,0.8473428574408864,115.83044337196664,54.77698652495719,11.730655369723882,56.85517935013783
2,0.05983869845944433,1,271.068853286,1,101.75510595946744,42.010857743336146,1.5122695562385537,158.40640518776834,53.34616646699163,6.002636919355407,56.975386446766606
3,0.06038368334008617,1,147.886736162,0,102.52234261412623,42.50434251133592,1.5076379292341242,131.65687263498938,54.95628207376097,5.917078077252486,57.165568501838926
4,0.05995986342641702,1,239.081286888,0,100.26982655853287,43.17756675388733,1.9668587572286398,150.0289215586322,52.606867837045826,6.198008965168062,56.622126104699575
