run,obj_vals,opt_converged,opt_runtime,is_best_vec,param_1,param_2,param_3,param_4,param_5,param_6,param_7
1,0.08295550865383372,1,250.231453743,0,81.81651073079513,131.29131127916833,-3.9420737439282316,57.40554244535809,73.20852663495216,23.204457768008073,49.13893046699909
2,0.08294497849135617,1,247.353961929,1,84.66930855328764,129.86844435680894,-3.9748505609232723,58.42492824522591,73.22061418228671,21.276652585290204,49.89778662587119
