run,obj_vals,opt_converged,opt_runtime,is_best_vec,param_1,param_2,param_3,param_4,param_5,param_6,param_7
1,0.07963858548324426,1,666.265368841,1,116.0107257436202,63.4258802676485,-34.78781004177315,56.240764640686194,128.62541746595542,22.72849398954039,59.84056624981011
2,0.07965310261848606,1,860.034818511,0,116.26140149917016,63.504111259120556,-34.64439712206775,56.75785449187112,110.75251949393777,23.79667293738038,59.9353247703159
