run,obj_vals,opt_converged,opt_runtime,is_best_vec,param_1,param_2,param_3,param_4,param_5,param_6,param_7
1,0.0801871236779793,1,1060.545973775,0,109.89815988463297,78.57774687009281,-30.53247871546238,45.90952210129363,81.72817368836063,22.440861167343343,57.17707019687676
2,0.08017983127602167,1,460.885605428,1,109.22568457367537,78.68357948094136,-30.345275498925808,45.283463882513374,87.50172633325508,22.58431986384447,56.99418773837917
