run,obj_vals,opt_converged,opt_runtime,is_best_vec,param_1,param_2,param_3,param_4,param_5,param_6,param_7
1,0.07725576462991397,1,338.435485988,1,124.84073164851387,88.5632691291317,15.3539950490447,75.93174581672581,77.93772070676032,21.26854009490018,41.12947468313304
2,0.07725630152056534,1,408.638010706,0,125.16654826977137,88.49337104814164,15.47719422548149,75.88452468006868,78.05806077535061,21.91967374399608,41.15847634798841
