run,obj_vals,opt_converged,opt_runtime,is_best_vec,param_1,param_2,param_3,param_4,param_5,param_6,param_7
1,0.07583468998088114,1,628.591106354,1,137.40925599314141,75.19875227275067,23.78031528832596,101.383455322173,285.24400180424624,2.9849469739177796,47.683813149659834
2,0.07639553040455815,1,288.390946786,0,143.68218235458485,75.4584943554263,23.848170584670928,96.26161231158505,110.3003756533316,16.587831239880305,48.26964478261453
