run,obj_vals,opt_converged,opt_runtime,is_best_vec,param_1,param_2,param_3,param_4,param_5,param_6,param_7
1,0.08122614310274295,1,2415.4229443,1,129.16036242783844,59.13484595311842,-31.436020709174752,60.54739049700395,94.22684842040786,21.804001053796473,51.07097551726627
2,0.0812262436995143,1,416.002422185,0,129.07257395350513,59.185756594844484,-31.448787809002468,60.560788338668964,94.52790939852633,21.751618789380203,51.08253112566062
