run,obj_vals,opt_converged,opt_runtime,is_best_vec,param_1,param_2,param_3,param_4,param_5,param_6,param_7
1,0.07521111264051854,1,629.385873457,1,108.08106985922274,82.50384323205901,-6.633398490007511,88.72284001656664,36.673648539297794,35.44382280883352,51.02069127589971
2,0.07525819652979868,1,362.21033462,0,104.82585385079841,82.9435446862753,-7.504770338571514,80.90083919524452,38.365533235661,32.700864430617294,50.5456047154015
