run,obj_vals,opt_converged,opt_runtime,is_best_vec,param_1,param_2,param_3,param_4,param_5,param_6,param_7
1,0.07550263238986542,1,938.097982828,1,109.47769587724497,94.78208566657962,-6.849983106606892,74.71261018755833,40.94284104455814,30.97437890915588,51.07813101607203
2,0.07550263441857583,1,864.459095256,0,109.49861298496678,94.78749011274417,-6.835234207165431,74.71167873303659,40.943331835872584,30.972050510699514,51.08433905840786
