run,obj_vals,opt_converged,opt_runtime,is_best_vec,param_1,param_2,param_3,param_4,param_5,param_6,param_7
1,0.08045814355220064,1,566.917162939,1,133.14482996032058,91.66126397247487,-23.267342490980315,97.72590474335037,71.58153973833073,16.142428011134236,68.04878835905743
2,0.10160471502017018,0,7222.387048263,0,129.69937555458753,117.03422705111046,0.427259707839894,53.594613877810446,72.98255559790704,31.553376783922513,15.35370286252991
