run,obj_vals,opt_converged,opt_runtime,is_best_vec,param_1,param_2,param_3,param_4,param_5,param_6,param_7
1,0.07990201774330163,1,354.77510295,0,144.0298796835016,104.31903872908052,-21.63804876307128,92.87402355379761,68.57026251739762,21.959138806211207,66.3203454712437
2,0.07988797099923972,1,797.796839152,1,149.39449413870258,102.47293750682287,-21.473453490370645,87.48588670968026,68.84488266975737,23.113102876453784,66.81382629486446
