run,obj_vals,opt_converged,opt_runtime,is_best_vec,param_1,param_2,param_3,param_4,param_5,param_6,param_7
1,0.08326465906412747,1,1878.862101451,1,181.00821797308924,67.4039127939043,19.661217146610486,72.06338327955142,48.55397240987402,32.74729756812819,45.38002658841858
2,0.08326488282330097,0,3634.737259332,0,180.31551998543534,67.63251406699987,19.445349354039127,71.9337558482426,48.386210599460156,32.622278188398596,45.37462901534082
