run,obj_vals,opt_converged,opt_runtime,is_best_vec,param_1,param_2,param_3,param_4,param_5,param_6,param_7
1,0.09157940702409784,1,204.817182514,0,135.66194231789007,72.20979405511213,-5.735445243092318,74.36401730653256,56.384840836957,22.356671298299606,43.00360580895091
2,0.09154356519763795,1,295.201956183,1,135.16277570045946,72.54126919372095,-6.038017313762411,76.91121392103537,55.0965309260558,22.087895862239236,42.931356556850794
