run,obj_vals,opt_converged,opt_runtime,is_best_vec,param_1,param_2,param_3,param_4,param_5,param_6,param_7
1,0.0916935337124464,1,526.33935414,0,151.54539777583872,71.5060412148951,-10.397963037779363,78.18204426977938,68.43408444781971,18.57808360876725,51.36452593333072
2,0.09163161134436269,1,459.493738294,1,149.9829878049433,71.5929402778952,-11.111587188696738,75.67088663089808,75.90198220560164,21.05530345543139,51.55450075433989
