run,obj_vals,opt_converged,opt_runtime,is_best_vec,param_1,param_2,param_3,param_4,param_5,param_6,param_7
1,0.09144052926492655,1,4855.105131702,1,109.1392717997702,115.12342304921384,-7.390307966719883,87.31236002851263,58.64925429337607,8.678352871811699,70.17776767143074
2,0.11054970866905685,0,7224.044908697,0,129.7301416028846,117.7484926572025,0.5393303301059017,54.64747250819368,73.02952352812892,31.024278511202738,15.407525108838387
