run,obj_vals,opt_converged,opt_runtime,is_best_vec,param_1,param_2,param_3,param_4,param_5,param_6,param_7
1,0.07873439160129221,1,794.692793977,0,90.15032057801045,88.3822441534795,-12.073138987340867,60.71607603622672,60.37609247371617,9.547251455971711,31.872170734175587
2,0.07869389370110294,1,439.514128531,1,79.6914518501218,90.91842457414798,-14.165562805893716,61.85776512302064,59.388217784062114,8.009593588888025,30.496543075159696
