run,obj_vals,opt_converged,opt_runtime,is_best_vec,param_1,param_2,param_3,param_4,param_5,param_6,param_7
1,0.0778402578181852,1,374.548902099,1,122.46939725829381,76.01049246414632,1.4916448389727808,104.61050211130186,71.70466634221623,4.64238841438711,38.20000874133669
2,0.07837380857480923,1,391.939703673,0,113.11553077531654,76.49736856486898,-4.173668282876069,75.06844624024245,76.69048095110331,6.818173541857259,37.545628620624406
