run,obj_vals,opt_converged,opt_runtime,is_best_vec,param_1,param_2,param_3,param_4,param_5,param_6,param_7
1,0.0798754115983938,1,211.743166293,1,79.91372369399812,79.95559699669379,-13.240973389795228,77.42546733617759,93.92906102800853,7.817516259391359,55.41386240826614
2,0.07988407908739376,1,335.598649488,0,79.74956497548793,80.06313601929124,-13.531463950567193,77.04214813956258,99.2571994030844,7.82670631829746,55.51753268558043
