iteration,param_1,param_2,param_3,param_4,param_5,param_6,param_7
1,121.7575104435896,106.40701988280625,0.0,30.653048318076515,40.72092651630253,20.937669754429443,31.37658386283565
2,132.6242607784308,139.27995142609652,0.0,47.2106743134148,29.163612933952454,13.73754887441842,30.528101011112973
3,124.49444319987121,135.5068903282327,0.0,28.342084473128747,26.116167763287386,23.881458866235842,15.122236007285409
4,74.69661044966502,75.5989876132121,0.0,64.50711311757385,35.17666287765675,24.230208105815567,14.25622229726938
