{
    "fe_w2": 0.0,
    "delta": 0.9,
    "mu": 46.85597382760098,
    "fe_late": 0.0,
    "fe_w1": 0.0,
    "fe_w3": 0.0,
    "beta_e": 443.44790341128567,
    "prob_respond_alpha": 1.0,
    "gamma_01_factor": 1.0,
    "fe_w4": 0.0,
    "sigma_dt": 29.869086181764253,
    "alpha": 650.1697868137912,
    "fe_early": -17.106547836951584,
    "beta_l": 225.25787406910902,
    "gamma": 70.3822278968554,
    "prop_to_wage": 0.0
}
