run,obj_vals,opt_converged,opt_runtime,is_best_vec,param_1,param_2,param_3,param_4,param_5,param_6,param_7
1,0.08985581510072355,1,450.742280821,1,172.11704580009948,77.87438783858848,12.395583015599065,140.8102001528638,73.75850520568022,1.4111439693295527,64.40103561632125
2,0.13545324801654188,0,7237.633581696,0,130.67385388135548,118.53595772248997,0.3241790025129728,52.98638601935566,73.05987158562297,31.01366249773327,13.476999565247985
