run,obj_vals,opt_converged,opt_runtime,is_best_vec,param_1,param_2,param_3,param_4,param_5,param_6,param_7
1,0.08939435378819169,0,7245.09506945,1,158.6000854849318,100.53148417273273,7.714194584517115,113.38931733424032,63.7645855445212,8.881146578950233,60.608308271582615
2,0.08952908703799915,1,304.257074984,0,148.626983329998,102.30078969654863,7.0867198960689155,205.86168637078018,56.49366816374011,14.97671136442874,59.140997893482826
