run,obj_vals,opt_converged,opt_runtime,is_best_vec,param_1,param_2,param_3,param_4,param_5,param_6,param_7
1,0.08362233579331886,1,226.072715328,0,154.91288832043622,84.0129707795043,-19.62873649916265,51.19822417978194,49.74651480016333,17.723323492649175,59.29712585710167
2,0.08362233471810271,1,479.098383553,1,154.91418125528088,84.01235988248054,-19.626082852672955,51.197627541258576,49.74844841390085,17.713881679776755,59.29624274073647
