iteration,param_1,param_2,param_3,param_4,param_5,param_6,param_7
1,142.46917951064205,108.7230318560176,0.0,64.83599466572242,52.880112664131985,21.026023053387437,31.56162139985781
2,81.57004420335487,118.20063424019085,0.0,30.213330802417026,30.047905439074025,20.14347727342022,16.86826588255747
