run,obj_vals,opt_converged,opt_runtime,is_best_vec,param_1,param_2,param_3,param_4,param_5,param_6,param_7
1,0.08318146111809119,1,262.8656349,0,142.73434772126765,70.96754983984681,-21.694402868663538,50.06987082353612,60.41629178689655,19.681307038400835,62.6660060038419
2,0.08318146069231581,1,485.110454943,1,142.71989937639108,70.9715634346169,-21.70014256807195,50.068862028882,60.4231903275918,19.68512508200246,62.66459356610202
