{
    "fe_w2": 0.0,
    "delta": 0.9,
    "mu": 47.535734477768024,
    "fe_late": 0.0,
    "fe_w1": 0.0,
    "fe_w3": 0.0,
    "beta_e": 412.3296140205472,
    "prob_respond_alpha": 1.0,
    "gamma_01_factor": 1.0,
    "fe_w4": 0.0,
    "sigma_dt": 44.05183215430537,
    "alpha": 1408.14484185995,
    "fe_early": 42.402558429714546,
    "beta_l": 463.15324765926977,
    "gamma": 22.73795840552047,
    "prop_to_wage": 0.0
}
