run,obj_vals,opt_converged,opt_runtime,is_best_vec,param_1,param_2,param_3,param_4,param_5,param_6,param_7
1,0.0007569561652878001,1,377.330607903,1,63.57266434071203,78.40657195863062,0.12676308306211823,67.05609121454735,72.01880397196966,23.069569202992156,76.89067366436731
2,0.0007569575480300864,1,268.217374391,0,63.57048556310806,78.40622728361703,0.12625739180175635,67.05480824344504,72.02618733685317,23.070791802416473,76.89022456801486
3,0.0007569571459094064,1,268.77528823,0,63.56652802681252,78.40717242290216,0.1252651096592464,67.05620038457671,72.02184262829738,23.069831135796033,76.8893279496751
4,0.0007569564810870104,1,243.894882587,0,63.570361407965684,78.40694073247735,0.12607873791819924,67.05617956665176,72.01898688069738,23.068969270460137,76.89015232191531
