run,obj_vals,opt_converged,opt_runtime,is_best_vec,param_1,param_2,param_3,param_4,param_5,param_6,param_7
1,0.060660022801562005,1,310.75557973,1,116.66377658714065,48.33177371450189,1.1118246544051336,74.77840635073387,22.054655349750778,9.208256392185856,96.63722771471481
2,0.06066167852720843,1,627.823707837,0,117.20752029544454,47.78768758627817,1.0420055193613784,74.88858615978543,22.072464698638996,9.176109563695388,96.6799067639644
3,0.06066470418050919,1,400.025934749,0,115.62388532301225,48.461731066249826,0.8333812452618776,74.58653016586936,22.049703601225712,9.176183740841198,96.24514965164524
4,0.06067601987046316,1,430.652400747,0,114.50975595766951,48.90765797858818,0.6957865739343485,74.57775519849481,21.908100908254216,9.201018887465697,95.88877828256206
