run,obj_vals,opt_converged,opt_runtime,is_best_vec,param_1,param_2,param_3,param_4,param_5,param_6,param_7
1,0.08464830282106375,1,969.812779276,1,57.57057725557718,71.12485287781413,0.576191881644418,41.393758355606,41.67266287931663,14.030500155482184,34.923273681052194
2,0.08464830494839358,1,2552.262801754,0,57.62264924549259,71.09890487407118,0.5798829471423902,41.4012899859496,41.677010510382225,14.028912234447136,34.93146151285559
