run,obj_vals,opt_converged,opt_runtime,is_best_vec,param_1,param_2,param_3,param_4,param_5,param_6,param_7
1,0.08900964354146071,1,1238.746070962,1,109.06483691071793,68.23284382403382,-13.682091148512653,82.98748738983666,63.860105914089345,21.254189935930075,50.35325910037224
2,0.13538557100616888,0,7221.111720186,0,135.53590709851073,111.90487773532675,4.57096881210948,56.308923536785045,74.22150698673651,25.634134385291933,14.170030901885823
