run,obj_vals,opt_converged,opt_runtime,is_best_vec,param_1,param_2,param_3,param_4,param_5,param_6,param_7
1,0.07834162925450407,1,1789.814295292,0,72.8340186376215,127.49095186529289,1.2879626685623782,54.07766287882591,71.57484895692409,8.243018336181242,49.819561497751685
2,0.07814083190604877,1,483.997060119,1,92.14344365179672,118.31443794781136,2.8196479783984545,54.70316502303988,69.38742404621748,8.148694796556605,55.31650092336103
