run,obj_vals,opt_converged,opt_runtime,is_best_vec,param_1,param_2,param_3,param_4,param_5,param_6,param_7
1,0.07806725209099516,1,333.989508506,1,78.60600793508692,127.35894468177726,-0.49478139675834876,49.476431633990245,62.06946108189777,11.880947164104587,45.79051447253555
2,0.07806801417841182,1,331.706180209,0,78.16445177872666,127.5534402298431,-0.5400510380945855,49.478547019219235,61.83665194516977,11.836906703609268,45.67619980085188
