run,obj_vals,opt_converged,opt_runtime,is_best_vec,param_1,param_2,param_3,param_4,param_5,param_6,param_7
1,0.07142934719340299,1,305.30365482,1,78.90911091172262,78.48943175869638,-8.596734561416714,58.32384120423151,93.98635889475524,25.73634414370899,53.06872785267888
2,0.11660987777217582,0,7225.359001225,0,130.21527536956754,118.25568689680911,0.7517569433231005,52.1692409016716,72.99796349406871,31.29076521817766,13.394639999367348
