run,obj_vals,opt_converged,opt_runtime,is_best_vec,param_1,param_2,param_3,param_4,param_5,param_6,param_7
1,0.07083288773587422,1,279.973036021,0,90.30729954457917,83.28245690694342,-10.583405138048787,58.90364093139936,91.92122952467908,27.49206720430162,51.28916899749868
2,0.07083280631893364,1,532.169847282,1,90.24766678337937,83.30115898971302,-10.586516378785713,58.74882919798441,91.65946677428366,27.431841566057365,51.2774370489283
