run,obj_vals,opt_converged,opt_runtime,is_best_vec,param_1,param_2,param_3,param_4,param_5,param_6,param_7
1,0.09134690129185584,1,217.524919157,0,290.2138155399942,13.388141699616446,-6.740413786573181,71.08122896295338,80.32524719283458,24.22067902141761,57.898877660732026
2,0.09134668442282574,1,436.282540679,1,291.20313008482685,13.310173718935781,-6.471252420928588,71.2751781927815,81.02073196875541,24.232237138622267,57.99630571776659
