run,obj_vals,opt_converged,opt_runtime,is_best_vec,param_1,param_2,param_3,param_4,param_5,param_6,param_7
1,0.08964447159882603,1,317.288559325,1,207.1490749011654,14.657020266683347,-4.900390125407313,58.08616153660243,319.6404679883164,23.507650578874113,55.1788941964534
2,0.08972017464660405,1,236.879762552,0,210.04117625587813,14.23128097266881,-4.909011078398116,57.41276751489258,438.93672601747994,24.26509116445685,55.323934379014084
