run,obj_vals,opt_converged,opt_runtime,is_best_vec,param_1,param_2,param_3,param_4,param_5,param_6,param_7
1,0.07510140789659436,1,280.154826085,1,74.33282432992122,107.3996985369674,-4.83524881744151,252.4242562422861,46.41758900043166,8.548904018637488,49.671575518323664
2,0.07515325159093429,1,503.377359218,0,70.06316474566054,108.81541041678874,-5.199470433532185,176.3696928837404,45.06717896479204,10.167047986576605,48.79732846662039
