run,obj_vals,opt_converged,opt_runtime,is_best_vec,param_1,param_2,param_3,param_4,param_5,param_6,param_7
1,0.07634779046972533,1,673.761594658,0,102.5118477773179,105.50651286639759,-4.879509825350787,99.61892786371754,45.494583717698305,12.171764326611234,52.854048260810615
2,0.0763464122592944,1,554.209467983,1,99.79690450217359,106.90130994988058,-4.670653163740938,97.93358505271108,45.14247507640255,12.356339485600518,52.45604525061283
