run,obj_vals,opt_converged,opt_runtime,is_best_vec,param_1,param_2,param_3,param_4,param_5,param_6,param_7
1,0.09089692066595573,1,378.249532512,0,130.17318842142186,81.24157469195019,-14.180388402901501,68.54613637912858,91.76917448773261,21.25364711745057,58.141151831514684
2,0.09089243774911249,1,186.310351236,1,130.17952849139624,81.48543940759424,-12.981426624615416,69.88446994235537,87.52296922404479,19.471449772607222,57.73491815710447
