run,obj_vals,opt_converged,opt_runtime,is_best_vec,param_1,param_2,param_3,param_4,param_5,param_6,param_7
1,0.08384227588793768,1,397.471257981,1,171.1651685924902,51.6922638983997,18.486020491983595,79.8564595021929,42.244069516347395,66.96650398952323,45.26166640599941
2,0.08384228841647609,1,1574.638777188,0,171.16238072926552,51.69191481230148,18.485469761539314,79.62507223743292,42.275338880741714,66.73049136534783,45.25726929706877
