run,obj_vals,opt_converged,opt_runtime,is_best_vec,param_1,param_2,param_3,param_4,param_5,param_6,param_7
1,0.07930171981960951,1,424.57568973,1,48.50042168995211,44.62971310956453,-12.605249565080024,110.9993311014333,58.03095939343281,2.3730843886327433,32.286908734739335
2,0.07933675089051917,1,292.268157276,0,46.19695243267968,45.6911725415386,-11.059462073766829,93.67457110322087,57.96252334443103,2.3227419244775915,31.88462350911221
