run,obj_vals,opt_converged,opt_runtime,is_best_vec,param_1,param_2,param_3,param_4,param_5,param_6,param_7
1,0.07990646190969519,1,286.628270588,0,37.88429535329859,43.10202100621307,-8.558717411114594,94.36922992956207,60.3431344637288,2.0102372420063332,32.5241896596433
2,0.07971219457843678,1,529.842893084,1,37.32420821573769,43.17831757680829,-9.885315088520198,96.68623392152303,53.117345020084876,2.6285790233106945,32.46219196797478
