run,obj_vals,opt_converged,opt_runtime,is_best_vec,param_1,param_2,param_3,param_4,param_5,param_6,param_7
1,0.09016381315437934,1,680.418283502,1,106.69567068051481,106.46801727091645,-29.276553336491236,59.22021470583888,88.04197155977963,12.316018337651277,48.428434790630604
2,0.09838932254792421,0,7239.266925961,0,130.44141129785288,118.3736688505565,1.4749881320944778,52.969774501366686,73.07478296086552,31.21975818722825,13.434157676857021
