run,obj_vals,opt_converged,opt_runtime,is_best_vec,param_1,param_2,param_3,param_4,param_5,param_6,param_7
1,0.08518691950855037,1,295.165370699,1,151.09144893328818,81.20572748912217,-18.352748614406835,65.10049419173521,136.67233511775473,1.4146591649283475,57.89952506227139
2,0.08566372825579119,1,911.136041023,0,188.6273901900826,69.48764398695207,-1.9441315457683919,74.33055946208566,167.67718748108044,1.6721308235233303,64.33614354431157
