{
    "fe_w2": 0.0,
    "delta": 0.9,
    "mu": 53.09777750074745,
    "fe_late": 0.0,
    "fe_w1": 0.0,
    "fe_w3": 0.0,
    "beta_e": 289.61205812652156,
    "prob_respond_alpha": 1.0,
    "gamma_01_factor": 1.0,
    "fe_w4": 0.0,
    "sigma_dt": 6.798955076509503,
    "alpha": 1032.5481744034364,
    "fe_early": 9.394765109685062,
    "beta_l": 258.48334381039615,
    "gamma": 39.59957166275569,
    "prop_to_wage": 0.0
}
