run,obj_vals,opt_converged,opt_runtime,is_best_vec,param_1,param_2,param_3,param_4,param_5,param_6,param_7
1,0.08274824908996699,0,7243.01948383,1,497.0046626731202,0.0,-1.686893795308601,134.3467877618857,56.94830400359196,16.28251729985568,72.51211974862133
2,0.08274954528385121,1,2833.881968791,0,495.6845024504343,0.0,-3.0665521760932974,134.94352443728718,56.85502492857095,15.971978647139336,72.33730117076492
