run,obj_vals,opt_converged,opt_runtime,is_best_vec,param_1,param_2,param_3,param_4,param_5,param_6,param_7
1,0.08191801228889051,1,295.423140725,0,405.50891189298096,0.0,-4.491976794773929,122.48345881265237,63.31280257518252,12.048840555048098,74.67519091659096
2,0.08186191893167714,0,7230.853374135,1,413.067507753137,0.0,1.677002874916079,124.11431298555645,62.4580645722962,14.883124584438688,75.02746662120113
