run,obj_vals,opt_converged,opt_runtime,is_best_vec,param_1,param_2,param_3,param_4,param_5,param_6,param_7
1,0.07817989927584675,0,3649.07150608,0,157.0174088338187,61.10827918067966,7.01214185273925,83.0788652865885,53.75296381674911,42.06814615485884,50.350544050479904
2,0.07817945637466445,1,311.647518939,1,156.96209322591972,61.14328276924389,7.0113759441645715,82.93484068193975,53.59953820082051,42.61506303507188,50.350775402452804
