run,obj_vals,opt_converged,opt_runtime,is_best_vec,param_1,param_2,param_3,param_4,param_5,param_6,param_7
1,0.07755942192764508,1,743.211361499,0,147.56199278085674,66.69234270776207,11.346294477186337,89.87992324820416,56.859755858590226,46.62873590633176,52.97846759556117
2,0.077559398681958,1,326.400243263,1,147.65774620304515,66.63205647375489,11.327428097357064,89.1118656736793,57.01547846357953,45.788010468348546,52.98195548562979
