{
    "fe_w2": 0.0,
    "delta": 0.9,
    "mu": 69.12699541434452,
    "fe_late": 0.0,
    "fe_w1": 0.0,
    "fe_w3": 0.0,
    "beta_e": 730.3880486882807,
    "prob_respond_alpha": 1.0,
    "gamma_01_factor": 1.0,
    "fe_w4": 0.0,
    "sigma_dt": 1.820739300125544,
    "alpha": 617.7972544889842,
    "fe_early": -6.677228652099563,
    "beta_l": 382.44755006817127,
    "gamma": 80.51111766685763,
    "prop_to_wage": 0.0
}
