run,obj_vals,opt_converged,opt_runtime,is_best_vec,param_1,param_2,param_3,param_4,param_5,param_6,param_7
1,0.0778604028557415,1,482.783272155,0,114.29210432710335,98.74881980403683,-20.668895762472406,68.36843531662517,87.50289809975989,12.146867107867147,42.938470521737415
2,0.07493591274121374,1,468.726749109,1,90.0417204809562,94.81692348928775,-36.72032173776177,60.74418007637454,115.19291942036398,1.0268694249513053,23.435578013342926
