run,obj_vals,opt_converged,opt_runtime,is_best_vec,param_1,param_2,param_3,param_4,param_5,param_6,param_7
1,0.07471296114338127,1,535.45073872,1,101.5313862205516,105.95005606298783,-1.0145765358230103,67.17312610657493,62.206541341962314,15.87816660544581,61.828729984877874
2,0.07471350489928319,1,597.323963551,0,101.43526520208331,106.31375914886287,-0.6150848996822371,64.91515390365666,64.01637564554456,16.35435542194216,61.81507144816538
