run,obj_vals,opt_converged,opt_runtime,is_best_vec,param_1,param_2,param_3,param_4,param_5,param_6,param_7
1,0.07440557446382212,1,456.186580236,0,96.12998641575967,98.50887378887097,1.1391568432614838,78.39372325223694,75.80025231408457,17.48347119364201,63.32207634258608
2,0.07431830882192446,1,555.936923238,1,87.57252268388942,102.41668379854761,1.2280745898962948,69.4841940837855,80.7515942428259,16.182274096189392,61.3328936859093
