{
    "fe_w2": 0.0,
    "delta": 0.9,
    "mu": 48.63381728993348,
    "fe_late": 0.0,
    "fe_w1": 0.0,
    "fe_w3": 0.0,
    "beta_e": 370.7347155714562,
    "prob_respond_alpha": 1.0,
    "gamma_01_factor": 1.0,
    "fe_w4": 0.0,
    "sigma_dt": 26.66559779094293,
    "alpha": 686.1004185871395,
    "fe_early": -7.490149942859632,
    "beta_l": 556.276022772631,
    "gamma": 53.016757600267766,
    "prop_to_wage": 0.0
}
