run,obj_vals,opt_converged,opt_runtime,is_best_vec,param_1,param_2,param_3,param_4,param_5,param_6,param_7
1,0.08205395958723755,1,1547.10205039,0,84.61211144000602,114.63706018812837,-5.79532701374327,48.29260095911914,47.29827422295014,19.82544817411802,38.79065655241756
2,0.08185748898272881,1,501.316234442,1,164.33189844663357,77.51838396539785,-16.99474808395801,53.04341211572404,53.76885094612269,16.040361706978693,53.09481676273976
