run,obj_vals,opt_converged,opt_runtime,is_best_vec,param_1,param_2,param_3,param_4,param_5,param_6,param_7
1,0.07854243005364034,1,865.604257026,0,191.5445039291644,53.1374586111961,-17.482281127207116,62.11285931254653,57.092596092284786,14.639826270118204,58.24027755658513
2,0.07854243005359131,1,855.33416609,1,191.54464922727095,53.137416388827056,-17.48225780413426,62.112866312160335,57.09263455907003,14.639823453388686,58.24029527524327
