run,obj_vals,opt_converged,opt_runtime,is_best_vec,param_1,param_2,param_3,param_4,param_5,param_6,param_7
1,0.07639267266513411,1,738.80188961,1,129.01932678138692,76.48756302928817,-17.177913826312448,94.38061699268003,45.78465252715173,8.606776929935247,56.61586761964849
2,0.12065694181095828,0,7225.71987675,0,130.05719608616826,116.78541318230359,0.8743169824247986,53.9522167815747,72.89897285691318,30.715457547715214,13.439675346199133
