run,obj_vals,opt_converged,opt_runtime,is_best_vec,param_1,param_2,param_3,param_4,param_5,param_6,param_7
1,0.07576565067104825,1,493.088715642,1,127.2626582137629,87.51278546462922,-23.39503491745977,91.331579498515,48.910438459256596,9.550977163574808,54.349099186215355
2,0.0963892774162689,0,7242.443538773,0,129.59265657769126,117.16922647282217,0.8001663430871759,55.307082211369114,72.47438697633203,30.813383852346277,15.408254501463551
