run,obj_vals,opt_converged,opt_runtime,is_best_vec,param_1,param_2,param_3,param_4,param_5,param_6,param_7
1,0.0806883200246844,1,372.499471054,1,94.30828728645207,85.58693660549721,-32.55524010537365,77.44009671882384,107.6537681020521,7.116765901723178,46.71927554038728
2,0.08114223673744876,1,158.484479959,0,98.73228339286459,84.99663947431979,-29.830799764608557,160.2619340869589,109.53710300076087,4.964321953129528,47.7670075410379
