run,obj_vals,opt_converged,opt_runtime,is_best_vec,param_1,param_2,param_3,param_4,param_5,param_6,param_7
1,0.07672459539132591,0,7249.492976555,1,162.14393508315703,63.95761680797724,21.72597342060689,172.66254241839417,27.48956875757028,84.50745188822951,65.21360196471967
2,0.07695422863531387,0,7238.160953552,0,152.51868712245866,67.48315585254245,18.049921358297482,177.43850616667132,31.634923705340555,97.16424950897695,66.2483412058022
