run,obj_vals,opt_converged,opt_runtime,is_best_vec,param_1,param_2,param_3,param_4,param_5,param_6,param_7
1,0.08014163115894689,1,550.871278088,1,156.20304841451264,58.721435834210205,-20.688414363961265,192.32089100297472,30.00004230802319,53.837150325549466,64.3326597249268
2,0.08014163116307312,1,497.351028158,0,156.2026519100571,58.72159441358791,-20.688313039643667,192.3205549655897,30.000723726807806,53.83920721164788,64.33267097308217
