run,obj_vals,opt_converged,opt_runtime,is_best_vec,param_1,param_2,param_3,param_4,param_5,param_6,param_7
1,0.0819348253271126,1,312.376220194,0,56.2458187446384,71.44387455880329,-6.463418027856057,48.26086266806867,38.543412451936646,18.105903682915066,32.84525202417134
2,0.08193482532156113,1,411.4308894,1,56.24846434173859,71.44311689614759,-6.463458481140078,48.26660565320553,38.54490544903207,18.10718436192728,32.845856393340654
