run,obj_vals,opt_converged,opt_runtime,is_best_vec,param_1,param_2,param_3,param_4,param_5,param_6,param_7
1,0.08592049605160089,1,431.131363328,0,130.87934800336282,81.62444346536675,-11.806690213351677,66.43580796797421,64.47138923711219,14.798012808130634,34.02154206265039
2,0.0859204930033501,1,604.651776161,1,130.87065355305162,81.63146950710949,-11.813217612309508,66.4372562404061,64.410633017858,14.804304234315342,34.01963075489012
