run,obj_vals,opt_converged,opt_runtime,is_best_vec,param_1,param_2,param_3,param_4,param_5,param_6,param_7
1,0.07164994520100057,1,1027.042846193,0,78.21797023674453,78.36041839052103,4.644302591274406,58.41112805825066,88.59217984949758,39.921153073415766,49.14438615174976
2,0.07164959100539892,1,2487.190639066,1,78.31853062864285,78.32566341485112,4.648894179208321,58.129042643333264,88.06101828160628,39.60430296537798,49.1636963516327
