run,obj_vals,opt_converged,opt_runtime,is_best_vec,param_1,param_2,param_3,param_4,param_5,param_6,param_7
1,0.09258536686719109,1,668.722721976,1,186.57466657792625,76.25247220275538,-33.516401118277706,76.56062470159259,91.6067388294637,27.928709552124868,69.75185645749718
2,0.10830314509992979,1,536.670174629,0,130.53870284872968,118.95635560997795,-0.16683388328399182,52.9451583801293,72.94413999332285,31.52531081952492,13.447298552084872
