run,obj_vals,opt_converged,opt_runtime,is_best_vec,param_1,param_2,param_3,param_4,param_5,param_6,param_7
1,0.08685821257566338,1,386.076261056,0,188.32658332448142,58.88106753468959,-32.986990423639035,81.14009953615891,64.08664824929525,1.2637230630700924,53.18348257883848
2,0.08414979377521724,1,719.33838559,1,129.74505136780908,70.79647077710325,-35.17652788679948,77.25426867181078,52.77930304616504,5.323369234504397,46.28556664966846
