run,obj_vals,opt_converged,opt_runtime,is_best_vec,param_1,param_2,param_3,param_4,param_5,param_6,param_7
1,0.08834870030367956,1,256.138597141,0,133.97250033415523,55.44410926976247,-40.47945480161806,79.70087092994763,63.20515860461548,1.0667044546838933,47.236823652545546
2,0.08475693851665059,1,425.093664691,1,128.0827580398797,53.80130412800334,-37.357020402414776,111.59587565277866,58.77249232587322,2.0391322365381503,47.848862246013375
