run,obj_vals,opt_converged,opt_runtime,is_best_vec,param_1,param_2,param_3,param_4,param_5,param_6,param_7
1,0.06669255819878754,1,440.944038237,0,90.22268891581648,86.31328269795368,-0.9136553976333407,61.76596982541661,81.60838313946795,12.56588355871426,49.93351095949795
2,0.06663922510758716,1,532.178969281,1,89.6210233979328,83.47619168060918,-2.783150043047782,58.17635816128742,364.31817627298335,14.07188777399931,48.08801618112306
