run,obj_vals,opt_converged,opt_runtime,is_best_vec,param_1,param_2,param_3,param_4,param_5,param_6,param_7
1,0.06710924378900117,1,1104.075168096,0,111.10020621753698,88.07012000224931,-2.4232704420497977,57.88475484095226,74.01833132326777,16.56799135562035,52.0916871138161
2,0.06707277363631133,1,452.005731525,1,111.89365896082617,87.48986113303395,-1.808715221332747,55.202921835370155,152.62853703366275,16.878831466724726,52.03712663846939
