run,obj_vals,opt_converged,opt_runtime,is_best_vec,param_1,param_2,param_3,param_4,param_5,param_6,param_7
1,0.0924067662886284,1,542.17184679,1,74.84272943817695,119.0529290967565,-5.473802165089685,60.17955176506634,94.35474534686537,11.887132675205764,52.80568394143378
2,0.09242694819474376,1,370.839546488,0,83.32621374943444,114.06477190235576,-3.8032317926514234,63.32915262438622,151.04177708614412,6.5709396565047795,54.33664224779307
