run,obj_vals,opt_converged,opt_runtime,is_best_vec,param_1,param_2,param_3,param_4,param_5,param_6,param_7
1,0.07575570271586365,1,464.43866781,1,66.06106693132712,78.20490932651722,-26.122294434371245,153.2830179857717,101.2037374715473,1.0,41.70202465697722
2,0.07660828687934397,1,1896.746856806,0,81.19992724167687,74.31558432964174,-21.760000916142594,140.34033226917094,89.17106822614335,2.8173430317910144,49.18872668107605
