run,obj_vals,opt_converged,opt_runtime,is_best_vec,param_1,param_2,param_3,param_4,param_5,param_6,param_7
1,0.07593413942504117,1,267.647166178,1,100.9455195861567,80.24741761465177,-27.147731498869366,116.20941038993118,75.75449331648647,6.169960454606095,50.26159231202596
2,0.07674629806826587,1,891.93688131,0,99.5216010842936,80.26580788478044,-28.54114891277856,101.57631707972023,107.74033389992776,19.93903718103309,49.92141079997694
