run,obj_vals,opt_converged,opt_runtime,is_best_vec,param_1,param_2,param_3,param_4,param_5,param_6,param_7
1,0.0851406706599186,1,174.205035462,0,108.37576348803157,59.890054091047425,2.1584542417965564,55.00853302467937,58.85065016332921,34.7321363539503,47.14115381342872
2,0.08513896280437537,1,213.054300196,1,107.95485571274284,59.93401029031636,2.0423926047316407,54.60287321338695,59.812020739212166,34.98532417056975,47.10548494004423
