run,obj_vals,opt_converged,opt_runtime,is_best_vec,param_1,param_2,param_3,param_4,param_5,param_6,param_7
1,0.08530455230616914,1,3709.69637835,0,117.65508609651482,65.44418880923334,-0.19628431902090973,92.38479799404604,30.736108147324625,1.9009805469409229,46.860304046414484
2,0.08530455230616908,1,856.42535645,1,117.6550920382897,65.44418957805453,-0.19627950424562268,92.38480081694593,30.73610853949317,1.9009801767402315,46.86030428750393
