run,obj_vals,opt_converged,opt_runtime,is_best_vec,param_1,param_2,param_3,param_4,param_5,param_6,param_7
1,0.08657593966013208,0,7225.05963963,1,100.1145847212878,75.4966207781353,4.402450716701673,83.47890581697364,131.82576044181428,5.9282863440345075,54.46588816308012
2,0.08657593966015792,1,6857.900693529,0,100.11459269705942,75.49661784317972,4.402448938494075,83.47884401989678,131.82566655059574,5.928289799521512,54.4658908995647
