run,obj_vals,opt_converged,opt_runtime,is_best_vec,param_1,param_2,param_3,param_4,param_5,param_6,param_7
1,0.0017423018808503687,1,298.991901479,0,110.01979947516881,52.22804413837916,0.14904218453602117,120.82072663033945,37.006087743553145,12.737183611001125,24.85296302928448
2,0.0017423146485574686,1,324.763023779,0,109.98328480580433,52.23942909814019,0.14741297321053218,120.80191053248684,37.005457857682984,12.736502960906959,24.84821562592984
3,0.001742302815026017,1,371.170511492,0,110.02789938697806,52.22514879378036,0.14872520708114625,120.78184656596478,37.00785620967655,12.73554258082663,24.854074474714356
4,0.0017422984895967206,1,345.042600413,1,110.02366333087384,52.226864242618625,0.14922503361528086,120.79369462245273,37.00702116580532,12.73644442820747,24.853393861495928
