run,obj_vals,opt_converged,opt_runtime,is_best_vec,param_1,param_2,param_3,param_4,param_5,param_6,param_7
1,0.0013106330769095682,1,181.136590436,0,115.27493292663492,130.5698985061532,0.2235458631381588,124.032902282956,50.02138061080748,25.64649416123529,41.61790477377822
2,0.0013104093098168926,1,177.465420788,1,115.33609912728117,130.56507579165336,0.2243381286283573,124.12978136044026,50.009281248985104,25.73904607901535,41.63014307324393
3,0.0013104093114936226,1,169.529693302,0,115.33590768785733,130.56507801866783,0.2243378952353211,124.12975373613504,50.00927945651171,25.73885231701054,41.63010093217211
4,0.0013106330551691783,1,165.379934897,0,115.27568041632203,130.56980772090466,0.22354545576238907,124.03153539400721,50.02152309083205,25.64606216203374,41.61803128441395
