run,obj_vals,opt_converged,opt_runtime,is_best_vec,param_1,param_2,param_3,param_4,param_5,param_6,param_7
1,0.09173610557269787,1,373.415708731,1,87.40681609230731,89.6932366284781,-18.844142859555145,61.63096494611426,56.72465328815615,18.293513185431255,57.012514460563395
2,0.09186944067285914,1,354.337772682,0,79.5236878838278,88.6276705544648,-21.07043156691983,74.92110358147005,51.581699563345396,20.75440245217182,53.93348315700345
