run,obj_vals,opt_converged,opt_runtime,is_best_vec,param_1,param_2,param_3,param_4,param_5,param_6,param_7
1,0.0824346757321914,1,655.983019032,1,147.33820494124654,60.339787749356745,-30.202508386235255,62.553979209716246,69.27219994559174,28.384260437959544,63.68048425343581
2,0.08246862342476845,1,419.089881857,0,147.07770045230032,60.30858733532575,-29.89962858392489,62.35208744734984,64.95845088374108,32.74590737529588,63.41390059182697
