run,obj_vals,opt_converged,opt_runtime,is_best_vec,param_1,param_2,param_3,param_4,param_5,param_6,param_7
1,0.08936586606916239,1,645.682314883,1,168.55056338563043,76.30478057905084,-23.865207455912664,60.867401182927345,52.8663260761719,11.909423420020516,61.83536314774841
2,0.08940411296950483,1,598.259460653,0,175.15685824300994,75.0533068230737,-21.3878414489495,61.852317317230714,52.97066029149436,11.509846070055366,62.87217384671409
