run,obj_vals,opt_converged,opt_runtime,is_best_vec,param_1,param_2,param_3,param_4,param_5,param_6,param_7
1,0.07794224366121484,1,325.137457762,0,66.8096661167593,49.48941820965908,-5.922607250651096,96.12963632841556,67.15110575426544,10.584106715414054,36.59734536203576
2,0.0779239001606919,1,328.729878334,1,69.62906504040969,48.72459638342202,-6.104799306028059,91.10882720391193,62.65142905046685,9.475432649771836,36.990965907370736
