run,obj_vals,opt_converged,opt_runtime,is_best_vec,param_1,param_2,param_3,param_4,param_5,param_6,param_7
1,0.07833493143968176,1,360.114800167,0,81.4026210682195,52.178746396392654,-8.760757019234472,89.75002419874717,56.76336882080143,19.16404716214351,37.385201668018134
2,0.07829387823918732,1,273.365153563,1,76.41465265834952,53.46049252907679,-10.850090925297293,82.47241109063943,56.323289185068155,15.08624022229249,37.07318813218221
