run,obj_vals,opt_converged,opt_runtime,is_best_vec,param_1,param_2,param_3,param_4,param_5,param_6,param_7
1,0.08271670872686616,1,473.736433564,1,75.70812835676232,48.35904528676953,-12.944158869475967,35.60339160764442,40.24201621632493,12.805732288716271,38.14249713099724
2,0.0827167087274668,1,458.277528307,0,75.70811986657125,48.35905126133307,-12.944157853196097,35.60338378055684,40.24201659606783,12.805734736491322,38.14249590841932
