run,obj_vals,opt_converged,opt_runtime,is_best_vec,param_1,param_2,param_3,param_4,param_5,param_6,param_7
1,0.07812507569033522,1,256.685651684,1,158.92082118671968,26.53903449618036,3.8014812762835533,56.23970326804436,55.556867036176214,18.682836407842288,44.22130262424813
2,0.07816018008258639,1,622.434542537,0,154.9162191121299,27.971631921523652,3.4031597691054314,48.75454746543542,55.92203164879711,19.454438916478402,44.08038632024642
