run,obj_vals,opt_converged,opt_runtime,is_best_vec,param_1,param_2,param_3,param_4,param_5,param_6,param_7
1,0.0785202466098939,1,722.820356877,1,163.3719826229866,32.87845216245083,1.9005181713116022,57.732104422402635,50.935578513363,22.127922129699336,42.698797623026145
2,0.07852062787610807,1,870.685898673,0,162.55056921358286,32.99404674384718,1.7938640645871426,57.52486627612497,50.77595183179634,22.06649347127032,42.604247278880074
