run,obj_vals,opt_converged,opt_runtime,is_best_vec,param_1,param_2,param_3,param_4,param_5,param_6,param_7
1,0.08161800526410244,1,709.803671862,0,148.40272439733224,54.44955193341404,-31.28677721288145,81.61539705927056,300.87698366516247,31.46694160878678,56.19187731956593
2,0.08161175921425243,1,1173.070508767,1,148.4561951583845,54.53051966484184,-30.871757007577493,84.03561296807491,204.01917728858317,29.10955591755744,56.194861110221666
