run,obj_vals,opt_converged,opt_runtime,is_best_vec,param_1,param_2,param_3,param_4,param_5,param_6,param_7
1,0.08502075245175876,1,308.159270891,0,166.1720210042552,55.55689346704094,5.160366387988098,76.56078836858835,23.288809334255568,28.05658890037585,41.99784196177055
2,0.08502075240992064,1,444.480312301,1,166.17286378117623,55.556892313077704,5.160167852650584,76.56337711483121,23.287571760928493,28.05404674040391,41.99797416027601
