run,obj_vals,opt_converged,opt_runtime,is_best_vec,param_1,param_2,param_3,param_4,param_5,param_6,param_7
1,0.08828605379730432,1,557.919166441,1,44.793407864026285,110.83174339945896,5.49631257942141,58.98190833587955,72.99987706472409,21.064854817886218,38.08956688230446
2,0.08831266484684769,1,411.994999986,0,44.3509030347246,111.64530635201714,5.509045611078395,61.058917186931424,66.47014889257308,20.782926669020206,37.9319252175675
