run,obj_vals,opt_converged,opt_runtime,is_best_vec,param_1,param_2,param_3,param_4,param_5,param_6,param_7
1,0.04803940259397649,0,3634.827314054,0,252.11827374344023,53.768515165879855,-10.609901015773016,80.47245956469872,128.03169738838903,47.772781120499666,20.951764263869602
2,0.04804306766599137,1,539.738176002,0,265.3231939673782,51.03503947167077,-11.507955339057977,81.80182145141183,130.12370688206818,43.84687972840536,21.52022423744625
3,0.04803489945323888,1,942.248456207,0,265.7342397007012,50.97352674618696,-11.21703311703179,81.71697491254355,125.65261429249527,47.386967943714254,21.404545418532916
4,0.04803416305446625,1,1684.725392295,1,267.4757930589038,50.631455950464066,-11.300058316515127,82.20333361626159,120.74163138748061,46.353153482589875,21.463638385060143
