iteration,param_1,param_2,param_3,param_4,param_5,param_6,param_7
1,95.28505384942306,139.33538808479776,0.0,61.2160814477224,43.34367465527949,33.305270380612825,34.27273734411367
2,148.78376760912232,78.94581195052736,0.0,47.193461184002075,55.92389494127864,20.37294057755618,35.40429563141414
3,108.94929678966191,103.37833457517517,0.0,74.42105551635872,28.801440255416956,32.598713547143724,20.729271162577824
4,129.58353677441244,59.820381212898475,0.0,70.14335878481397,38.13255513765957,16.772524767125237,24.021632028721797
