run,obj_vals,opt_converged,opt_runtime,is_best_vec,param_1,param_2,param_3,param_4,param_5,param_6,param_7
1,0.07179453457548426,1,277.551703419,1,121.57182691000042,74.83859699798819,0.8077610408848532,62.75844003619109,72.37935523327104,13.248695492015889,47.467226774284796
2,0.07193823668730856,1,251.306384701,0,114.52927149030543,75.8058816289993,-0.9229011681334681,62.594197578315146,71.0330844652712,11.085965797885901,46.80971495753579
