run,obj_vals,opt_converged,opt_runtime,is_best_vec,param_1,param_2,param_3,param_4,param_5,param_6,param_7
1,0.08058196384954754,1,420.752048624,1,143.89579842181536,70.77026125845738,-22.264194132293674,90.22788757106828,59.46862058230116,31.538441220030133,56.77188952148136
2,0.0805825578521878,1,467.802336671,0,143.41044296865027,70.90502459805725,-22.21607130048327,90.66429061022174,59.521766326723736,31.753284118032784,56.71584170829403
