run,obj_vals,opt_converged,opt_runtime,is_best_vec,param_1,param_2,param_3,param_4,param_5,param_6,param_7
1,0.08081171150581601,1,243.838559897,1,154.43169699233087,59.26386857903736,-24.62001896032224,119.04913353888539,72.67618441335317,24.85954944796211,58.08322956304618
2,0.08083345194288442,1,385.948611247,0,153.81289295918884,59.61463167359959,-24.27965367127851,118.9057368426287,70.08982163325086,24.537070376805058,58.03403368354021
