run,obj_vals,opt_converged,opt_runtime,is_best_vec,param_1,param_2,param_3,param_4,param_5,param_6,param_7
1,0.0860503497562081,1,388.213763911,1,103.71139273360662,69.6577024436958,0.3343835478323477,57.08775011125058,59.14317996941846,15.215110089577378,41.845602017041735
2,0.08615699210763908,1,188.791028349,0,104.57621356101168,69.76119125136437,-0.7491102143865098,52.779223659128334,65.3059922139369,11.984723030756761,42.481148025427835
