{
    "fe_w2": 0.0,
    "delta": 0.9,
    "mu": 48.68963492614927,
    "fe_late": 0.0,
    "fe_w1": 0.0,
    "fe_w3": 0.0,
    "beta_e": 4290.2147374174465,
    "prob_respond_alpha": 1.0,
    "gamma_01_factor": 1.0,
    "fe_w4": 0.0,
    "sigma_dt": 463.2958304993738,
    "alpha": 375.82626282399445,
    "fe_early": 3.6470104618948893,
    "beta_l": 243.6240560458549,
    "gamma": 90.07854769166369,
    "prop_to_wage": 0.0
}
