obj_vals,opt_results,opt_runtime,param_1,param_2,param_3,param_4,param_5,param_6,param_7
0.08281087765301377,1,143.193768193,123.14304381868581,93.50042137871294,3.7433761595256416,77.60874991242875,50.09015928382791,19.767705343392926,59.95125406722744
