obj_vals,opt_results,opt_runtime,param_1,param_2,param_3,param_4,param_5,param_6,param_7
0.08289806937656494,1,410.744358174,123.01120744257756,93.63896244380224,3.5104201691554535,77.09511348393096,51.03955128483357,22.025436309763638,60.17046974221387
