obj_vals,opt_results,opt_runtime,param_1,param_2,param_3,param_4,param_5,param_6,param_7
0.08278962373480549,1,301.455599133,118.1494114733193,95.29148948016947,2.7990311846207416,76.52232034973618,50.56735342814613,21.715198358208255,58.845465725295554
