obj_vals,opt_results,opt_runtime,param_1,param_2,param_3,param_4,param_5,param_6,param_7
0.08292525941179218,1,194.340775657,123.53233718732812,93.4509043063422,3.910798105379039,77.61760974100021,49.972743321132725,23.714864336591855,60.12563053417365
