obj_vals,opt_results,opt_runtime,param_1,param_2,param_3,param_4,param_5,param_6,param_7
0.08293879749784208,1,271.257130089,115.6049949247905,96.50810510511126,2.3862896850275894,75.58608572458732,50.52753200684698,23.87774362146655,58.356099206835445
