obj_vals,opt_results,opt_runtime,param_1,param_2,param_3,param_4,param_5,param_6,param_7
0.08278386712432166,1,354.15523734,121.08893267858065,94.27723040423099,3.296642996110935,76.871662702827,50.66019025546095,21.76673609816344,59.59528882135486
