obj_vals,opt_results,opt_runtime,param_1,param_2,param_3,param_4,param_5,param_6,param_7
0.08302606374953998,1,224.972728783,108.70930485909939,98.31277926882454,1.1453802539969573,77.77620351136402,48.804903254431274,17.82141875615429,56.27817133469043
