obj_vals,opt_results,opt_runtime,param_1,param_2,param_3,param_4,param_5,param_6,param_7
0.0829766854722653,1,220.65630673,113.952810402691,97.18997365359017,1.6350766516568451,73.86023696265289,49.50170607382511,24.151603427754992,58.37141965487768
