obj_vals,opt_results,opt_runtime,param_1,param_2,param_3,param_4,param_5,param_6,param_7
0.08292681975681843,1,146.047229684,112.15402883157024,98.06838609634185,2.012448212993119,77.89853942194651,47.183759836844104,18.814328048376357,57.38680965235782
