obj_vals,opt_results,opt_runtime,param_1,param_2,param_3,param_4,param_5,param_6,param_7
0.08283092415221736,1,467.753543508,121.926609288946,94.00232699156366,3.4589341249526173,79.51344785364468,48.938472368821955,21.545743871157196,59.796682367671686
