obj_vals,opt_results,opt_runtime,param_1,param_2,param_3,param_4,param_5,param_6,param_7
0.08279338887559595,1,330.78735436,117.15116435771147,95.65187741739052,2.6179393867980147,76.40952080283671,50.58884522636977,21.681045871535808,58.60335417653186
