obj_vals,opt_results,opt_runtime,param_1,param_2,param_3,param_4,param_5,param_6,param_7
0.08293230951257491,1,159.348572885,122.01448545720409,93.80263558145552,3.2232025674440954,75.36779056944997,49.059248969018874,23.117541100767475,59.86195941326434
