obj_vals,opt_results,opt_runtime,param_1,param_2,param_3,param_4,param_5,param_6,param_7
0.0827835351513196,1,448.401598425,121.69531642690706,94.05138974856256,3.391810012730907,76.91204694694646,50.67239474255773,21.772940670854727,59.745227904248274
