obj_vals,opt_results,opt_runtime,param_1,param_2,param_3,param_4,param_5,param_6,param_7
0.082783623831866,1,573.146706278,121.41476602114084,94.15722574618476,3.348070529415586,76.86724330350125,50.635392354687774,21.769176383317838,59.67477905708675
