obj_vals,opt_results,opt_runtime,param_1,param_2,param_3,param_4,param_5,param_6,param_7
0.08283099886547507,1,466.236174993,121.79386311810164,94.0452072399766,3.4338695024881134,79.51469786005018,48.911137675546186,21.651249369292287,59.765700774118976
