obj_vals,opt_results,opt_runtime,param_1,param_2,param_3,param_4,param_5,param_6,param_7
0.08279132761587371,1,258.148556807,117.84293759937081,95.50666453993935,2.7700796335847597,76.84516654708867,50.21395591099346,21.897484550691132,58.80044754270605
