obj_vals,opt_results,opt_runtime,param_1,param_2,param_3,param_4,param_5,param_6,param_7
0.08283125396822334,1,898.987758438,122.63638035285264,93.76118572071633,3.5803318567278746,79.61928810318446,48.93034273964202,21.650248433584146,59.97795013741244
