obj_vals,opt_results,opt_runtime,param_1,param_2,param_3,param_4,param_5,param_6,param_7
0.08279685463396572,1,422.998380009,116.59360226749462,95.81733277837633,2.5348322750047103,77.06555412948472,50.31695999658762,21.973304698573365,58.43518877236908
