obj_vals,opt_results,opt_runtime,param_1,param_2,param_3,param_4,param_5,param_6,param_7
0.0828879645646369,1,231.68281568,114.67644656432337,96.48930376804125,1.8549017198752664,76.89832998285098,48.90932578385915,19.844290973797268,58.012530896978774
