obj_vals,opt_results,opt_runtime,param_1,param_2,param_3,param_4,param_5,param_6,param_7
0.08294302069240134,1,386.016955986,124.48919053185935,93.16941679391942,4.021386750638377,75.86219382470041,50.78102110910072,25.08840666772274,60.41242297563962
