obj_vals,opt_results,opt_runtime,param_1,param_2,param_3,param_4,param_5,param_6,param_7
0.08283121455280253,1,953.385274557,122.57288399983075,93.7833896817019,3.5696899336635095,79.608135928928,48.929804841486614,21.648621765850887,59.961769895206125
