obj_vals,opt_results,opt_runtime,param_1,param_2,param_3,param_4,param_5,param_6,param_7
0.08278911661957199,1,374.728541579,118.37070431111613,95.22332471302666,2.8278382698970455,76.55326698710566,50.619582318179255,21.696277970870693,58.90923850078104
