obj_vals,opt_results,opt_runtime,param_1,param_2,param_3,param_4,param_5,param_6,param_7
0.0828490826628607,1,179.23592695,121.06410917241345,94.3397612958531,3.32754440215204,78.79131251900542,48.14426961339794,22.58812480630726,59.57769312434701
