obj_vals,opt_results,opt_runtime,param_1,param_2,param_3,param_4,param_5,param_6,param_7
0.08278547782241918,1,335.666599056,119.84547738367317,94.57399444287975,3.0790706041330567,76.73960011086221,50.56787396218372,21.74844352954285,59.21009927765384
