obj_vals,opt_results,opt_runtime,param_1,param_2,param_3,param_4,param_5,param_6,param_7
0.08278448713071447,1,246.355713443,120.59106277684431,94.47554340692767,3.217328239789153,76.77464093197345,50.68359870483525,21.730485529626037,59.47916213557902
