obj_vals,opt_results,opt_runtime,param_1,param_2,param_3,param_4,param_5,param_6,param_7
0.08283092512666597,1,603.842762142,121.59875000513951,94.12211316461322,3.402316616849296,79.52134817753583,48.90502272949529,21.543981023752462,59.71881722779501
