obj_vals,opt_results,opt_runtime,param_1,param_2,param_3,param_4,param_5,param_6,param_7
0.08278580972954336,1,402.355979887,119.76377760187818,94.73124513548625,3.069328469113876,76.67581418244485,50.66421497251489,21.699600704366095,59.25763793560694
