obj_vals,opt_results,opt_runtime,param_1,param_2,param_3,param_4,param_5,param_6,param_7
0.08278413436255601,1,358.297416367,121.02675186898075,94.31136629667422,3.295127019707017,77.21571839961534,50.377392555997965,21.932872668352537,59.578797379303154
