obj_vals,opt_results,opt_runtime,param_1,param_2,param_3,param_4,param_5,param_6,param_7
0.08285953277037925,1,201.234119118,108.79314041963553,98.8413915491962,1.1812325526024385,76.08018048147042,50.17300848359382,21.75055533297983,56.54186084257845
