obj_vals,opt_results,opt_runtime,param_1,param_2,param_3,param_4,param_5,param_6,param_7
0.08278546265871838,1,325.197842493,119.80728300822466,94.71739370149584,3.0571629915820253,76.71140357002719,50.539441975416814,21.741463074213836,59.29213350508333
