obj_vals,opt_results,opt_runtime,param_1,param_2,param_3,param_4,param_5,param_6,param_7
0.08284985122501162,1,504.860016379,109.61795175825561,98.13725917507259,1.3423508773811543,76.06826022553288,50.074135541091294,21.72319004091354,56.52486885604772
