obj_vals,opt_results,opt_runtime,param_1,param_2,param_3,param_4,param_5,param_6,param_7
0.08283103782882446,1,1200.985116613,121.50438433904837,94.1521927882547,3.386202320732515,79.5025915499053,48.888511830152225,21.652114982807145,59.6949676250367
