obj_vals,opt_results,opt_runtime,param_1,param_2,param_3,param_4,param_5,param_6,param_7
0.0828314487125951,1,630.259109738,120.79773578265781,94.4129206266219,3.273856552737676,79.38659527256596,48.835201501201986,21.653507500772186,59.51694809283504
