obj_vals,opt_results,opt_runtime,param_1,param_2,param_3,param_4,param_5,param_6,param_7
0.08285087387161125,1,200.534312324,122.21833453562182,93.616678875464,3.3767677855303773,79.73826690375861,48.393226412898784,19.650731345792437,59.692667329415656
