obj_vals,opt_results,opt_runtime,param_1,param_2,param_3,param_4,param_5,param_6,param_7
0.08285302840596369,1,252.723837018,109.39055385285866,98.5804507108838,1.1163069048696823,75.80078551449238,50.1530343248939,21.664436718005135,56.7694803161848
