obj_vals,opt_results,opt_runtime,param_1,param_2,param_3,param_4,param_5,param_6,param_7
0.08278396035453106,1,237.094155083,121.61424090803636,94.10702961169314,3.40057422602011,76.67873601918902,50.3860485623713,21.710516724403696,59.71880121193399
