obj_vals,opt_results,opt_runtime,param_1,param_2,param_3,param_4,param_5,param_6,param_7
0.08278407830264695,1,248.044297425,120.90438631047469,94.36129286946753,3.2733179629253994,76.84426835196942,50.68955258547594,21.758924147406137,59.552620780151194
