obj_vals,opt_results,opt_runtime,param_1,param_2,param_3,param_4,param_5,param_6,param_7
0.08283096752973962,1,546.253940303,121.5418094265596,94.14122280774546,3.390512340001564,79.50637846287877,48.914356809385,21.54276173871811,59.70609139492757
