obj_vals,opt_results,opt_runtime,param_1,param_2,param_3,param_4,param_5,param_6,param_7
0.08278351794472087,1,428.679760224,121.85731091046269,94.00669940157964,3.4104246063731436,76.93459586310581,50.702653717696414,21.778197876650285,59.803327478700254
