obj_vals,opt_results,opt_runtime,param_1,param_2,param_3,param_4,param_5,param_6,param_7
0.08278371468420549,1,301.472870821,122.82324601187527,93.67252218955919,3.581242445262613,76.9884798670226,50.662393924412456,21.7589164889148,60.037586881986265
