obj_vals,opt_results,opt_runtime,param_1,param_2,param_3,param_4,param_5,param_6,param_7
0.08278463915180641,1,497.338247411,120.46107518082347,94.47821593619142,3.1843371810004233,76.7411469217827,50.68461103575156,21.729725515155835,59.43157710964937
