obj_vals,opt_results,opt_runtime,param_1,param_2,param_3,param_4,param_5,param_6,param_7
0.08283100051904997,1,576.326626132,121.81644742742607,94.04652071832768,3.4392830212521686,79.48803801024783,48.89908307255174,21.643413541054255,59.77444350906256
