obj_vals,opt_results,opt_runtime,param_1,param_2,param_3,param_4,param_5,param_6,param_7
0.08291165631405366,1,2325.807487886,116.28059477082775,95.92223502951123,2.416294545150407,76.03169682576585,50.68201055780229,21.784952837438667,58.406564607737
