obj_vals,opt_results,opt_runtime,param_1,param_2,param_3,param_4,param_5,param_6,param_7
0.08289909651566377,1,451.306470135,124.50522157990767,93.09822907988769,3.900081416493442,76.82968207272657,50.99925904427298,21.968047165820607,60.42630941927815
