obj_vals,opt_results,opt_runtime,param_1,param_2,param_3,param_4,param_5,param_6,param_7
0.08283100722853705,1,1102.5326953,121.698548634606,94.10659619143398,3.4196916539549864,79.50868106074235,48.88775161601464,21.64382660640354,59.755558649282904
