obj_vals,opt_results,opt_runtime,param_1,param_2,param_3,param_4,param_5,param_6,param_7
0.08283102758676002,1,579.060638698,121.55452820480212,94.1329511980871,3.3868929689510536,79.48335728895451,48.88740717783244,21.64865123220943,59.71368357477284
