obj_vals,opt_results,opt_runtime,param_1,param_2,param_3,param_4,param_5,param_6,param_7
0.08283893613884974,1,189.850528958,118.90610635972386,95.14224409616526,2.8204455625191214,80.36721035743585,48.54967007563059,21.547647766479,59.04777512345629
