obj_vals,opt_results,opt_runtime,param_1,param_2,param_3,param_4,param_5,param_6,param_7
0.08278456832007007,1,605.741078291,123.88273910916001,93.30609656343627,3.772425155099192,77.17647254955673,50.72914577187815,21.826989528335435,60.290737578814664
