obj_vals,opt_results,opt_runtime,param_1,param_2,param_3,param_4,param_5,param_6,param_7
0.08279832932893758,1,629.436407752,116.08799691956658,96.02297620461651,2.427612480796024,76.3171099917815,50.58007415425901,21.642208758059674,58.33716767005114
