obj_vals,opt_results,opt_runtime,param_1,param_2,param_3,param_4,param_5,param_6,param_7
0.08278613996878419,1,227.008876674,123.28907402084188,93.9805034569455,3.962664896186229,77.3927645574576,50.554940738338516,21.957877269922093,60.13945407640503
