obj_vals,opt_results,opt_runtime,param_1,param_2,param_3,param_4,param_5,param_6,param_7
0.08279113887418735,1,444.344833287,125.90154565737275,92.29144480900968,3.9551852503112643,78.03964834274966,50.977395351276996,22.08711824309707,60.747913462120316
