obj_vals,opt_results,opt_runtime,param_1,param_2,param_3,param_4,param_5,param_6,param_7
0.0827835788666846,1,237.809900785,121.85705352808405,94.01889004580288,3.4300118525649013,76.93278414962447,50.70868727201466,21.75590292176435,59.790546483346596
