obj_vals,opt_results,opt_runtime,param_1,param_2,param_3,param_4,param_5,param_6,param_7
0.08278608619149654,1,271.393092049,119.62957952064683,94.77194684089989,3.0509781888416847,76.69737836314978,50.68680527013604,21.70638223207331,59.21596404469646
