obj_vals,opt_results,opt_runtime,param_1,param_2,param_3,param_4,param_5,param_6,param_7
0.08281508685407275,1,365.942336615,113.338765309908,96.8100291208129,1.9412355667436452,76.1025047769947,50.379486343310546,21.669700673503346,57.53572805840996
