obj_vals,opt_results,opt_runtime,param_1,param_2,param_3,param_4,param_5,param_6,param_7
0.0827912534499615,1,246.662160449,126.64135882357974,92.24553336805631,4.26748521392844,77.81294134043259,50.79196286830746,22.03792781991095,60.88537193776115
