obj_vals,opt_results,opt_runtime,param_1,param_2,param_3,param_4,param_5,param_6,param_7
0.0828058721580791,1,197.761285494,115.04670900105991,96.81466973007758,2.4947647826950843,75.9860489867978,50.23612728904262,21.6029339330473,58.11115157851001
