obj_vals,opt_results,opt_runtime,param_1,param_2,param_3,param_4,param_5,param_6,param_7
0.08278413286790774,1,377.295173231,123.0348564532885,93.5773584543724,3.6323986767509164,76.82195968177396,50.744438308900946,21.71941195684005,60.05943644090823
