obj_vals,opt_results,opt_runtime,param_1,param_2,param_3,param_4,param_5,param_6,param_7
0.08278815697011621,1,335.802238407,123.16868102722898,93.55246097068786,3.6224331578678375,76.59480766839914,49.7518216761969,21.724171374021868,60.11017286019917
