obj_vals,opt_results,opt_runtime,param_1,param_2,param_3,param_4,param_5,param_6,param_7
0.08296811169747427,1,239.433523239,113.73489383361161,97.11157167986285,2.128699909360103,75.56877219550285,49.992421283012575,24.705455619150513,57.77617126766301
