obj_vals,opt_results,opt_runtime,param_1,param_2,param_3,param_4,param_5,param_6,param_7
0.08278381789873142,1,289.71060536,122.90268283852912,93.67111697352969,3.644362224414092,77.32491858447727,50.45945448174764,21.94066075877982,60.026537387523476
