obj_vals,opt_results,opt_runtime,param_1,param_2,param_3,param_4,param_5,param_6,param_7
0.08278381865564358,1,279.209464041,123.09030240545282,93.5274287828317,3.6314076704416243,77.06578035163834,50.733758651182136,21.79983966221975,60.06762792940794
