obj_vals,opt_results,opt_runtime,param_1,param_2,param_3,param_4,param_5,param_6,param_7
0.08278457227386507,1,281.00196368,122.81318227756273,93.63293207952917,3.573480766556185,76.76370944806204,50.8554043136679,21.663339131137924,60.014262367395446
