obj_vals,opt_results,opt_runtime,param_1,param_2,param_3,param_4,param_5,param_6,param_7
0.08279580419134899,1,254.279716103,117.26074838510073,95.62295342719669,2.622286524894018,76.4269413081425,50.77219599152127,21.28531772180034,58.639631981687444
