obj_vals,opt_results,opt_runtime,param_1,param_2,param_3,param_4,param_5,param_6,param_7
0.08278539897144074,1,335.651920872,119.90090140162691,94.68820549172503,3.093003100355123,76.70636608802045,50.66096923372195,21.738088342924993,59.29546095413388
