obj_vals,opt_results,opt_runtime,param_1,param_2,param_3,param_4,param_5,param_6,param_7
0.08279113719049873,1,280.393299846,117.73597629500496,95.44990834982937,2.712194469573086,76.50572698579305,50.60521950500343,21.698674343411803,58.75990539105497
