obj_vals,opt_results,opt_runtime,param_1,param_2,param_3,param_4,param_5,param_6,param_7
0.0828096520607841,1,656.7067369,114.0559684658845,96.74225295398901,2.0797067818838473,76.57335472707021,50.24616528534934,21.8141735647683,57.81706175775126
