{
    "fe_w2": 0.0,
    "delta": 0.9,
    "mu": 50.17962699826435,
    "fe_late": 0.0,
    "fe_w1": 0.0,
    "fe_w3": 0.0,
    "beta_e": 892.8578241465653,
    "prob_respond_alpha": 1.0,
    "gamma_01_factor": 1.0,
    "fe_w4": 0.0,
    "sigma_dt": 92.48798169106647,
    "alpha": 547.8040122217808,
    "fe_early": -37.112788402075374,
    "beta_l": 354.36765401742,
    "gamma": 71.42488652023154,
    "prop_to_wage": 0.0
}
