run,obj_vals,opt_converged,opt_runtime,is_best_vec,param_1,param_2,param_3,param_4,param_5,param_6,param_7
1,0.08739684092101134,1,652.168574077,0,207.24508306088336,45.232439337046436,-12.41213325021809,238.62206272527422,79.86458917662954,121.82346800958913,57.210369714985866
2,0.08739684092100773,1,683.08174512,1,207.24508544953997,45.23243878008448,-12.412129326173966,238.62213131724545,79.86461200716266,121.82358534623066,57.21037233487225
