run,obj_vals,opt_converged,opt_runtime,is_best_vec,param_1,param_2,param_3,param_4,param_5,param_6,param_7
1,0.08571818281994878,1,592.881445801,1,228.83848581115555,43.47528425427036,-12.952308822008277,396.70870148962223,135.44963029419003,250.0958903952365,69.03616321613134
2,0.08571818282072495,1,571.89384045,0,228.83841350569253,43.47531810815351,-12.952414331674152,396.7029706362673,135.45013724039757,250.09081814751727,69.03609438653731
