run,obj_vals,opt_converged,opt_runtime,is_best_vec,param_1,param_2,param_3,param_4,param_5,param_6,param_7
1,0.0761889471547401,1,353.699058446,1,43.641424714844725,52.12798264767451,-2.969950778078018,40.04865705218988,57.64069951994954,10.563670690931392,31.23729734894163
2,0.0761891109967133,1,445.717065211,0,43.730023537506895,52.096007328025884,-3.014757833095538,40.12754550674018,56.724374076802434,10.690152527081295,31.261639706246218
