run,obj_vals,opt_converged,opt_runtime,is_best_vec,param_1,param_2,param_3,param_4,param_5,param_6,param_7
1,0.07706322175292891,1,492.512819234,1,33.900840894377666,47.365469178565085,-2.042006231078591,36.38582867337833,57.04110348688235,9.534917851161719,29.461590788821187
2,0.07718954873592325,1,161.387213607,0,33.82485418873662,47.85762831526046,-1.306257983238138,34.49476525890137,66.3417414061199,9.418750359286744,29.242727742966355
