run,obj_vals,opt_converged,opt_runtime,is_best_vec,param_1,param_2,param_3,param_4,param_5,param_6,param_7
1,0.09140438182255707,1,292.753669822,1,51.4349346122588,44.126380987658436,-21.776583076083234,106.82299479697893,95.83927363502568,1.0,32.411976591752456
2,0.09170495117229956,1,272.301398057,0,65.94048495082832,37.238740831510235,-18.45737852822081,119.1080580945288,67.65035109598571,6.18523106122451,33.725451835463055
