run,obj_vals,opt_converged,opt_runtime,is_best_vec,param_1,param_2,param_3,param_4,param_5,param_6,param_7
1,0.09050494981637647,1,230.590216301,0,73.40835716757195,49.111700978191045,-17.452278030631707,90.60842714832572,55.7963391099318,7.840168217023514,34.40434041161243
2,0.0903392550180135,1,176.51429435,1,85.80293741635744,44.33240009432808,-18.1262682213543,77.65110209202254,57.16774646909801,1.0,35.41384641168463
