run,obj_vals,opt_converged,opt_runtime,is_best_vec,param_1,param_2,param_3,param_4,param_5,param_6,param_7
1,0.07881012334804097,1,207.109152866,0,155.75178158846327,85.40819074510578,-1.6450377541067631,111.8312458445844,46.48313576823064,81.46772794380878,44.39669628557635
2,0.07880306358670852,1,273.626070173,1,154.3635785642875,86.95112147602693,-1.0972989917948546,111.19831599817817,47.10099762955073,75.66771577380673,44.2303177740748
