{
    "fe_w2": 0.0,
    "delta": 0.9,
    "mu": 56.69318731276415,
    "fe_late": 0.0,
    "fe_w1": 0.0,
    "fe_w3": 0.0,
    "beta_e": 983.4070876775086,
    "prob_respond_alpha": 1.0,
    "gamma_01_factor": 1.0,
    "fe_w4": 0.0,
    "sigma_dt": 7.3922556100437955,
    "alpha": 296.73453294360627,
    "fe_early": -3.6755661326785933,
    "beta_l": 626.3963871551812,
    "gamma": 91.22429166012971,
    "prop_to_wage": 0.0
}
