run,obj_vals,opt_converged,opt_runtime,is_best_vec,param_1,param_2,param_3,param_4,param_5,param_6,param_7
1,0.05463583272920932,1,500.845089832,0,105.2355624370149,79.04762472220764,-0.0005519880850271686,286.39059700527207,52.89614227543798,53.71700134871167,15.85136850771146
2,0.054603799003190526,1,231.084432144,1,105.27084984026685,78.97427663210401,-0.22908134401781852,324.0034033354252,52.24064701661077,53.697291985994006,15.995609638327405
3,0.05465463124741999,1,536.344900041,0,104.98990626991029,78.9203165724583,-0.3202599108233795,360.0420942879602,53.41719099981113,63.98568208493794,16.106977424256215
4,0.054633857471382205,1,712.043778679,0,105.23781518173845,78.87640124290033,-0.414079132348978,371.2381135162255,52.580975283061875,55.728586246113125,16.047687527882648
