run,obj_vals,opt_converged,opt_runtime,is_best_vec,param_1,param_2,param_3,param_4,param_5,param_6,param_7
1,0.08376194356004471,1,395.397575559,1,209.54406751355796,73.54804120714391,34.80625675553799,73.38424092844099,92.21928407703878,48.917123916978674,61.79125718873288
2,0.10170213558370035,0,7239.794543057,0,129.4732249973527,116.97885809245561,1.3453884775886777,53.699730561360866,73.14177748162973,31.93669664087252,15.305835625647372
