run,obj_vals,opt_converged,opt_runtime,is_best_vec,param_1,param_2,param_3,param_4,param_5,param_6,param_7
1,0.0832879318385587,1,276.418196552,1,160.92947568757683,68.80578434545052,37.38838632469872,74.05319438968834,103.25911467490648,55.95675395586987,54.207037840113045
2,0.13140666172600923,0,7234.731612243,0,130.12488543452952,116.96596508473849,2.18275877794833,52.96131740849539,73.21295342269349,30.87996181924745,13.428700752338017
