run,obj_vals,opt_converged,opt_runtime,is_best_vec,param_1,param_2,param_3,param_4,param_5,param_6,param_7
1,0.08358035013142052,1,1058.428093657,1,157.714177154783,87.62628883918096,-18.567448159716122,61.80628219766347,86.46765315507756,9.965942192164157,58.326503269836046
2,0.08362516855860834,1,2164.437104869,0,149.21827205828134,90.58333624473106,-19.146892485395846,59.94730393203994,85.11486992063524,9.70870512428918,57.16421882421084
