run,obj_vals,opt_converged,opt_runtime,is_best_vec,param_1,param_2,param_3,param_4,param_5,param_6,param_7
1,0.08095438145692295,1,707.465282541,1,232.49748349095856,57.31433515519974,-17.796840568774112,97.11815374782718,254.34742027194727,1.000003660317408,70.64992562300458
2,0.082886789747525,1,287.006383619,0,201.3711508698619,64.05128336290888,-25.4260781737412,96.49058670163264,120.44674713456665,1.000000001500804,65.11416862676131
