{
    "fe_w2": 0.0,
    "delta": 0.9,
    "mu": 46.90427890950861,
    "fe_late": 0.0,
    "fe_w1": 0.0,
    "fe_w3": 0.0,
    "beta_e": 2124.8856939153616,
    "prob_respond_alpha": 1.0,
    "gamma_01_factor": 1.0,
    "fe_w4": 0.0,
    "sigma_dt": 108.81462709091258,
    "alpha": 872.4060970435897,
    "fe_early": -23.928663989487816,
    "beta_l": 691.6095407322645,
    "gamma": 38.524812226837724,
    "prop_to_wage": 0.0
}
