run,obj_vals,opt_converged,opt_runtime,is_best_vec,param_1,param_2,param_3,param_4,param_5,param_6,param_7
1,0.0904564915004035,1,476.034452998,1,156.5633823359587,98.15309012585404,-0.18695350460664806,75.2041973573092,54.30994893330283,6.142603559589439,60.343275314957914
2,0.09058949245905537,1,295.741296993,0,178.05749235007409,93.9366020563727,9.168247037601883,81.50095127484867,57.526544081315656,3.7558862922768226,60.736903602505386
