run,obj_vals,opt_converged,opt_runtime,is_best_vec,param_1,param_2,param_3,param_4,param_5,param_6,param_7
1,0.09126704952729887,1,237.256679486,0,143.14988504870112,88.14418896643836,3.2617839291611306,75.75004731405909,51.823073735484016,7.692515840989668,45.82005850417119
2,0.09112048455828983,1,715.941749466,1,142.77200565624045,88.27928600832284,1.3995103011562633,68.18854629574307,50.42038759574751,12.01799586378937,45.753089303899074
