{
    "fe_w2": 0.0,
    "delta": 0.9,
    "mu": 23.864596121072942,
    "fe_late": 0.0,
    "fe_w1": 0.0,
    "fe_w3": 0.0,
    "beta_e": 1662.1876490833351,
    "prob_respond_alpha": 1.0,
    "gamma_01_factor": 1.0,
    "fe_w4": 0.0,
    "sigma_dt": 98.00080839621725,
    "alpha": 86.64143351034845,
    "fe_early": -0.14765082260764242,
    "beta_l": 718.304939495245,
    "gamma": 84.19453906471676,
    "prop_to_wage": 0.0
}
