run,obj_vals,opt_converged,opt_runtime,is_best_vec,param_1,param_2,param_3,param_4,param_5,param_6,param_7
1,0.07814577535334659,1,833.66543684,1,106.74707690084664,84.01011941008014,-1.6216460170450415,101.61025542759336,66.22750602008122,1.8708465171426516,62.76178618153289
2,0.07816252623778779,0,3639.615716676,0,100.3565523654135,88.4033403527948,0.47873192185004815,100.5399479582742,66.00725831813807,1.9839947090955876,59.933125839134775
