run,obj_vals,opt_converged,opt_runtime,is_best_vec,param_1,param_2,param_3,param_4,param_5,param_6,param_7
1,0.08785411718645791,1,298.539604123,1,108.49583591007882,84.26118317358359,13.992791384837513,55.08867187174442,67.21640748552383,11.010299577295074,45.40007961120115
2,0.0884429260087815,1,777.733718781,0,87.9051787782726,89.92940376914366,15.455090645893184,54.62845156651402,70.89100425764302,11.595995905401297,39.22771429302061
