run,obj_vals,opt_converged,opt_runtime,is_best_vec,param_1,param_2,param_3,param_4,param_5,param_6,param_7
1,0.08268828713283492,1,478.91941256,0,145.68517916502327,67.63703010783212,-24.998849084914024,51.932150830656354,114.75629822742297,22.84047061669485,64.641575887438
2,0.08268821715674164,1,524.925505696,1,146.177372969119,67.47496510241555,-24.94823665037137,51.96797960452857,114.70260687735042,22.82938491565284,64.68454749238347
