run,obj_vals,opt_converged,opt_runtime,is_best_vec,param_1,param_2,param_3,param_4,param_5,param_6,param_7
1,0.0724169110893104,1,523.414418966,1,200.53190275109455,39.299810355151685,13.799325406790365,79.01984573037016,92.81919820581034,34.35508397358568,51.31478053297412
2,0.07256519743074585,1,329.458083281,0,200.07863282920437,38.961888599261115,13.308627275795926,68.41312554244212,155.7899391733321,40.23623631501506,51.342004440924974
