{
    "fe_w2": 0.0,
    "delta": 0.9,
    "mu": 60.85076708191037,
    "fe_late": 0.0,
    "fe_w1": 0.0,
    "fe_w3": 0.0,
    "beta_e": 631.3092800112935,
    "prob_respond_alpha": 1.0,
    "gamma_01_factor": 1.0,
    "fe_w4": 0.0,
    "sigma_dt": 2.2912052895877815,
    "alpha": 541.8616325674822,
    "fe_early": -1.489892486190215,
    "beta_l": 886.6664634744495,
    "gamma": 73.66389843413012,
    "prop_to_wage": 0.0
}
