run,obj_vals,opt_converged,opt_runtime,is_best_vec,param_1,param_2,param_3,param_4,param_5,param_6,param_7
1,0.08371774917509146,1,432.170534705,0,98.2837418902611,103.58537887042644,-8.357794969222464,47.46800855262811,62.162192882675775,8.232394004474134,59.59193276723401
2,0.08351268024791081,1,227.371711217,1,91.10393549139714,105.39456594951845,-8.302575239617724,44.48132133830889,115.74810654967771,8.725988251914705,58.04044944893163
