run,obj_vals,opt_converged,opt_runtime,is_best_vec,param_1,param_2,param_3,param_4,param_5,param_6,param_7
1,0.08347780600512784,1,357.890510475,1,83.35417213627781,60.909504541198466,7.653226284575099,210.5834654746006,45.321125522177674,21.93122924345124,30.85551763904351
2,0.08355188858662461,1,229.203189607,0,85.0781353655666,61.18111951983231,8.673544069131948,136.84053649687527,45.686639862147025,25.75196348861265,30.967771541419843
