run,obj_vals,opt_converged,opt_runtime,is_best_vec,param_1,param_2,param_3,param_4,param_5,param_6,param_7
1,0.07790551849955561,1,402.167494061,1,125.46898589243769,69.84367405046639,-6.114008121351711,82.72185747760003,105.82021066697695,8.027827142992013,39.1259803197926
2,0.10910216090719782,0,7224.199558088,0,129.24978473757744,117.2769179154678,0.5417860391289037,55.453469152679716,73.51545862306168,31.09425055223623,15.665121646996262
