run,obj_vals,opt_converged,opt_runtime,is_best_vec,param_1,param_2,param_3,param_4,param_5,param_6,param_7
1,0.08063265581577643,1,360.868085385,0,92.99275851881168,92.36682855124918,-28.939157136391945,64.45069627393171,76.2063276078717,22.607255119701563,50.97305204756914
2,0.08060811826926631,1,580.801429154,1,92.91254132934907,92.37833960854196,-29.068558761943883,64.28209561552305,78.31043947200233,21.21409768757389,50.9729827647315
