run,obj_vals,opt_converged,opt_runtime,is_best_vec,param_1,param_2,param_3,param_4,param_5,param_6,param_7
1,0.08690028937167779,1,727.133638088,0,166.6207457883636,91.23518466084397,22.558245779077318,91.76542210473968,62.574680290995346,47.90599778697671,43.76960118459655
2,0.08690027059710512,1,858.962342223,1,167.7323976947698,90.96563364372936,22.776198924875818,91.69592068112551,62.516374433202806,47.82810405742097,43.88191910852762
