{
    "fe_w2": 0.0,
    "delta": 0.9,
    "mu": 65.67707752371761,
    "fe_late": 0.0,
    "fe_w1": 0.0,
    "fe_w3": 0.0,
    "beta_e": 291.6461514871406,
    "prob_respond_alpha": 1.0,
    "gamma_01_factor": 1.0,
    "fe_w4": 0.0,
    "sigma_dt": 13.103042920687777,
    "alpha": 709.939854897995,
    "fe_early": -13.145746276852204,
    "beta_l": 279.70305520788514,
    "gamma": 67.31259269075136,
    "prop_to_wage": 0.0
}
