run,obj_vals,opt_converged,opt_runtime,is_best_vec,param_1,param_2,param_3,param_4,param_5,param_6,param_7
1,0.07556673899539378,1,361.358237022,0,102.4719745957467,61.62199436089084,-44.79939422880861,84.49810547282314,46.30029369513209,9.14283946388825,55.42678311515546
2,0.07555042791800194,1,202.378142264,1,103.20836332389678,62.384380582480176,-45.002909531727056,84.43641203526093,46.51530339251582,9.094514241274025,56.44898298077199
