run,obj_vals,opt_converged,opt_runtime,is_best_vec,param_1,param_2,param_3,param_4,param_5,param_6,param_7
1,0.08884218651381111,1,369.554266941,0,67.7082751961024,90.3765070512069,-21.55698829708141,38.499958522340826,45.33302031625614,15.78804095315662,51.032317735448366
2,0.08884218646598835,1,231.331206521,1,67.70715591747853,90.37667940289012,-21.556927182301674,38.50146807601306,45.33254833454361,15.787211383390977,51.032106657068844
