{
    "fe_w2": 0.0,
    "delta": 0.9,
    "mu": 55.9387314395419,
    "fe_late": 0.0,
    "fe_w1": 0.0,
    "fe_w3": 0.0,
    "beta_e": 390.2736270835877,
    "prob_respond_alpha": 1.0,
    "gamma_01_factor": 1.0,
    "fe_w4": 0.0,
    "sigma_dt": 15.751900719284007,
    "alpha": 855.6070552837364,
    "fe_early": 5.976456359387929,
    "beta_l": 394.66792767413904,
    "gamma": 66.05126267547978,
    "prop_to_wage": 0.0
}
