run,obj_vals,opt_converged,opt_runtime,is_best_vec,param_1,param_2,param_3,param_4,param_5,param_6,param_7
1,0.08243610174701883,1,544.994512146,0,66.62221607291528,57.91356015533841,-2.364846417363647,54.46155990448662,76.91873327435535,4.905232195262963,31.00092670131818
2,0.08243378128372629,1,158.706820572,1,67.52468984499035,56.84465576095668,-1.5872558694932546,57.45015714975645,80.65727194553266,3.916431780253944,30.692833698247405
