run,obj_vals,opt_converged,opt_runtime,is_best_vec,param_1,param_2,param_3,param_4,param_5,param_6,param_7
1,0.08463184176919601,0,3643.331809357,1,179.22817648013464,54.85663226393705,2.029636356261286,70.5124354359507,50.22121710055978,10.252240726270822,59.505927357723984
2,0.08481435141116618,1,146.729689317,0,183.33371504508298,53.7114482214401,2.5702828605531,77.2438566227824,50.76247428490362,10.48295614484339,59.982863862679224
