{
    "fe_w2": 0.0,
    "delta": 0.9,
    "mu": 36.654959249929085,
    "fe_late": 0.0,
    "fe_w1": 0.0,
    "fe_w3": 0.0,
    "beta_e": 292.6516616283375,
    "prob_respond_alpha": 1.0,
    "gamma_01_factor": 1.0,
    "fe_w4": 0.0,
    "sigma_dt": 22.904043597872793,
    "alpha": 456.4147237515714,
    "fe_early": -19.200813274456653,
    "beta_l": 476.1447809001986,
    "gamma": 55.76858404212359,
    "prop_to_wage": 0.0
}
