run,obj_vals,opt_converged,opt_runtime,is_best_vec,param_1,param_2,param_3,param_4,param_5,param_6,param_7
1,0.07765040652157414,1,309.584846481,0,108.59393723560393,93.27090541873768,1.9651425038020651,52.614327796706284,49.06567262089798,15.470372063679173,54.69783953267694
2,0.07764819952507404,1,358.015426813,1,109.4264548542391,93.04427349722077,2.208074839962742,53.09252604133843,48.733124547683,15.930473022292261,54.746893320030786
