run,obj_vals,opt_converged,opt_runtime,is_best_vec,param_1,param_2,param_3,param_4,param_5,param_6,param_7
1,0.07798499222629264,1,733.055076867,0,121.41730329370363,81.65422760380098,11.606792353417177,55.61203764750792,53.25055533854866,13.05460632995168,60.772982861289684
2,0.07798499222586378,1,736.077681967,1,121.41736318571934,81.65420887786395,11.606801260299108,55.61209097991486,53.25055415732634,13.054604207496311,60.77298668074785
