run,obj_vals,opt_converged,opt_runtime,is_best_vec,param_1,param_2,param_3,param_4,param_5,param_6,param_7
1,0.09188357826577577,1,1417.113207773,0,102.36687224966819,108.2485285148194,-33.6704533597075,69.43775981203666,76.5471818660032,13.820255485629012,53.742674929570406
2,0.09185432535174352,1,961.970035378,1,180.43801542210912,83.39932338847358,-17.62084659627508,79.2729175420419,83.75241495507876,13.488497418928713,51.84034259439499
