run,obj_vals,opt_converged,opt_runtime,is_best_vec,param_1,param_2,param_3,param_4,param_5,param_6,param_7
1,0.09064385678911527,1,591.679653801,0,132.1183536795207,60.1429328985356,-1.7881278678044978,202.1301057863704,58.110902248751216,41.53301114517387,44.45261013481211
2,0.08987816449587274,1,234.786480575,1,143.70277964579952,56.163280023732014,-3.063999471195083,104.92662893296347,63.00568679817971,6.351981641399467,45.7831474172044
