run,obj_vals,opt_converged,opt_runtime,is_best_vec,param_1,param_2,param_3,param_4,param_5,param_6,param_7
1,0.09010755867964568,1,165.953327454,1,125.27627220432551,62.689705714872225,2.8063884081470953,115.660819877058,74.02019289502778,6.01186851513369,47.90480807814832
2,0.09113282540632411,1,341.082069862,0,101.44249774239742,72.28606500456642,3.8696801805668586,119.12515973562348,66.13790273276311,12.957256629329923,41.77667448063925
