{
    "fe_w2": 0.0,
    "delta": 0.9,
    "mu": 24.334813826038335,
    "fe_late": 0.0,
    "fe_w1": 0.0,
    "fe_w3": 0.0,
    "beta_e": 5270.557556490146,
    "prob_respond_alpha": 1.0,
    "gamma_01_factor": 1.0,
    "fe_w4": 0.0,
    "sigma_dt": 370.24367309012734,
    "alpha": 131.00827717129044,
    "fe_early": 1.878935886738268,
    "beta_l": 465.3486246508162,
    "gamma": 86.21707632872057,
    "prop_to_wage": 0.0
}
