run,obj_vals,opt_converged,opt_runtime,is_best_vec,param_1,param_2,param_3,param_4,param_5,param_6,param_7
1,0.08473495476218465,1,718.968867157,0,164.1827547951176,78.90294171533051,37.50770517725395,459.762656211857,130.9012418130907,164.17272320452352,36.27265940615495
2,0.08473422940121367,0,7247.856998319,1,165.93043022684378,78.0160237393385,38.43413191639666,432.86700412493116,127.1865494776337,159.16105410790902,35.48880600828466
