run,obj_vals,opt_converged,opt_runtime,is_best_vec,param_1,param_2,param_3,param_4,param_5,param_6,param_7
1,0.08399824709731109,1,473.90823152,1,149.0796166738926,66.5714318473016,38.12693294580018,190.27042759839463,64.48995914471298,85.79390586470443,15.948440012595283
2,0.08407054886323317,1,753.873506647,0,142.28729878287393,65.65021129163934,36.47159533015492,164.9960449715463,64.2943518367696,79.96856448205213,15.353048118611479
