{
    "fe_w2": 0.0,
    "delta": 0.9,
    "mu": 54.71901016050603,
    "fe_late": 0.0,
    "fe_w1": 0.0,
    "fe_w3": 0.0,
    "beta_e": 1349.7733985434802,
    "prob_respond_alpha": 1.0,
    "gamma_01_factor": 1.0,
    "fe_w4": 0.0,
    "sigma_dt": 12.548891785430067,
    "alpha": 776.5455078704776,
    "fe_early": -7.282492018486147,
    "beta_l": 333.06221406958014,
    "gamma": 53.03631729349726,
    "prop_to_wage": 0.0
}
