obj_vals,opt_results,opt_runtime,param_1,param_2,param_3,param_4,param_5
0.06778473689752854,1,142.38956152,364.95880398993944,109.76522870665548,87.11341084209543,19.12329529851048,95.52314297584553
