obj_vals,opt_results,opt_runtime,param_1,param_2,param_3,param_4,param_5
0.06778324511385377,1,115.395612997,366.56953522175354,109.87848588327937,86.99701370355776,19.120975940464184,95.80949924257241
