obj_vals,opt_results,opt_runtime,param_1,param_2,param_3,param_4,param_5
0.06778317685954405,1,129.129587907,366.3956463372059,109.73151474488598,86.83021938379493,19.232004028316624,95.76498076656407
