obj_vals,opt_results,opt_runtime,param_1,param_2,param_3,param_4,param_5
0.0677832741646317,1,82.117855876,366.2821179754906,109.89252199401358,87.06682284673795,19.187111627801876,95.76362288539335
