obj_vals,opt_results,opt_runtime,param_1,param_2,param_3,param_4,param_5
0.06778335367137743,1,118.158597192,366.10492514072655,109.58547261703308,86.67687861328152,19.131396852096223,95.70446855603484
