obj_vals,opt_results,opt_runtime,param_1,param_2,param_3,param_4,param_5
0.06778324210024349,1,103.482959688,366.73170316878526,109.88733918378657,86.98258168456096,19.14856883186209,95.84289977665797
