obj_vals,opt_results,opt_runtime,param_1,param_2,param_3,param_4,param_5
0.06778319961383468,1,86.466866765,366.6881411604926,109.84679841575291,86.93578372015541,19.172631139066,95.83200018264543
