obj_vals,opt_results,opt_runtime,param_1,param_2,param_3,param_4,param_5
0.0677832743693814,1,70.648696601,366.8874911625773,109.87641092088235,86.94185196377084,19.168071729190345,95.86849294135908
