obj_vals,opt_results,opt_runtime,param_1,param_2,param_3,param_4,param_5
0.06778363646826452,1,115.371931459,366.234359712621,109.56238377955579,86.6353136684716,19.36255649121028,95.71647612369907
