obj_vals,opt_results,opt_runtime,param_1,param_2,param_3,param_4,param_5
0.06778336759571489,1,65.262838713,366.27168149930606,109.67029404760662,86.84916350715591,19.29623868876529,95.74993620802016
