obj_vals,opt_results,opt_runtime,param_1,param_2,param_3,param_4,param_5
0.06778940636497184,1,71.513152106,364.3092522751645,109.39185546025156,86.34859224562935,19.162124980667183,95.34643856564901
