obj_vals,opt_results,opt_runtime,param_1,param_2,param_3,param_4,param_5
0.06779211521816854,1,54.169768079,362.8257262784229,108.86954681321939,86.28450720846645,19.3300753702144,95.07271175680616
