obj_vals,opt_results,opt_runtime,param_1,param_2,param_3,param_4,param_5
0.06778339021196092,1,91.806772553,366.3318343753155,109.97773429027914,87.17262524278041,19.151646189612926,95.77307482217452
