obj_vals,opt_results,opt_runtime,param_1,param_2,param_3,param_4,param_5
0.06778332809718035,1,120.911141351,366.03399941366257,109.78375730246503,86.9618474232539,19.257306587089214,95.71410297805511
