obj_vals,opt_results,opt_runtime,param_1,param_2,param_3,param_4,param_5
0.06778753219906526,1,71.116750927,363.89121315256335,109.14920523228935,86.45944836798374,19.237548979871814,95.28999009216331
