obj_vals,opt_results,opt_runtime,param_1,param_2,param_3,param_4,param_5
0.06778338189879662,1,137.808573774,366.35330416971425,109.68107286210021,86.75476996091413,19.091388822170337,95.91111784769153
