obj_vals,opt_results,opt_runtime,param_1,param_2,param_3,param_4,param_5
0.06778402617698595,1,133.521820988,365.56401331353925,109.61781251405309,86.79918528423421,19.199723741558852,95.86575406477921
