obj_vals,opt_results,opt_runtime,param_1,param_2,param_3,param_4,param_5
0.0677847962384045,1,82.397716285,368.0480344465622,110.19271764593682,87.17567185440801,19.15335645596756,96.10784632779293
