obj_vals,opt_results,opt_runtime,param_1,param_2,param_3,param_4,param_5
0.06778322387232623,1,102.3707764,366.5918072877792,109.75490705281803,86.82277273298203,19.177060395048816,95.87833921175627
