obj_vals,opt_results,opt_runtime,param_1,param_2,param_3,param_4,param_5
0.06778325562340858,1,67.151606743,366.74958335111376,109.90701620291986,87.00978798597123,19.272933554978067,95.84759353772166
