obj_vals,opt_results,opt_runtime,param_1,param_2,param_3,param_4,param_5
0.0677862846140355,1,78.403564073,364.97340448661504,110.14717144568438,87.61973323167574,18.97465590474747,95.56567317256989
