obj_vals,opt_results,opt_runtime,param_1,param_2,param_3,param_4,param_5
0.06778856737786894,1,50.321519957,365.67644101495614,110.4521633914883,86.70865694098129,19.596881682564018,95.69621500978924
