obj_vals,opt_results,opt_runtime,param_1,param_2,param_3,param_4,param_5
0.06778319614601266,1,105.782954651,366.7034544739812,109.8436294908843,86.9294002575792,19.189819429914888,95.8329263125869
