obj_vals,opt_results,opt_runtime,param_1,param_2,param_3,param_4,param_5
0.06778333601556695,1,101.97305683,366.1749788689379,109.86415647032308,87.04357979286726,19.12454485966154,95.73644358937352
