obj_vals,opt_results,opt_runtime,param_1,param_2,param_3,param_4,param_5
0.0677832186031207,1,130.245067193,366.34638727187064,109.82361368210783,86.9606824456756,19.140571601600282,95.76668170660608
