obj_vals,opt_results,opt_runtime,param_1,param_2,param_3,param_4,param_5
0.06778320341425771,1,110.126079855,366.3406377378356,109.7584734287712,86.87258442867636,19.12931939361995,95.76374685835373
