obj_vals,opt_results,opt_runtime,param_1,param_2,param_3,param_4,param_5
0.06778377691687369,1,103.124999241,366.508219821211,109.99157401953512,87.14954784253706,18.886286524659983,95.79238262198952
