obj_vals,opt_results,opt_runtime,param_1,param_2,param_3,param_4,param_5
0.06778665451222497,1,114.928901594,364.09983818038023,109.53431905942308,86.93985804119701,19.003090816195076,95.34422218380539
