obj_vals,opt_results,opt_runtime,param_1,param_2,param_3,param_4,param_5
0.06778616213953838,1,105.988177445,364.333734172741,109.51964630204685,86.88332735307733,19.061531914276706,95.38003292666741
