obj_vals,opt_results,opt_runtime,param_1,param_2,param_3,param_4,param_5
0.07860178126853258,1,47.354280897,281.8599815951096,100.74810687675884,104.10078822182967,1.0000254388146144,85.3927132973672
