obj_vals,opt_results,opt_runtime,param_1,param_2,param_3,param_4,param_5
0.06778435713973119,1,140.561720909,365.10536512010333,109.54704843085182,86.79339229929755,19.130803050775246,95.52604245351581
