obj_vals,opt_results,opt_runtime,param_1,param_2,param_3,param_4,param_5
0.0677834428989729,1,119.87640115,366.9852464210054,109.93620726665831,87.00232871834797,19.241191587462747,96.01116015938135
