obj_vals,opt_results,opt_runtime,param_1,param_2,param_3,param_4,param_5
0.06778343020528803,1,119.782185191,365.88068514746107,109.76232717279453,86.95614069898538,19.15031591330787,95.68015190609012
