obj_vals,opt_results,opt_runtime,param_1,param_2,param_3,param_4,param_5
0.06778336412353694,1,119.803782269,366.9829721537866,109.95063262935497,87.02687626048355,19.16461686083187,95.89469929536303
