obj_vals,opt_results,opt_runtime,param_1,param_2,param_3,param_4,param_5
0.06778327502249795,1,104.595128499,366.8373822049646,109.92831588954054,87.02216351647863,19.19687387608751,95.86505675390926
