obj_vals,opt_results,opt_runtime,param_1,param_2,param_3,param_4,param_5
0.067784161955178,1,73.175826409,365.442595742108,109.44306578321347,86.69085599981437,19.283030284502416,95.47320428619874
