obj_vals,opt_results,opt_runtime,param_1,param_2,param_3,param_4,param_5
0.06778330341013018,1,92.479936653,366.0214514138219,109.68379170743401,86.82786596962757,19.233479814405747,95.70657137024853
