obj_vals,opt_results,opt_runtime,param_1,param_2,param_3,param_4,param_5
0.06778324414495426,1,104.19991143,366.8321842048112,109.87984838800189,86.95760301409861,19.21249110429405,95.85963829639414
