obj_vals,opt_results,opt_runtime,param_1,param_2,param_3,param_4,param_5
0.06778375646012391,1,98.513079078,365.519566916487,109.56317667753218,86.74640855342511,19.147494128854383,95.59623918841274
