obj_vals,opt_results,opt_runtime,param_1,param_2,param_3,param_4,param_5
0.06778415887694407,1,58.204770851,365.5079212774813,109.32280785344837,86.42572607792852,19.192308467591143,95.57354048730302
