obj_vals,opt_results,opt_runtime,param_1,param_2,param_3,param_4,param_5
0.0677850602121864,1,112.576541583,364.7778204503255,109.74441866389267,87.11246991247059,19.025942081123166,95.47262448246475
