obj_vals,opt_results,opt_runtime,param_1,param_2,param_3,param_4,param_5
0.06778575740917488,1,58.620359624,364.8429795800424,109.46341766939831,86.70199445705823,18.66659797717018,95.45421359011577
