obj_vals,opt_results,opt_runtime,param_1,param_2,param_3,param_4,param_5
0.06778319710334467,1,91.955610434,366.4072486725272,109.83876494433817,86.97187214642236,19.16742859743237,95.78134823659255
