obj_vals,opt_results,opt_runtime,param_1,param_2,param_3,param_4,param_5
0.06778378731894288,1,77.586754083,365.4844039610272,109.66062137784317,86.88544603416186,19.203428085053094,95.60411939757259
