obj_vals,opt_results,opt_runtime,param_1,param_2,param_3,param_4,param_5
0.0677832607245973,1,96.068432448,366.20967897396883,109.63860221829793,86.73374310831872,19.17486637206527,95.71795410327967
