obj_vals,opt_results,opt_runtime,param_1,param_2,param_3,param_4,param_5
0.067783421984044,1,101.366686784,366.4464262731642,110.01403671475848,87.20233722544216,19.13701261289806,95.7970663746892
