obj_vals,opt_results,opt_runtime,param_1,param_2,param_3,param_4,param_5
0.06778486712369239,1,69.858945009,365.2884860083863,109.70774727333283,86.95727237001245,18.699533494757496,95.58769237285283
