obj_vals,opt_results,opt_runtime,param_1,param_2,param_3,param_4,param_5
0.06778343650789716,1,119.132149048,365.9124812367585,109.5606630634821,86.67355791801484,19.141913684753963,95.71521010548838
