obj_vals,opt_results,opt_runtime,param_1,param_2,param_3,param_4,param_5
0.06778363908233156,1,116.757602867,366.0390873453127,110.01154843347938,87.29936498464171,19.033547665050722,95.72775941060904
