obj_vals,opt_results,opt_runtime,param_1,param_2,param_3,param_4,param_5
0.06778346938632833,1,101.587635367,365.7823843359563,109.63799915024039,86.80535286846404,19.20867127400412,95.65285965774385
