obj_vals,opt_results,opt_runtime,param_1,param_2,param_3,param_4,param_5
0.06778335939957811,1,104.981417759,366.8739381534148,109.85133523530808,86.90361503832857,19.196116887553348,95.98584382743577
