obj_vals,opt_results,opt_runtime,param_1,param_2,param_3,param_4,param_5
0.06971316382435767,1,46.911765929,345.017078867535,124.33682805968631,82.50261244076336,7.31689200149804,91.82622274696757
