obj_vals,opt_results,opt_runtime,param_1,param_2,param_3,param_4,param_5
0.06778317541439859,1,113.023247417,366.6253451103501,109.78980496004786,86.87029464369951,19.218456256195605,95.8145532498341
