obj_vals,opt_results,opt_runtime,param_1,param_2,param_3,param_4,param_5
0.06778330526464363,1,122.818695427,366.01189481999575,109.652024501593,86.78521745460574,19.18569549563415,95.69358835454547
