obj_vals,opt_results,opt_runtime,param_1,param_2,param_3,param_4,param_5
0.0677842007896753,1,88.645405222,365.48431035255203,109.30994156916297,86.40462714329506,19.050887885695147,95.56850923159749
