obj_vals,opt_results,opt_runtime,param_1,param_2,param_3,param_4,param_5
0.06778349445150524,1,76.475804613,366.3993146180135,109.65222145766944,86.79729809211032,19.361886630357663,95.79574821844744
