obj_vals,opt_results,opt_runtime,param_1,param_2,param_3,param_4,param_5
0.06778409449038579,1,66.708463125,365.487261582997,109.78121708144934,87.04218532489547,19.019596143349368,95.61463212537073
