obj_vals,opt_results,opt_runtime,param_1,param_2,param_3,param_4,param_5
0.06778503858309883,1,81.628173201,365.78875310893153,109.44707606508628,86.51726574127122,18.60107910143496,95.62920635437627
