obj_vals,opt_results,opt_runtime,param_1,param_2,param_3,param_4,param_5
0.06778357912127789,1,109.661962368,365.7166683778893,109.6969090053813,86.89254660355002,19.10939623133544,95.64762548936221
