obj_vals,opt_results,opt_runtime,param_1,param_2,param_3,param_4,param_5
0.06778386616574915,1,94.390643306,366.34007870822154,109.80850836007451,86.92558929021145,18.853125713858095,95.80900286739349
