obj_vals,opt_results,opt_runtime,param_1,param_2,param_3,param_4,param_5
0.06778334456377784,1,121.86857384,366.29394383688253,109.94750837987583,87.13915964914317,19.177307665317304,95.77040779344365
