obj_vals,opt_results,opt_runtime,param_1,param_2,param_3,param_4,param_5
0.06779203912015051,1,79.679222843,362.75924764900316,109.01729791648455,86.47166909342155,19.28825244175743,95.06544322479384
