obj_vals,opt_results,opt_runtime,param_1,param_2,param_3,param_4,param_5
0.06778405850035572,1,87.054246492,365.4788183144433,109.38403705031602,86.50573548292176,19.077047918850358,95.597058749405
