obj_vals,opt_results,opt_runtime,param_1,param_2,param_3,param_4,param_5
0.06778349762541669,1,118.427259106,367.0726615093655,110.01355694444226,87.09579396614215,19.13313136385457,95.91806867552717
