obj_vals,opt_results,opt_runtime,param_1,param_2,param_3,param_4,param_5
0.06778365416852733,1,108.792073978,365.6376367640444,109.75666779885192,86.990426638304,19.20055416329112,95.64577352942662
