obj_vals,opt_results,opt_runtime,param_1,param_2,param_3,param_4,param_5
0.06778321734166451,1,107.198291567,366.39745591776074,109.85704573532726,86.99752243006118,19.157599894813647,95.78848209886598
