obj_vals,opt_results,opt_runtime,param_1,param_2,param_3,param_4,param_5
0.06779391733619243,1,89.084819283,362.80073947708195,108.57710343515157,85.85580335837803,19.44666017842265,95.16755278770067
