obj_vals,opt_results,opt_runtime,param_1,param_2,param_3,param_4,param_5
0.06778446218566217,1,88.899876146,365.1458743569245,109.67618046085852,86.9582351682669,19.045732905159326,95.54804011796246
