obj_vals,opt_results,opt_runtime,param_1,param_2,param_3,param_4,param_5
0.06778518887625845,1,86.255396208,364.68641261807437,109.41053790006659,86.67938832415774,19.162765479016084,95.43716445366903
