obj_vals,opt_results,opt_runtime,param_1,param_2,param_3,param_4,param_5
0.06778317436598637,1,91.915716967,366.53416604571305,109.8248647998648,86.9335082225655,19.232366141333518,95.80538881979948
