obj_vals,opt_results,opt_runtime,param_1,param_2,param_3,param_4,param_5
0.06778568084641676,1,91.623605804,364.79784747292206,109.08182376438798,86.20941584880994,19.038426015639416,95.43339600935785
