obj_vals,opt_results,opt_runtime,param_1,param_2,param_3,param_4,param_5
0.06778331964902432,1,69.865042465,366.96276118762137,109.88397880252124,86.93953851516481,19.15674710664577,95.87596720609947
