obj_vals,opt_results,opt_runtime,param_1,param_2,param_3,param_4,param_5
0.06778486548918748,1,85.942353191,364.9397387641059,109.41809380831742,86.757414450833,19.239334054339658,95.57602828983266
