obj_vals,opt_results,opt_runtime,param_1,param_2,param_3,param_4,param_5
0.06778850405354014,1,102.835757449,363.6332170935801,109.13105801430478,86.47756117576628,19.05167896480153,95.14781327915186
