obj_vals,opt_results,opt_runtime,param_1,param_2,param_3,param_4,param_5
0.07125122506973933,1,35.521813849,333.4426391849594,112.43311750328347,73.74069825471929,6.505984714590767,88.015026242957
