obj_vals,opt_results,opt_runtime,param_1,param_2,param_3,param_4,param_5
0.06778478914786847,1,89.724062128,364.8881656289156,109.56812151903925,86.85766036821735,19.10750967373912,95.48941289527512
