obj_vals,opt_results,opt_runtime,param_1,param_2,param_3,param_4,param_5
0.06778529497402752,1,59.285152188,367.7856492537398,110.5099245566777,87.64057596883868,18.96294157983479,96.06593313619436
