obj_vals,opt_results,opt_runtime,param_1,param_2,param_3,param_4,param_5
0.06778928648639349,1,81.724330475,364.5102406038086,109.94025299590727,86.68651615911337,19.44576582076921,95.46611551775347
