obj_vals,opt_results,opt_runtime,param_1,param_2,param_3,param_4,param_5
0.06778382505036391,1,85.972607678,365.4667480064677,109.55195224923538,86.74226206944834,19.22582773877362,95.58633389542808
