obj_vals,opt_results,opt_runtime,param_1,param_2,param_3,param_4,param_5
0.06778330307009744,1,121.913333697,366.1540823694816,109.83522126666912,87.00799184303982,19.1412276537786,95.73609049706141
