obj_vals,opt_results,opt_runtime,param_1,param_2,param_3,param_4,param_5
0.0677839219429051,1,94.430548851,366.89345137901563,109.68216533415901,86.70368353909362,19.42362395153601,95.88286047920124
