obj_vals,opt_results,opt_runtime,param_1,param_2,param_3,param_4,param_5
0.06778436883900879,1,78.22630337,365.12275357598423,109.4281790592341,86.6305779408603,19.19688675000852,95.52064633194045
