obj_vals,opt_results,opt_runtime,param_1,param_2,param_3,param_4,param_5
0.06778344418816608,1,105.085212871,366.374319087218,110.01873388062415,87.22314415914828,19.16188723774202,95.75981930303526
