obj_vals,opt_results,opt_runtime,param_1,param_2,param_3,param_4,param_5
0.0677945241492535,1,160.181566852,362.38640548282945,108.6298690219913,85.9991900803211,19.12943804495833,95.08322092151506
