obj_vals,opt_results,opt_runtime,param_1,param_2,param_3,param_4,param_5
0.06778392583109501,1,182.620757755,365.52427242420237,109.9171427368211,87.22201427163398,19.046930381868144,95.62252614992869
