obj_vals,opt_results,opt_runtime,param_1,param_2,param_3,param_4,param_5
0.06778445501490099,1,84.679469095,365.191099044761,109.95099333195304,87.32583192215758,19.108218551318082,95.57191899396193
