obj_vals,opt_results,opt_runtime,param_1,param_2,param_3,param_4,param_5
0.06778349829200295,1,105.951410336,366.02718601761984,109.48220483647371,86.5503609782385,19.130044859718737,95.67523643793146
