run,obj_vals,opt_converged,opt_runtime,is_best_vec,param_1,param_2,param_3,param_4,param_5,param_6,param_7
1,0.05286903269763261,1,680.820620112,0,292.5023720279515,88.04192569194221,3.9906102278197446,68.91273507188423,33.226708965634444,19.153054636525127,107.86184777368493
2,0.05286497872548961,1,581.219272063,1,327.18783543639285,78.35906920367793,4.990215548424247,71.46107522246861,33.07151432372853,19.69208805699122,111.56048709611184
3,0.052867248469884894,1,762.255878245,0,289.5745573699901,88.82704031931468,3.9162427577639507,68.65948173848626,33.02212177717444,19.707791839227394,107.50467468580271
4,0.05286693771702024,1,1727.111142118,0,298.9889337671481,86.19181589454165,4.205904586587778,69.28527460698926,32.971948875441996,19.787381033296857,108.55686700100459
