run,obj_vals,opt_converged,opt_runtime,is_best_vec,param_1,param_2,param_3,param_4,param_5,param_6,param_7
1,0.08054703854461952,0,7232.194842998,1,60.008307782656054,61.74391176585416,9.381402515297125,72.69989347981803,51.195100114686866,49.74712565552207,25.490729106228425
2,0.08055035196448808,0,7225.674167961,0,61.36552719685287,61.432216174489994,9.565647423773015,74.34192124033095,52.27518726546376,51.64478484097366,25.76952214783449
