{
    "fe_w2": 0.0,
    "delta": 0.9,
    "mu": 60.08962719232436,
    "fe_late": 0.0,
    "fe_w1": 0.0,
    "fe_w3": 0.0,
    "beta_e": 699.3643362041063,
    "prob_respond_alpha": 1.0,
    "gamma_01_factor": 1.0,
    "fe_w4": 0.0,
    "sigma_dt": 41.699168332514674,
    "alpha": 1632.9896303495561,
    "fe_early": 26.43670823222012,
    "beta_l": 528.0319658591574,
    "gamma": 33.50793958965291,
    "prop_to_wage": 0.0
}
