run,obj_vals,opt_converged,opt_runtime,is_best_vec,param_1,param_2,param_3,param_4,param_5,param_6,param_7
1,0.07818721520007904,1,651.215890093,1,128.38291927559075,99.47068373458733,15.244132794821912,68.31997101870648,83.87070608079304,8.401546300516625,32.907746717986356
2,0.07824471748091939,1,262.197609057,0,135.52076395863745,96.2497257303183,16.409487635947972,68.86147108022318,80.78002049443775,8.480820338419486,33.22710716374169
