run,obj_vals,opt_converged,opt_runtime,is_best_vec,param_1,param_2,param_3,param_4,param_5,param_6,param_7
1,0.07429009233220024,1,131.045612257,0,103.74275211414873,86.98892956991254,-7.219707151486028,59.740784819700764,89.61167191678479,25.426365850654097,50.38724179004952
2,0.07428838444964532,1,281.442961511,1,104.66922867191946,86.61255687221082,-6.941869549772542,59.36717669047078,89.19703777006562,24.83020789212634,50.46946979914512
