{
    "fe_w2": 0.0,
    "delta": 0.9,
    "mu": 51.02814305783093,
    "fe_late": 0.0,
    "fe_w1": 0.0,
    "fe_w3": 0.0,
    "beta_e": 501.52997591096624,
    "prob_respond_alpha": 1.0,
    "gamma_01_factor": 1.0,
    "fe_w4": 0.0,
    "sigma_dt": 31.346498757974945,
    "alpha": 861.2521724467965,
    "fe_early": 21.030617715035262,
    "beta_l": 587.3790242261723,
    "gamma": 61.68357162624727,
    "prop_to_wage": 0.0
}
