run,obj_vals,opt_converged,opt_runtime,is_best_vec,param_1,param_2,param_3,param_4,param_5,param_6,param_7
1,0.08445286910102766,1,534.472394407,1,87.15479915226288,75.88215987000231,4.883476126496056,99.18461717686198,151.44289085399916,20.105089358728733,45.51323043560644
2,0.08525048927830847,1,131.937542733,0,86.33329315017684,68.95622204484472,4.436600805398871,102.32935967878498,187.15473517320527,16.931720753820994,43.621177655707264
