run,obj_vals,opt_converged,opt_runtime,is_best_vec,param_1,param_2,param_3,param_4,param_5,param_6,param_7
1,0.08850939553260107,1,517.859224265,0,373.64914154675625,3.387785961981177,-24.943920898960574,91.4870523697437,64.45081091318958,16.712126979213693,83.20610260640905
2,0.0884569816241875,1,390.0022351,1,381.4857400340536,2.3415809052882848,-24.687665080701287,92.60428311760597,65.18104861787977,16.349481531724685,83.49847703870651
