{
    "fe_w2": 0.0,
    "delta": 0.9,
    "mu": 56.123187356340765,
    "fe_late": 0.0,
    "fe_w1": 0.0,
    "fe_w3": 0.0,
    "beta_e": 421.98877536281327,
    "prob_respond_alpha": 1.0,
    "gamma_01_factor": 1.0,
    "fe_w4": 0.0,
    "sigma_dt": 15.172268865960898,
    "alpha": 812.5295593599725,
    "fe_early": -18.226244551868522,
    "beta_l": 3120.3729868363353,
    "gamma": 61.934017576458956,
    "prop_to_wage": 0.0
}
