run,obj_vals,opt_converged,opt_runtime,is_best_vec,param_1,param_2,param_3,param_4,param_5,param_6,param_7
1,0.08580129951521025,1,252.775293757,1,88.21240734561297,128.58279294091645,2.452999108442453,55.80560351891545,53.102787269462354,21.483615328459205,43.789570090219264
2,0.08580133612602965,1,651.259435187,0,87.97886432667774,128.67055914220813,2.4078610817063653,55.78116415833886,53.10422796114815,21.486257441582204,43.74758829956198
