run,obj_vals,opt_converged,opt_runtime,is_best_vec,param_1,param_2,param_3,param_4,param_5,param_6,param_7
1,0.08654989098473621,0,3640.83908077,0,88.56641231611529,128.15372766281527,2.0218930423738533,48.645893919852035,52.34285049228889,25.606091228554167,37.89073022776762
2,0.08654786981679383,1,162.002964002,1,89.1205632457586,127.63984215968887,1.7941627948049934,48.76828026538588,52.59856778788133,24.698151137342244,38.03350295849191
