run,obj_vals,opt_converged,opt_runtime,is_best_vec,param_1,param_2,param_3,param_4,param_5,param_6,param_7
1,0.07759135512993952,1,323.186175706,0,113.40899359102887,84.85592523871509,-18.05952239887859,46.02379062168492,62.02984965603626,28.396502564595718,59.760008807545546
2,0.07759130010683216,1,445.97405014,1,113.581461887349,84.73956086674438,-18.193854589015192,46.02980507086352,61.96866878220031,28.395418120731115,59.825891240134936
