run,obj_vals,opt_converged,opt_runtime,is_best_vec,param_1,param_2,param_3,param_4,param_5,param_6,param_7
1,0.08647526619830899,1,402.257955268,0,235.98435600280624,32.929798364237016,30.906919364579668,80.91090375768697,52.421089337105784,61.25030995239811,59.3242835503246
2,0.08647478717677895,1,796.192536501,1,240.0816718313952,32.36205871424417,31.056039731675718,81.13192084000248,52.5455855697119,60.974005874332775,59.72578362960454
