run,obj_vals,opt_converged,opt_runtime,is_best_vec,param_1,param_2,param_3,param_4,param_5,param_6,param_7
1,0.08042697430555874,0,7219.494086273,0,105.6504443279089,87.17014335668965,14.687140084207847,68.46121078652762,59.41321106330153,47.492024218708664,43.81259650545087
2,0.08042681503821615,0,7217.084184238,1,102.0752305062302,87.52692424401847,14.217099515549235,67.77262724482983,59.459017961215615,47.56076122474847,43.09699048312959
