run,obj_vals,opt_converged,opt_runtime,is_best_vec,param_1,param_2,param_3,param_4,param_5,param_6,param_7
1,0.07607360102376946,1,382.785930318,1,40.280220970668566,52.61222133153772,-35.566324618602884,105.52031622433735,35.09107514002935,74.46436533189508,29.933132066155
2,0.07608050798880979,1,386.428043654,0,40.42100816705613,52.61897560723853,-35.48301677928855,94.45006651069663,35.40822616178237,74.23653587219987,29.96352135292276
