run,obj_vals,opt_converged,opt_runtime,is_best_vec,param_1,param_2,param_3,param_4,param_5,param_6,param_7
1,0.07522526335219211,1,359.026945489,1,45.00626002500468,58.68213125136377,-32.821295929442236,87.95970996697129,36.45691086891412,64.87496758660916,30.165144042228466
2,0.07542872244846248,1,237.664360767,0,47.940322119757205,58.43299622115464,-33.41133423462742,46.04645107948543,53.456222763461646,21.159766607216046,30.833373622624514
