run,obj_vals,opt_converged,opt_runtime,is_best_vec,param_1,param_2,param_3,param_4,param_5,param_6,param_7
1,0.0797010259688512,1,159.852729283,1,145.75033879552842,61.64711164433598,3.6526878378785352,81.16438579088074,46.229361510453984,12.434383146650323,58.01875013047813
2,0.08061208737657737,1,235.507005905,0,138.49553122287674,60.187785061939714,-7.089767509985037,109.67993149070507,54.100894646620596,1.000002828794202,52.06749934994901
