run,obj_vals,opt_converged,opt_runtime,is_best_vec,param_1,param_2,param_3,param_4,param_5,param_6,param_7
1,0.06963681448686573,1,532.919750324,1,116.52006330356417,67.666614545946,-5.043971235481795,499.917872365491,87.15251799944849,171.71830782683273,46.08137493454117
2,0.06983988190424559,0,7235.604384191,0,122.45503945085476,67.47062752376506,-3.521299097018529,255.85365219523663,78.20316519791913,133.80930814618748,46.45098736948494
