obj_vals,opt_results,opt_runtime,param_1,param_2,param_3,param_4,param_5
0.08147119672221427,1,130.44965192,388.9956964753565,94.05943974899131,65.50428240605953,27.004482016570915,93.07910912252972
