obj_vals,opt_results,opt_runtime,param_1,param_2,param_3,param_4,param_5
0.08147570896764415,1,69.107694638,390.0125115957629,92.6391833690474,64.26363148961235,26.847101395373368,93.49068682012975
