obj_vals,opt_results,opt_runtime,param_1,param_2,param_3,param_4,param_5
0.08147053883430615,1,90.794677701,389.42491617976594,93.93864445706656,65.49880069383998,26.98287784596819,93.3202421555976
