obj_vals,opt_results,opt_runtime,param_1,param_2,param_3,param_4,param_5
0.08147556484223867,1,486.817629045,390.06517132295215,92.6999429585814,64.44705019815837,26.83634399618449,93.53208408414662
