obj_vals,opt_results,opt_runtime,param_1,param_2,param_3,param_4,param_5
0.08147569071024294,1,52.550290255,390.05299635978946,92.68261984706835,64.24638523790485,26.8768340111812,93.51140738141129
