obj_vals,opt_results,opt_runtime,param_1,param_2,param_3,param_4,param_5
0.08148679581379978,1,67.020387014,387.197089502195,95.01322957773941,67.29927223407046,27.30039884579376,92.45499336559358
