obj_vals,opt_results,opt_runtime,param_1,param_2,param_3,param_4,param_5
0.0814709444126991,1,107.625174238,389.58628101712884,93.70318709550676,65.49384722525808,27.008702119884102,93.42076992905285
