obj_vals,opt_results,opt_runtime,param_1,param_2,param_3,param_4,param_5
0.08146601448894833,1,108.597627482,389.2260515426729,95.01948186376005,66.79464524887455,27.4212355853837,93.32383993668701
