obj_vals,opt_results,opt_runtime,param_1,param_2,param_3,param_4,param_5
0.08147569366399443,1,99.25554562,390.03234353230573,92.6808142586073,64.2410923979658,26.859821607079628,93.5049491774137
