obj_vals,opt_results,opt_runtime,param_1,param_2,param_3,param_4,param_5
0.08147047057756429,1,87.333405959,389.58775719781283,93.92404105215353,65.66604704048014,27.00869983344972,93.38761469089083
