obj_vals,opt_results,opt_runtime,param_1,param_2,param_3,param_4,param_5
0.08147558944941084,1,102.270794507,389.9678410763545,92.76597852738342,64.4440927808587,26.882672188297477,93.47467429427373
