obj_vals,opt_results,opt_runtime,param_1,param_2,param_3,param_4,param_5
0.08147568780660291,1,104.634097351,390.0831044351473,92.69215183186127,64.25287513148884,26.862401475555757,93.52695664071773
