obj_vals,opt_results,opt_runtime,param_1,param_2,param_3,param_4,param_5
0.08150705525994907,1,106.37232113,391.3512422782184,91.55834936270188,59.16051393686716,27.212707868801534,93.81739839057562
