obj_vals,opt_results,opt_runtime,param_1,param_2,param_3,param_4,param_5
0.08148238226361167,1,111.794416495,387.71663986967144,95.59107191536978,67.63965516146793,27.623989630492062,92.69839075548781
