obj_vals,opt_results,opt_runtime,param_1,param_2,param_3,param_4,param_5
0.08147256430121916,1,190.569240399,388.6743164306765,93.836636904655,65.31939398802469,26.936634559870296,92.9402800575567
