obj_vals,opt_results,opt_runtime,param_1,param_2,param_3,param_4,param_5
0.08147183422755781,1,90.488437205,389.8221456014561,92.9598485322808,65.33876645127542,26.814176528922673,93.46840435983657
