obj_vals,opt_results,opt_runtime,param_1,param_2,param_3,param_4,param_5
0.08148074197654265,1,76.160284719,388.79460527125804,96.32845072933114,68.22327339310486,27.785578084063935,93.1656592985809
