obj_vals,opt_results,opt_runtime,param_1,param_2,param_3,param_4,param_5
0.08146584585404258,1,98.54670034,389.0842515640698,94.97563055664143,66.7623294604617,27.373795934491344,93.23894037242073
