obj_vals,opt_results,opt_runtime,param_1,param_2,param_3,param_4,param_5
0.08146843492886917,1,118.252954711,388.33273612148787,94.1522432821633,66.52541220413812,27.161881681451675,92.8250874456882
