obj_vals,opt_results,opt_runtime,param_1,param_2,param_3,param_4,param_5
0.08147476253922163,1,81.242600686,389.0472639044986,93.31826758205683,65.83873883540043,26.82992513934396,93.2961260130081
