obj_vals,opt_results,opt_runtime,param_1,param_2,param_3,param_4,param_5
0.08147077775397704,1,90.990371292,389.5272758593377,93.82732158431014,65.36819587375298,26.933853684170714,93.38385073297759
