obj_vals,opt_results,opt_runtime,param_1,param_2,param_3,param_4,param_5
0.08147460448405043,1,52.367841342,388.98222881989994,92.70222101862741,65.03106431272832,26.70462619158984,93.01922118838075
