obj_vals,opt_results,opt_runtime,param_1,param_2,param_3,param_4,param_5
0.08146743773643556,1,1597.471285386,388.92481315131175,95.09186205148784,66.77848739017483,27.54654904887398,93.11165459352944
