obj_vals,opt_results,opt_runtime,param_1,param_2,param_3,param_4,param_5
0.08147568825113916,1,80.955872022,390.082302479664,92.68954440615398,64.25013455072796,26.87333453476559,93.52721932445098
