obj_vals,opt_results,opt_runtime,param_1,param_2,param_3,param_4,param_5
0.08148082149495968,1,113.404121269,389.6203710575628,96.34624324809144,68.21071536517205,27.7834190205714,93.55427847734174
