obj_vals,opt_results,opt_runtime,param_1,param_2,param_3,param_4,param_5
0.08147833709065261,1,71.28652205,389.8282198550291,92.87983427065343,63.42526390831644,26.729978166908296,93.4504492260629
