obj_vals,opt_results,opt_runtime,param_1,param_2,param_3,param_4,param_5
0.08147053775069023,1,69.47262132,389.61396503349624,93.92584874305469,65.39277178342142,26.979622550504338,93.38426879405718
