obj_vals,opt_results,opt_runtime,param_1,param_2,param_3,param_4,param_5
0.08150264556581772,0,1982.511552536,390.23243683116317,93.0946926313352,61.18748314342481,26.930986264722236,93.50687262243025
