obj_vals,opt_results,opt_runtime,param_1,param_2,param_3,param_4,param_5
0.08147615001301774,1,75.352535635,389.6361041061958,92.8698069819578,64.42745412247916,27.0413962836038,93.32639209450524
