obj_vals,opt_results,opt_runtime,param_1,param_2,param_3,param_4,param_5
0.08147136061671889,1,116.512624462,388.88304884361986,94.17552239240332,65.35017422169645,27.00224482558229,93.12959111973636
