obj_vals,opt_results,opt_runtime,param_1,param_2,param_3,param_4,param_5
0.08147573485901215,1,295.997168462,389.7809272690105,92.69090284458062,64.41484322067265,26.884076824873812,93.37382303966108
