obj_vals,opt_results,opt_runtime,param_1,param_2,param_3,param_4,param_5
0.08147559412564036,1,165.693814262,390.0498851330469,92.61559815391412,64.43921667413632,26.86466386256057,93.53485147575493
