obj_vals,opt_results,opt_runtime,param_1,param_2,param_3,param_4,param_5
0.0814706132308627,1,70.647906292,389.5557919239496,93.87585039437411,65.393568653035,26.98571628306913,93.35615558766301
