obj_vals,opt_results,opt_runtime,param_1,param_2,param_3,param_4,param_5
0.08150673363573872,1,123.805695311,390.92978343818,91.59143526314826,59.3339015951099,27.386419018073916,93.71106976641404
