obj_vals,opt_results,opt_runtime,param_1,param_2,param_3,param_4,param_5
0.08147568779477317,1,89.780705409,390.08314413357414,92.69108375974591,64.25385317362128,26.86292465624359,93.52699983401965
