obj_vals,opt_results,opt_runtime,param_1,param_2,param_3,param_4,param_5
0.08147568827975134,1,109.892866082,390.0800840781951,92.68343557216399,64.25644089441641,26.871904266055097,93.52671643313353
