obj_vals,opt_results,opt_runtime,param_1,param_2,param_3,param_4,param_5
0.08147568845999281,1,153.645580584,390.0694377439522,92.68955579475718,64.24824950977943,26.868780909815705,93.5229030864023
