obj_vals,opt_results,opt_runtime,param_1,param_2,param_3,param_4,param_5
0.08146730873582109,1,136.621963787,388.7294473404191,95.18495030143771,66.70998923448985,27.333899466431408,93.0699579827673
