obj_vals,opt_results,opt_runtime,param_1,param_2,param_3,param_4,param_5
0.08147670108583399,1,59.4136298,390.07697397603647,92.54025407424128,64.28957161647183,27.277352877540046,93.5251624549486
