obj_vals,opt_results,opt_runtime,param_1,param_2,param_3,param_4,param_5
0.08150262374630306,0,1988.372254666,390.27664666060286,93.12637612725041,61.198451659373646,26.948726497017585,93.53139719845542
