obj_vals,opt_results,opt_runtime,param_1,param_2,param_3,param_4,param_5
0.08147568779395546,1,126.352393575,390.08314832339,92.69098363670733,64.25387658766941,26.863140432450088,93.52700054154764
