obj_vals,opt_results,opt_runtime,param_1,param_2,param_3,param_4,param_5
0.08147672072059088,1,103.765296732,390.12186533426484,92.48809469818184,64.48735201723812,27.306152770110604,93.55140546260401
