obj_vals,opt_results,opt_runtime,param_1,param_2,param_3,param_4,param_5
0.08147038061500662,1,86.814109811,389.5757895466153,94.04097575273029,65.61574838818733,27.020029190681868,93.3973159857474
