obj_vals,opt_results,opt_runtime,param_1,param_2,param_3,param_4,param_5
0.08147568964428836,1,92.357467218,390.0831481675263,92.67646695079992,64.26807220986434,26.87354445216921,93.52713254888448
