obj_vals,opt_results,opt_runtime,param_1,param_2,param_3,param_4,param_5
0.08147066103673117,1,72.748381703,389.5694291235755,93.84000682396179,65.48070978350688,27.030593504650856,93.3665277811903
