obj_vals,opt_results,opt_runtime,param_1,param_2,param_3,param_4,param_5
0.08148616606797222,1,109.513246211,387.1798031786834,95.47499452602824,67.60444785240536,27.54049843693803,92.4237360756477
