obj_vals,opt_results,opt_runtime,param_1,param_2,param_3,param_4,param_5
0.08146743411414403,1,194.726237491,389.17494625114153,95.40535339427788,66.77351668331724,27.27083537848556,93.29681168296008
