obj_vals,opt_results,opt_runtime,param_1,param_2,param_3,param_4,param_5
0.0815100996262159,1,202.916783485,391.0779108166386,92.45257034699577,59.08155277282378,27.16991537847004,93.82774964173973
