obj_vals,opt_results,opt_runtime,param_1,param_2,param_3,param_4,param_5
0.0814756883889933,1,100.926443897,390.0734364533648,92.69277660443421,64.25806425432854,26.87420674793139,93.52199069433331
