obj_vals,opt_results,opt_runtime,param_1,param_2,param_3,param_4,param_5
0.08147077025586236,1,188.028057884,389.2865778562398,93.88561518898943,65.42537210805908,26.962717479348793,93.2414290926748
