obj_vals,opt_results,opt_runtime,param_1,param_2,param_3,param_4,param_5
0.08147568781744718,1,101.076626985,390.083011596995,92.69008777204698,64.25342542981747,26.865688140885492,93.52691854626775
