obj_vals,opt_results,opt_runtime,param_1,param_2,param_3,param_4,param_5
0.08147179093558898,1,31.654192336,389.0823265438725,93.7853646266455,65.28780656877025,26.97012155551289,93.2978985539042
