obj_vals,opt_results,opt_runtime,param_1,param_2,param_3,param_4,param_5
0.08147050861141565,1,123.831254768,389.6036134977098,93.92902609225605,65.59337274247072,26.99708662930629,93.41990569153266
