obj_vals,opt_results,opt_runtime,param_1,param_2,param_3,param_4,param_5
0.08147064523715718,1,93.827621449,389.3401455448238,93.94350337810027,65.41801296601665,26.973735472895104,93.26717456027757
