obj_vals,opt_results,opt_runtime,param_1,param_2,param_3,param_4,param_5
0.08148374272913333,1,123.446974975,389.86373643460956,91.48626177783945,63.71783539530831,27.11045910824907,93.3729493498994
