obj_vals,opt_results,opt_runtime,param_1,param_2,param_3,param_4,param_5
0.08146633060178007,1,72.89619874,388.9178579488897,94.45069847264256,66.68109212825165,27.210937244045294,93.28497434598096
