obj_vals,opt_results,opt_runtime,param_1,param_2,param_3,param_4,param_5
0.08147036680362821,1,87.6381916,389.29768797621466,94.43811448570399,65.61918225777089,27.088935701375085,93.2670142064437
