obj_vals,opt_results,opt_runtime,param_1,param_2,param_3,param_4,param_5
0.08150262843547992,0,1935.679964616,390.2573233068169,93.10108751660215,61.19151755119049,26.933075636209495,93.52038125759792
