obj_vals,opt_results,opt_runtime,param_1,param_2,param_3,param_4,param_5
0.08147042661456738,1,76.662285482,389.5102264719324,94.11642552523713,65.64241599817227,27.082499271500634,93.38319202949948
