obj_vals,opt_results,opt_runtime,param_1,param_2,param_3,param_4,param_5
0.0814717260528478,1,206.106448498,389.8308381418533,92.92275553662664,65.46824119838729,26.798986119368813,93.46622108078633
