obj_vals,opt_results,opt_runtime,param_1,param_2,param_3,param_4,param_5
0.08148014505958377,1,115.106818007,388.3022935822633,95.57250461258324,67.7139590223233,27.474145192413584,92.93675740848475
