obj_vals,opt_results,opt_runtime,param_1,param_2,param_3,param_4,param_5
0.08147939812127479,1,106.467912226,388.7574910310784,96.01221752638125,67.95530622249052,27.73016576974361,93.05665315720894
