obj_vals,opt_results,opt_runtime,param_1,param_2,param_3,param_4,param_5
0.08151324621718012,1,252.214938224,390.1098478437717,93.28387523532604,59.18547143405757,27.157188247590856,93.35771068636392
