obj_vals,opt_results,opt_runtime,param_1,param_2,param_3,param_4,param_5
0.08147569191692003,1,106.667571202,390.0845910778881,92.71335843693426,64.28218693750114,26.882094226952837,93.53703107474996
