obj_vals,opt_results,opt_runtime,param_1,param_2,param_3,param_4,param_5
0.08150244056403227,1,72.195345093,390.3614090486918,91.39053926408121,60.67325633679111,27.08956180412424,93.52275215100184
