obj_vals,opt_results,opt_runtime,param_1,param_2,param_3,param_4,param_5
0.08146820677071305,1,261.196952583,390.1704791676464,95.23370098456266,66.9679179795392,27.546295130769302,93.60295169065297
