obj_vals,opt_results,opt_runtime,param_1,param_2,param_3,param_4,param_5
0.08147205161328122,1,61.186140848,389.4853861126327,92.94312735600744,65.38401313621634,26.877748102780842,93.28893259219645
