obj_vals,opt_results,opt_runtime,param_1,param_2,param_3,param_4,param_5
0.08147557564386737,1,615.101932074,390.1411891475497,92.70509104110856,64.4665832776352,26.87728561838738,93.568422827696
