obj_vals,opt_results,opt_runtime,param_1,param_2,param_3,param_4,param_5
0.0814756900930063,1,127.21862839,390.08530350979703,92.70279300142411,64.23351381034844,26.86323229667958,93.53022974881134
