obj_vals,opt_results,opt_runtime,param_1,param_2,param_3,param_4,param_5
0.08146679295828099,1,77.112659544,389.1633334834749,95.10014290929527,66.7439335155932,27.207039369937103,93.37111381810114
