obj_vals,opt_results,opt_runtime,param_1,param_2,param_3,param_4,param_5
0.08148215781473755,1,156.871553491,389.29915427440125,95.98301216330664,68.2008799867443,27.329752603472738,93.380438534348
