obj_vals,opt_results,opt_runtime,param_1,param_2,param_3,param_4,param_5
0.08147818468947998,1,77.647413678,390.0913403912439,92.82360352689149,63.437528568486435,26.654968508960803,93.54358212490052
