obj_vals,opt_results,opt_runtime,param_1,param_2,param_3,param_4,param_5
0.08147063453350352,1,86.985710406,389.8488914770174,94.02584210395854,65.46431593814552,26.992389032625063,93.57271740556571
