obj_vals,opt_results,opt_runtime,param_1,param_2,param_3,param_4,param_5
0.08147907109867643,1,76.960365813,388.6996255938987,95.93022048132069,67.91644947994047,27.668345434878564,93.08837030778102
