obj_vals,opt_results,opt_runtime,param_1,param_2,param_3,param_4,param_5
0.08147576460191588,1,60.786901201,389.96836018453905,92.68225993848151,64.14692555157549,26.879290860337008,93.49401842187244
