obj_vals,opt_results,opt_runtime,param_1,param_2,param_3,param_4,param_5
0.0814756891552715,1,89.011885407,390.08031838254175,92.68174375439612,64.25749656231329,26.880794255087228,93.52562201674216
