obj_vals,opt_results,opt_runtime,param_1,param_2,param_3,param_4,param_5
0.08700491892323971,1,176.565921278,388.573939919114,169.58188418843795,93.25807081190024,1.0645392240149856,94.66666482649451
