obj_vals,opt_results,opt_runtime,param_1,param_2,param_3,param_4,param_5
0.08147042025475891,1,77.663137435,389.5196964003552,93.99662677239738,65.54712266151151,27.000899374045268,93.3413395145119
