obj_vals,opt_results,opt_runtime,param_1,param_2,param_3,param_4,param_5
0.08147062024145343,1,77.798996717,389.37305522585143,94.13534637054434,65.42327544693856,27.043274090644996,93.36617205570717
