obj_vals,opt_results,opt_runtime,param_1,param_2,param_3,param_4,param_5
0.08146572689442588,1,76.263470296,389.7082441602659,94.74440756453437,66.82556396907304,27.27845610290747,93.50642360772385
