obj_vals,opt_results,opt_runtime,param_1,param_2,param_3,param_4,param_5
0.08150320065391842,1,149.518171099,390.48238571749124,91.80321426670528,60.923622289439734,27.736264364171955,93.54395024425557
