obj_vals,opt_results,opt_runtime,param_1,param_2,param_3,param_4,param_5
0.08147575295747018,1,213.371188526,390.34940189218105,92.75974002679662,64.5015325841319,26.890299310759602,93.66994273980593
