obj_vals,opt_results,opt_runtime,param_1,param_2,param_3,param_4,param_5
0.08147556731584583,1,357.377702708,390.0450153994091,92.67871497136149,64.44185319969783,26.838032428033713,93.51410812654242
