obj_vals,opt_results,opt_runtime,param_1,param_2,param_3,param_4,param_5
0.08147572889608502,1,52.937860984,390.1209313267598,92.73251228175332,64.2182215593019,26.928736799866204,93.54714808407414
