obj_vals,opt_results,opt_runtime,param_1,param_2,param_3,param_4,param_5
0.08153252440969386,1,139.95079425,388.96068552303063,98.02706004926485,64.29511232501916,26.21676341349157,93.2609067414911
