obj_vals,opt_results,opt_runtime,param_1,param_2,param_3,param_4,param_5
0.08147231590593706,1,146.565134757,389.4693484747477,92.77693544163841,65.36827515785133,26.75181838121099,93.34904146393812
