obj_vals,opt_results,opt_runtime,param_1,param_2,param_3,param_4,param_5
0.08147559598499964,1,228.77500613,389.94849434100945,92.67940327529816,64.42739342447122,26.82273944382035,93.485218252514
