obj_vals,opt_results,opt_runtime,param_1,param_2,param_3,param_4,param_5
0.0814734343550805,1,72.286258468,389.3473177431686,92.67395245011825,65.14613278303565,26.752139460488074,93.33003560450145
