obj_vals,opt_results,opt_runtime,param_1,param_2,param_3,param_4,param_5
0.08147558978393822,1,97.530312953,389.9445816558839,92.70984468401414,64.43721255081391,26.87333711706222,93.45481652619449
