run,obj_vals,opt_converged,opt_runtime,is_best_vec,param_1,param_2,param_3,param_4,param_5,param_6,param_7
1,0.08883640132585187,1,439.794158692,1,110.32999918252376,65.03612556446706,-21.23187588571342,62.03819741617026,102.53990195485294,26.911827021445827,73.82588412738536
2,0.0888526499566246,1,258.101605774,0,108.04243700765349,65.93950321893216,-20.001382438327493,60.398788759340036,102.43413993185534,26.16142525337346,73.05003792500636
