run,obj_vals,opt_converged,opt_runtime,is_best_vec,param_1,param_2,param_3,param_4,param_5,param_6,param_7
1,0.08843837727521539,1,313.858283147,1,115.38627832522283,67.89197935155813,-21.37010436304828,62.33394475251497,92.75974465028146,28.44624619499352,62.67051181568762
2,0.08843897188991481,1,276.38298565,0,116.03973714490526,67.97513021328156,-20.45570692108781,62.63503942775652,93.21899848606023,28.286035727129327,62.421655092887654
