{
    "fe_w2": 0.0,
    "delta": 0.9,
    "mu": 48.88181635736001,
    "fe_late": 0.0,
    "fe_w1": 0.0,
    "fe_w3": 0.0,
    "beta_e": 430.30707708589836,
    "prob_respond_alpha": 1.0,
    "gamma_01_factor": 1.0,
    "fe_w4": 0.0,
    "sigma_dt": 58.77968355811629,
    "alpha": 855.6812777247716,
    "fe_early": 34.65571969963501,
    "beta_l": 546.4584136316148,
    "gamma": 62.61122875193687,
    "prop_to_wage": 0.0
}
