run,obj_vals,opt_converged,opt_runtime,is_best_vec,param_1,param_2,param_3,param_4,param_5,param_6,param_7
1,0.0787925269636851,1,637.632837241,1,115.67772209017367,66.41135220266139,-48.661878126045295,53.14043276946315,72.9941066446548,15.376870440580035,60.48545751795454
2,0.07879346656355746,1,524.063454759,0,115.64052697518339,66.42496047844304,-48.66585161260818,53.11708564181734,73.298449812156,15.369764661238666,60.490198913006765
