run,obj_vals,opt_converged,opt_runtime,is_best_vec,param_1,param_2,param_3,param_4,param_5,param_6,param_7
1,0.07887856795616636,1,882.973482793,1,122.3194022211142,78.04409722981042,-34.88597907969256,44.95600283281396,72.26623816678052,17.406515288174756,59.10352394481446
2,0.07887857230033493,1,657.200873955,0,122.22244348577473,78.07836234500319,-34.879708193368046,44.959631109672806,72.30964573561027,17.426415072426277,59.09747645679588
