{
    "fe_w2": 0.0,
    "delta": 0.9,
    "mu": 46.88529883985887,
    "fe_late": 0.0,
    "fe_w1": 0.0,
    "fe_w3": 0.0,
    "beta_e": 383.7488146173917,
    "prob_respond_alpha": 1.0,
    "gamma_01_factor": 1.0,
    "fe_w4": 0.0,
    "sigma_dt": 18.26304577633888,
    "alpha": 333.9922480671495,
    "fe_early": -10.488505336943161,
    "beta_l": 283.44192837227854,
    "gamma": 91.48416411541245,
    "prop_to_wage": 0.0
}
