{
    "fe_w2": 0.0,
    "delta": 0.9,
    "mu": 35.48880600828466,
    "fe_late": 0.0,
    "fe_w1": 0.0,
    "fe_w3": 0.0,
    "beta_e": 2597.202024749587,
    "prob_respond_alpha": 1.0,
    "gamma_01_factor": 1.0,
    "fe_w4": 0.0,
    "sigma_dt": 159.16105410790902,
    "alpha": 995.5825813610627,
    "fe_early": 38.43413191639666,
    "beta_l": 763.1192968658022,
    "gamma": 78.0160237393385,
    "prop_to_wage": 0.0
}
