obj_vals,opt_results,opt_runtime,param_1,param_2,param_3
0.06523147973671452,1,85.249472222,85.05849116093992,55.599850961546096,16.280757896407984
