obj_vals,opt_results,opt_runtime,param_1,param_2,param_3
0.06526540977502636,1,71.667203296,73.64333542971988,59.448938279061004,16.91915083698947
