obj_vals,opt_results,opt_runtime,param_1,param_2,param_3
0.06519233971187503,1,73.174779624,87.84902784035062,54.98749037429399,16.37671242037775
