obj_vals,opt_results,opt_runtime,param_1,param_2,param_3
0.06523145506337752,1,90.22447422,84.88113309513487,55.62464622180173,16.254533760216784
