obj_vals,opt_results,opt_runtime,param_1,param_2,param_3
0.06519930699814958,1,82.29906872,85.7388865181696,54.14573519314371,16.122123715600654
