obj_vals,opt_results,opt_runtime,param_1,param_2,param_3
0.06523145480692319,1,73.485937458,84.88688250905952,55.6232322624629,16.255290721915085
