obj_vals,opt_results,opt_runtime,param_1,param_2,param_3
0.06523145505071677,1,94.883418834,84.88138244370548,55.62459245745024,16.254569977761644
