obj_vals,opt_results,opt_runtime,param_1,param_2,param_3
0.0652314543782532,1,65.336044845,84.91136046194634,55.620086090715866,16.25897840006306
