obj_vals,opt_results,opt_runtime,param_1,param_2,param_3
0.06523145564795757,1,72.34907621,84.90937175758566,55.608599341777314,16.258016308832552
