obj_vals,opt_results,opt_runtime,param_1,param_2,param_3
0.06532435891551402,1,57.543256314,69.12239560568801,68.91205480126416,16.821408970601322
