obj_vals,opt_results,opt_runtime,param_1,param_2,param_3
0.06523145464913879,1,56.773916873,84.8901671344834,55.62563437332586,16.255996680133173
