obj_vals,opt_results,opt_runtime,param_1,param_2,param_3
0.0652314547498919,1,79.737536261,84.88817352701963,55.62345111538312,16.255557391095813
