obj_vals,opt_results,opt_runtime,param_1,param_2,param_3
0.0652644550020227,1,78.636077021,73.80997454594844,59.59923419654104,16.94202971364455
