obj_vals,opt_results,opt_runtime,param_1,param_2,param_3
0.0652314546174333,1,83.02881229,84.93131765836209,55.63100176057161,16.262654066515914
