obj_vals,opt_results,opt_runtime,param_1,param_2,param_3
0.0652627354585945,1,100.471305992,74.35005729977595,60.091699297927335,17.006753904033335
