obj_vals,opt_results,opt_runtime,param_1,param_2,param_3
0.06523145439329561,1,74.112944754,84.90219123290137,55.6217005592953,16.25765793271391
