obj_vals,opt_results,opt_runtime,param_1,param_2,param_3
0.06523145629720932,1,51.53489314,84.95859216924585,55.616782459598376,16.26613607693077
