obj_vals,opt_results,opt_runtime,param_1,param_2,param_3
0.06519233971187731,1,75.454131485,87.84899863599827,54.98750195464712,16.376697734436846
