obj_vals,opt_results,opt_runtime,param_1,param_2,param_3
0.06519563347198941,1,88.499310013,86.26041269623374,54.421085497251674,16.34058650746044
