obj_vals,opt_results,opt_runtime,param_1,param_2,param_3
0.06519233971187513,1,114.285668707,87.84903651867313,54.98749133954022,16.37671242889424
