obj_vals,opt_results,opt_runtime,param_1,param_2,param_3
0.06526785663641275,1,85.445573791,73.32480364387865,59.148592011180526,16.900830877577167
