obj_vals,opt_results,opt_runtime,param_1,param_2,param_3
0.06523145437180097,1,81.820679324,84.91119234244695,55.62017557436919,16.258936853981773
