obj_vals,opt_results,opt_runtime,param_1,param_2,param_3
0.06570423931594611,1,28.736710587,76.33594347054503,64.94783543983783,11.768568498667994
