obj_vals,opt_results,opt_runtime,param_1,param_2,param_3
0.06520847956827404,1,79.175944247,85.38251001266885,53.58223609898617,16.60776768339596
