obj_vals,opt_results,opt_runtime,param_1,param_2,param_3
0.0652314612769637,1,135.848204368,84.98808821037085,55.60723870218276,16.27021515327331
