obj_vals,opt_results,opt_runtime,param_1,param_2,param_3
0.065231481798785,1,900.893458759,85.08415611833573,55.64336649955245,16.287161830117867
