obj_vals,opt_results,opt_runtime,param_1,param_2,param_3
0.06532235015366843,1,378.516881538,69.36049083605344,68.42664642100357,16.734681633128858
