obj_vals,opt_results,opt_runtime,param_1,param_2,param_3
0.0652314553490469,1,80.664866009,84.87606374932841,55.62542090968608,16.253731315135877
