obj_vals,opt_results,opt_runtime,param_1,param_2,param_3
0.0652314548989061,1,60.684510745,84.88475845269505,55.62348102821534,16.255019063495123
