obj_vals,opt_results,opt_runtime,param_1,param_2,param_3
0.06531869442954664,1,62.427562345,68.46692984296043,68.49215583552309,16.98255338709693
