obj_vals,opt_results,opt_runtime,param_1,param_2,param_3
0.06526261633394381,1,64.996271971,74.45911637870802,60.16052309108636,17.082379993160377
