obj_vals,opt_results,opt_runtime,param_1,param_2,param_3
0.0653222742094012,1,129.589349446,69.38888666774096,68.46384739390135,16.768475332818458
