obj_vals,opt_results,opt_runtime,param_1,param_2,param_3
0.0652665208459349,1,93.251176245,73.50789022467474,59.27775573045734,16.99846919075446
