obj_vals,opt_results,opt_runtime,param_1,param_2,param_3
0.06532200311574113,1,83.842692718,69.73828414361667,68.82699828772238,16.879206301540897
