obj_vals,opt_results,opt_runtime,param_1,param_2,param_3
0.06523145475491567,1,67.505202284,84.89021218525893,55.62090974673546,16.255748861598967
