obj_vals,opt_results,opt_runtime,param_1,param_2,param_3
0.06531283518877498,1,51.275627583,69.88308645206232,68.35922892595514,17.209225522040796
