obj_vals,opt_results,opt_runtime,param_1,param_2,param_3
0.06523145588979393,1,63.812629678,84.95845499893699,55.624233197320834,16.266491587040587
