obj_vals,opt_results,opt_runtime,param_1,param_2,param_3
0.06523145431230287,1,48.136405436,84.90794157124719,55.62184911569857,16.25853537614304
