obj_vals,opt_results,opt_runtime,param_1,param_2,param_3
0.06531779184193583,1,46.05772443,68.88772483579335,69.05837990086867,17.098698899361693
