obj_vals,opt_results,opt_runtime,param_1,param_2,param_3
0.06523145517045699,1,98.437052598,84.87910618633997,55.62539843755007,16.25425523667887
