obj_vals,opt_results,opt_runtime,param_1,param_2,param_3
0.06523145500223722,1,83.860420259,84.88230306114964,55.624712188143064,16.254725921450216
