obj_vals,opt_results,opt_runtime,param_1,param_2,param_3
0.06523147075646346,1,57.409471371,85.02089320413445,55.59771543574385,16.274773331772924
