obj_vals,opt_results,opt_runtime,param_1,param_2,param_3
0.06523145440069898,1,67.004370994,84.9208602734374,55.63107881091585,16.261065817118624
