obj_vals,opt_results,opt_runtime,param_1,param_2,param_3
0.06523145529324938,1,59.088336039,84.94019300605143,55.61582771069584,16.263241916362617
