obj_vals,opt_results,opt_runtime,param_1,param_2,param_3
0.06523147217215321,1,238.191667524,85.04062455295849,55.608664442922844,16.278450821735145
