obj_vals,opt_results,opt_runtime,param_1,param_2,param_3
0.06523145466359823,1,74.859192331,84.89099391109283,55.622563306315946,16.255953743086565
