obj_vals,opt_results,opt_runtime,param_1,param_2,param_3
0.06523145494644941,1,54.865312271,84.88357425945165,55.62390150828283,16.254811285766642
