obj_vals,opt_results,opt_runtime,param_1,param_2,param_3
0.06531902104364068,1,91.073026086,68.99253406652329,66.51266476085104,16.908187132230932
