obj_vals,opt_results,opt_runtime,param_1,param_2,param_3
0.06519648139046576,1,68.77328051,86.07469994172068,54.39661781915132,16.136430655041625
