obj_vals,opt_results,opt_runtime,param_1,param_2,param_3
0.06532231523213239,1,158.927699813,69.36492156891633,68.45349347598763,16.808331237429744
