obj_vals,opt_results,opt_runtime,param_1,param_2,param_3
0.06527917560576567,1,79.818223526,72.60196089221284,58.29311910351246,17.203308829299058
