obj_vals,opt_results,opt_runtime,param_1,param_2,param_3
0.06523145482317043,1,62.814826651,84.88590994097378,55.62551636429849,16.255258138816544
