obj_vals,opt_results,opt_runtime,param_1,param_2,param_3
0.06526277978860043,1,115.174996687,74.35656798281238,60.03247170053963,17.13898197051702
