obj_vals,opt_results,opt_runtime,param_1,param_2,param_3
0.0652314619630534,1,115.218158195,84.98078694212701,55.60079825305313,16.268708683476532
