obj_vals,opt_results,opt_runtime,param_1,param_2,param_3
0.06527130182741872,1,80.693574555,72.97532514013935,58.86207202132273,16.794853688356298
