obj_vals,opt_results,opt_runtime,param_1,param_2,param_3
0.0653148021198975,1,74.583884916,69.18700458918455,67.2965476841699,17.005846512378906
