obj_vals,opt_results,opt_runtime,param_1,param_2,param_3
0.06528666748034806,1,37.715711121,73.52708314629012,60.179975817919754,15.126735109699517
