obj_vals,opt_results,opt_runtime,param_1,param_2,param_3
0.06530368753466573,1,30.011191475,71.35023588397793,57.836827078760514,15.671237300119376
