obj_vals,opt_results,opt_runtime,param_1,param_2,param_3
0.06526386986469782,1,39.431067197,73.93518775557345,59.71429575455054,16.954915491023918
