obj_vals,opt_results,opt_runtime,param_1,param_2,param_3
0.06523145530846274,1,56.937235787,84.87674607541595,55.62517774859354,16.253864492727015
