obj_vals,opt_results,opt_runtime,param_1,param_2,param_3
0.06523145472576247,1,55.184887675,84.93188390211003,55.61899888784724,16.26207989547773
