obj_vals,opt_results,opt_runtime,param_1,param_2,param_3
0.06526268968073219,1,113.143085963,74.38884358624273,60.084761879928685,17.096835473207907
