obj_vals,opt_results,opt_runtime,param_1,param_2,param_3
0.06531274614165572,1,85.853499406,69.3500165935261,68.51473518162594,17.1330697158002
