obj_vals,opt_results,opt_runtime,param_1,param_2,param_3
0.06523145438992238,1,61.980389817,84.90840991722753,55.62010308370519,16.258512250025355
