obj_vals,opt_results,opt_runtime,param_1,param_2,param_3
0.06523145434548318,1,69.415908799,84.90197561222462,55.62332989788826,16.257696969466775
