obj_vals,opt_results,opt_runtime,param_1,param_2,param_3
0.06523145675380036,1,59.424945907,84.96861143704399,55.62304403940268,16.268010753945486
