obj_vals,opt_results,opt_runtime,param_1,param_2,param_3
0.06526277092099085,1,58.937885145,74.41553026270594,60.06553844980543,17.188086908081722
