obj_vals,opt_results,opt_runtime,param_1,param_2,param_3
0.06526267642324338,1,102.909224012,74.72836993122189,60.39347479282725,17.140135116376772
