obj_vals,opt_results,opt_runtime,param_1,param_2,param_3
0.06532216759141889,1,58.57511464,69.44971798567187,68.52707321299519,16.788232904393734
