obj_vals,opt_results,opt_runtime,param_1,param_2,param_3
0.06523145452631586,1,66.983589508,84.92564400149554,55.619895057067104,16.26121762249266
