obj_vals,opt_results,opt_runtime,param_1,param_2,param_3
0.06523145490578615,1,100.321016485,84.88418606838319,55.62557677071573,16.255066360238786
