obj_vals,opt_results,opt_runtime,param_1,param_2,param_3
0.0652314543816286,1,58.832703061,84.9121360509706,55.61998319898792,16.259079738694712
