obj_vals,opt_results,opt_runtime,param_1,param_2,param_3
0.06533029115969156,1,113.461727122,71.85824856547546,71.61420246193639,17.804457340990798
