obj_vals,opt_results,opt_runtime,param_1,param_2,param_3
0.06526259437305022,1,61.373078552,74.52235832996877,60.2340331947912,17.05713690286154
