obj_vals,opt_results,opt_runtime,param_1,param_2,param_3
0.06523145484731163,1,86.939236488,84.9249170984986,55.6154702645353,16.26083855796782
