obj_vals,opt_results,opt_runtime,param_1,param_2,param_3
0.06526265005120922,1,89.314342894,74.50298024060119,60.15930395296977,17.170673009825762
