obj_vals,opt_results,opt_runtime,param_1,param_2,param_3
0.06523146137191785,1,67.309212233,84.98917841513783,55.607555909356655,16.270372637747887
