obj_vals,opt_results,opt_runtime,param_1,param_2,param_3
0.06523145470868157,1,53.35550937,84.88952266760393,55.622943585612,16.255756770456347
