obj_vals,opt_results,opt_runtime,param_1,param_2,param_3
0.06523147299739968,1,65.26071372,85.02648370978245,55.59519551997734,16.27550804584059
