obj_vals,opt_results,opt_runtime,param_1,param_2,param_3
0.06532238091432785,1,306.453792049,69.33862547257937,68.41212172548228,16.754371252259595
