obj_vals,opt_results,opt_runtime,param_1,param_2,param_3
0.06523152780367475,1,190.670011166,85.19454497926249,55.63438525307567,16.303864930102698
