obj_vals,opt_results,opt_runtime,param_1,param_2,param_3
0.06532238736833937,1,133.397664716,69.33517198044649,68.40938410258755,16.756052663452728
