run,obj_vals,opt_converged,opt_runtime,is_best_vec,param_1,param_2,param_3,param_4,param_5,param_6,param_7
1,0.08149852484415848,0,7253.052241269,0,159.8831503925559,70.02637112404749,6.403365914037785,95.57794460928191,89.35320431282959,1.387701805160193,60.839953670378826
2,0.0806716364078098,1,395.523296673,1,124.43518879737361,77.20719962387079,2.8000178224137344,112.21891150601665,75.18308550084602,1.925275355953918,55.41899439031089
