run,obj_vals,opt_converged,opt_runtime,is_best_vec,param_1,param_2,param_3,param_4,param_5,param_6,param_7
1,0.08162630961261767,1,417.865529028,1,107.31518701029209,92.61246308873865,-15.587623777874809,97.22577274800993,65.39823887976989,1.561290735650533,46.40745281634632
2,0.09661329009988918,0,7248.157656796,0,129.4814629029499,114.21548386668289,1.7775096092970994,58.15611931002649,73.6063783744595,29.89330682395687,16.03996617174215
