run,obj_vals,opt_converged,opt_runtime,is_best_vec,param_1,param_2,param_3,param_4,param_5,param_6,param_7
1,0.08268993570503413,1,573.858323834,0,82.60775515750889,89.68649305220967,7.727627740048647,194.07706893417574,60.4932132470095,98.86273174991261,48.64732380790205
2,0.08252027256431275,1,1001.600256365,1,83.65050110629049,88.68434260475289,7.47592912527474,203.67696666487024,61.68216972902342,116.99829112483714,52.6143780940452
