run,obj_vals,opt_converged,opt_runtime,is_best_vec,param_1,param_2,param_3,param_4,param_5,param_6,param_7
1,0.07809398220402192,1,158.237635118,0,134.0084263919587,90.73781703914533,17.87469478640914,101.9691524823698,89.99063095287991,6.074890129338938,42.65343935353326
2,0.07732549140107216,1,390.944249161,1,133.55973780581934,92.66006803333006,17.83480889818159,104.94877643674373,77.92930494442301,14.556596438452733,42.834150322603
