run,obj_vals,opt_converged,opt_runtime,is_best_vec,param_1,param_2,param_3,param_4,param_5,param_6,param_7
1,0.07925001048634972,1,234.950648324,0,122.89997331116727,89.3070792056108,16.332184750181344,105.12133460295206,141.82266112807474,10.102547541495731,44.61953371960453
2,0.07809275138415257,1,1618.80538603,1,112.40478003394126,90.46653500386897,12.970957282264083,183.91960836836654,108.30744389485612,1.6683447498603674,43.76343996426512
