run,obj_vals,opt_converged,opt_runtime,is_best_vec,param_1,param_2,param_3,param_4,param_5,param_6,param_7
1,0.07463951535392704,0,7233.055596073,0,154.84849637381802,48.84806625372087,-21.1745295605496,90.92135042037138,28.79833868369629,52.085159336698815,65.53695316325418
2,0.07344565082901269,1,156.747458085,1,136.87754987699068,48.4566109276775,-30.553534089461962,212.93513017228705,36.38707967128816,87.39902028432576,72.41446667153285
