run,obj_vals,opt_converged,opt_runtime,is_best_vec,param_1,param_2,param_3,param_4,param_5,param_6,param_7
1,0.08909284970448174,1,306.516821163,0,87.10532551523032,79.13953849734823,-5.150333927638258,69.31522194963044,40.74361356667641,18.046460604150155,44.91817576867136
2,0.08909284968106343,1,349.494834152,1,87.07734323570355,79.14728950950733,-5.156534141206282,69.31101682626762,40.74603498296292,18.045006273658483,44.914021731742274
