{
    "fe_w2": 0.0,
    "delta": 0.9,
    "mu": 46.992648073193884,
    "fe_late": 0.0,
    "fe_w1": 0.0,
    "fe_w3": 0.0,
    "beta_e": 681.8122329400187,
    "prob_respond_alpha": 1.0,
    "gamma_01_factor": 1.0,
    "fe_w4": 0.0,
    "sigma_dt": 6.4824368578337905,
    "alpha": 614.6051625357883,
    "fe_early": -26.673856752615517,
    "beta_l": 458.56930382465623,
    "gamma": 64.04952115117321,
    "prop_to_wage": 0.0
}
