run,obj_vals,opt_converged,opt_runtime,is_best_vec,param_1,param_2,param_3,param_4,param_5,param_6,param_7
1,0.0752453831443327,1,2860.961044601,1,108.36392033026247,94.00389489786265,-4.876472337263638,67.46630532296831,39.66025207665939,28.372894208137684,48.82272788324041
2,0.07524542900793285,0,3641.268310114,0,108.13676677939964,94.05208091160809,-4.925637567657372,67.43860260459053,39.651303601964656,28.37145276862631,48.782652112412855
