run,obj_vals,opt_converged,opt_runtime,is_best_vec,param_1,param_2,param_3,param_4,param_5,param_6,param_7
1,0.07543993185591381,1,319.799126386,0,106.88634070429038,85.38929560222324,-7.9953465596263875,76.48884763669265,38.656327639818,31.335583016418536,49.87079475286368
2,0.07543990772513483,1,556.836628553,1,106.90054069513496,85.38657759683704,-7.991016268385677,76.46774239705495,38.664877545578676,31.307843772821908,49.874251078391005
