run,obj_vals,opt_converged,opt_runtime,is_best_vec,param_1,param_2,param_3,param_4,param_5,param_6,param_7
1,0.08084475472533553,1,421.585466128,0,97.20572029693777,84.38602710821026,-11.48911140911499,113.98326265861314,58.7296180914794,12.053007387261724,43.793563474121505
2,0.08084436590282411,1,435.371457756,1,98.25881477995908,84.02629888343128,-11.527850012858536,114.18286987980255,58.85183042596118,12.146916782063206,43.94514132043987
