run,obj_vals,opt_converged,opt_runtime,is_best_vec,param_1,param_2,param_3,param_4,param_5,param_6,param_7
1,0.0798578896397718,1,258.866803961,1,86.88578440053759,96.66355059755976,-20.406348822541663,97.43500249102321,57.756038217828014,15.704757838098608,41.95017615489272
2,0.09992948858033665,0,7243.156538913,0,129.5079064472703,116.77103230981928,0.5183339344533211,55.1737590664847,72.86339776629934,31.134299332969515,15.68459878263322
