run,obj_vals,opt_converged,opt_runtime,is_best_vec,param_1,param_2,param_3,param_4,param_5,param_6,param_7
1,0.07162608324947692,1,679.764724126,1,142.35763530866444,82.66186100353048,0.21346879464458823,69.80182436019562,70.58117608709892,17.679563931387793,38.79041247358936
2,0.07163814749741237,1,561.939256104,0,140.05929194482985,82.73750602137987,-0.39680273858954135,68.64589061648785,69.13536960389318,17.806368499957618,38.34919803748075
