run,obj_vals,opt_converged,opt_runtime,is_best_vec,param_1,param_2,param_3,param_4,param_5,param_6,param_7
1,0.07047591522492797,1,483.474255749,1,152.52142738092326,88.32920408790977,-2.498654350986645,71.4271148222024,86.24906046430866,13.250007141452315,44.62473556218716
2,0.07047629475029925,1,731.505418816,0,151.77368016904708,88.2789199108574,-2.548781335827879,71.93924976653905,86.87106038589556,13.6467245888104,44.515198381814024
