run,obj_vals,opt_converged,opt_runtime,is_best_vec,param_1,param_2,param_3,param_4,param_5,param_6,param_7
1,0.07838822620041132,1,468.323520638,1,139.64886531904574,70.07603821373375,-3.4161485070226814,61.329089207031046,65.96821441086698,20.53250439786988,62.713159982759656
2,0.07838822964711407,1,442.213227901,0,139.4816931382705,70.12197812831623,-3.4389418159867957,61.284771839177715,65.92169801070516,20.498266865230693,62.69672690019577
