run,obj_vals,opt_converged,opt_runtime,is_best_vec,param_1,param_2,param_3,param_4,param_5,param_6,param_7
1,0.07804318749820241,0,7256.115782087,1,154.46387625054604,77.5036301938209,-7.313464341438504,61.908150716730866,66.8494721420841,24.38560758317751,63.260219481565
2,0.10348478643635943,0,7256.2138438,0,129.37705130480893,116.79582280387535,2.176460310341119,52.73020590102496,72.61367930758499,31.60546768942633,15.293929926997329
