iteration,param_1,param_2,param_3,param_4,param_5,param_6,param_7
1,50.830249501233794,104.15270917174364,0.0,59.714674185787,33.697695696360675,14.897453120826778,29.041848823839057
2,65.16310664244901,112.72251552288152,0.0,60.16911077286537,34.6587961064278,26.265698994027375,33.852287915459314
3,132.6920312722777,122.38884641839722,0.0,40.923809341006084,50.50773589790797,29.009419219429233,23.14038273983178
4,83.37507672915584,112.1378291620897,0.0,43.04762316885813,36.06218598711025,20.53592794769446,26.275707187211196
