run,obj_vals,opt_converged,opt_runtime,is_best_vec,param_1,param_2,param_3,param_4,param_5,param_6,param_7
1,0.08252142833247943,1,653.74943885,0,125.23730301245843,82.4962174981549,-19.31100874500207,91.85695802653119,63.66546238066838,30.99296712657634,50.91115559018375
2,0.08252097474373761,1,542.389702597,1,125.97577076861894,82.26361112119055,-19.36340703882529,92.04602068893885,63.731495864817525,31.10853907546002,51.02134377127801
