{
    "fe_w2": 0.0,
    "delta": 0.9,
    "mu": 43.71206163029537,
    "fe_late": 0.0,
    "fe_w1": 0.0,
    "fe_w3": 0.0,
    "beta_e": 341.80643717034576,
    "prob_respond_alpha": 1.0,
    "gamma_01_factor": 1.0,
    "fe_w4": 0.0,
    "sigma_dt": 29.045300816487504,
    "alpha": 487.9339173715108,
    "fe_early": -26.224807056271114,
    "beta_l": 870.5390127330836,
    "gamma": 53.05517514984742,
    "prop_to_wage": 0.0
}
