run,obj_vals,opt_converged,opt_runtime,is_best_vec,param_1,param_2,param_3,param_4,param_5,param_6,param_7
1,0.08061491833228271,1,660.318157628,1,125.30459039594206,55.08429399366274,-26.234963305625698,172.35757304513157,48.26369983266392,61.324582779583984,46.81402299171609
2,0.0807718259102895,0,7242.954400862,0,128.6958956166433,54.168460007246686,-24.57100266876799,108.6692844965927,53.830401965379664,48.99473784377347,46.449895543466475
