run,obj_vals,opt_converged,opt_runtime,is_best_vec,param_1,param_2,param_3,param_4,param_5,param_6,param_7
1,0.08393531750383275,1,438.299460675,1,47.148610924831374,79.64954027248349,-23.38996806072297,102.21983884819447,239.05516464375424,2.171198739730265,35.4727972893678
2,0.08441665433000974,1,168.900242671,0,52.016917629595774,76.20400587596477,-20.236714421655105,66.32755395940703,219.50677408594717,5.599229912747806,36.50197711057925
