run,obj_vals,opt_converged,opt_runtime,is_best_vec,param_1,param_2,param_3,param_4,param_5,param_6,param_7
1,0.07212986173179989,1,424.541404066,0,115.742680225653,75.02971638049993,-13.464932171527275,73.70931901684322,54.47845995906404,24.472032515374675,50.36686769651089
2,0.07212957138351853,1,647.24422704,1,115.47533711110597,75.10506360024556,-13.625208304527403,74.97346875305988,54.09159744311239,24.71450078687585,50.34007650890009
