run,obj_vals,opt_converged,opt_runtime,is_best_vec,param_1,param_2,param_3,param_4,param_5,param_6,param_7
1,0.08053922825162534,1,679.989489996,1,123.67311127963463,98.1568534734371,-23.13863083175991,87.38518083706462,57.907220680760275,16.200905694317516,65.94145260859698
2,0.08054065813382916,1,494.238619807,0,121.87778463858092,98.98294883490573,-22.82797847955259,88.78158284269107,57.71224455653242,16.37825133477106,65.62402660829524
