run,obj_vals,opt_converged,opt_runtime,is_best_vec,param_1,param_2,param_3,param_4,param_5,param_6,param_7
1,0.07763330292815783,1,1222.368628146,1,65.20394306064638,61.06910635881223,-12.128679917612311,81.46516459641113,40.10560263726351,11.90806200725725,32.236126289581215
2,0.07774759943439631,1,138.706600546,0,64.52655765462748,61.238760072436065,-11.808869781848935,71.90788432763784,41.259277600649995,9.3701563296951,32.23151192557012
