run,obj_vals,opt_converged,opt_runtime,is_best_vec,param_1,param_2,param_3,param_4,param_5,param_6,param_7
1,0.07778717839275016,1,199.806450425,0,51.650224583911836,58.860350798502864,-11.341479699320033,108.15955375075369,36.30369543139781,11.791440267146687,30.987114121133548
2,0.07774892837542272,1,612.869921479,1,57.85096495723415,56.36264482671993,-11.75840541979585,81.56823648430851,39.91991339783652,9.89740096750038,32.110403250714405
