{
    "fe_w2": 0.0,
    "delta": 0.9,
    "mu": 75.99947684610872,
    "fe_late": 0.0,
    "fe_w1": 0.0,
    "fe_w3": 0.0,
    "beta_e": 378.3921394109318,
    "prob_respond_alpha": 1.0,
    "gamma_01_factor": 1.0,
    "fe_w4": 0.0,
    "sigma_dt": 4.696057785181511,
    "alpha": 427.78516518877785,
    "fe_early": -17.29178311918668,
    "beta_l": 308.6201490713254,
    "gamma": 100.28379075060549,
    "prop_to_wage": 0.0
}
