run,obj_vals,opt_converged,opt_runtime,is_best_vec,param_1,param_2,param_3,param_4,param_5
1,0.08486403358687171,1,799.083918405,1,267.23700919850364,71.42988735028457,59.60765103732449,28.019746601892116,70.00966587424577
2,0.08489748804023614,1,229.278839938,0,267.8168452570917,72.47386123275443,57.40458405454894,45.62392610424872,70.10680833214217
