run,obj_vals,opt_converged,opt_runtime,is_best_vec,param_1,param_2,param_3,param_4,param_5,param_6,param_7
1,0.08353381161872533,1,477.271353681,1,143.6716546392571,67.87977385255384,-6.329525903911571,60.95587097562622,57.60254519946829,21.38340437300509,54.6758537415184
2,0.0835341049628758,1,718.718658464,0,144.1688276065352,67.68004350560153,-6.2342689909011035,60.999836526799385,57.5711047887256,21.332787797622213,54.58218931970371
