run,obj_vals,opt_converged,opt_runtime,is_best_vec,param_1,param_2,param_3,param_4,param_5,param_6,param_7
1,0.08221407303250436,1,656.611166003,0,158.06059332847585,51.38523814376525,-4.073622775233239,100.84879337625225,58.89102934433658,21.717447656467208,58.400114704995474
2,0.08220292287622344,1,1016.052714428,1,154.66982713033852,52.492857721230735,-4.45874516390912,101.26070927037536,58.46865830444841,22.757122224983252,58.06566365785472
