run,obj_vals,opt_converged,opt_runtime,is_best_vec,param_1,param_2,param_3,param_4,param_5,param_6,param_7
1,0.08112307177707102,1,513.685500454,1,129.79927992459608,70.79824221873396,-7.248655019439832,139.3707736574647,189.3968424207597,87.77946994281271,52.10767516550902
2,0.08112580922938643,1,268.615355073,0,129.9985964502573,70.69233494930849,-7.243017962349752,136.20814683775242,184.9046956638899,84.63832286885454,52.02091343346228
