run,obj_vals,opt_converged,opt_runtime,is_best_vec,param_1,param_2,param_3,param_4,param_5,param_6,param_7
1,0.08407424519035032,1,424.681004841,1,129.16132659742277,55.28319985616239,-13.52476797491536,95.59951064986801,48.91843843685795,22.113933420189415,37.17532512635251
2,0.08407428926473995,1,1766.14118622,0,129.15279024547579,55.27820872304537,-13.544708436106488,95.39582586383794,48.895825864159235,22.159508901927683,37.172664099217684
