run,obj_vals,opt_converged,opt_runtime,is_best_vec,param_1,param_2,param_3,param_4,param_5,param_6,param_7
1,0.08387187341736119,1,249.040175463,0,124.41410152906126,57.61932690405095,-9.013430685678403,85.78407190052103,44.86735762924788,29.4048263360984,33.578797376167664
2,0.0838680158236402,1,348.688235067,1,124.62265781486883,57.568572108421456,-9.191257548728368,85.97034026093927,45.35594325102325,27.218013587274136,33.676316811337486
