run,obj_vals,opt_converged,opt_runtime,is_best_vec,param_1,param_2,param_3,param_4,param_5,param_6,param_7
1,0.08186773459206666,1,268.642104084,0,51.898355697838404,43.97116009977915,-6.391341681488614,344.5081479000748,25.443987190692276,22.308673917853397,36.248531230164474
2,0.08184421861486949,1,600.149203035,1,52.20276926700398,43.73253292151251,-6.593262293902231,245.5758063410677,26.420478287186658,20.394377661852026,36.31279856871622
