run,obj_vals,opt_converged,opt_runtime,is_best_vec,param_1,param_2,param_3,param_4,param_5,param_6,param_7
1,0.08161885581673894,1,3030.123849437,0,55.24390180464258,50.96781100253638,-9.962384979605963,110.71124891805876,30.422060057450665,20.92267801712561,35.550268016584695
2,0.08144648182382769,1,330.541177732,1,54.236344519364806,51.48893424673269,-10.33796879652691,438.0305746503344,28.91955634477905,23.96045584834344,35.78472008632926
