run,obj_vals,opt_converged,opt_runtime,is_best_vec,param_1,param_2,param_3,param_4,param_5,param_6,param_7
1,0.0032384128004919344,1,232.806003397,0,131.56252893725616,28.082291221171037,1.2154989067731163,73.7231989207711,17.8549169166023,8.737640758595932,91.57150220213724
2,0.0032351043758944227,1,477.516412026,1,130.91339242689054,28.2440090822021,1.018757952036213,73.62984827906776,17.87570853667289,8.742960640746903,91.40786447197763
3,0.0032416543028884488,1,316.996739635,0,130.09046089430356,28.443974014666185,0.772397031301942,73.50967872998419,17.9157343998333,8.74717281979645,91.20487978259122
4,0.0032416487190055116,1,322.820476442,0,130.10316843346777,28.440030888567236,0.7758301646903129,73.49925242902368,17.917483262461445,8.747273251888751,91.20891556056948
