run,obj_vals,opt_converged,opt_runtime,is_best_vec,param_1,param_2,param_3,param_4,param_5,param_6,param_7
1,0.08725257380584271,1,484.635498147,0,71.3734721047949,112.65522693302202,-7.841685590486845,63.18572749475102,48.46579185307235,19.76521227746373,42.78921411731053
2,0.08725252345713545,1,819.068372404,1,71.41213643319202,112.54653381265875,-8.049644942115613,63.14431850814284,48.447024725697716,19.732648346821954,42.80566314598677
