run,obj_vals,opt_converged,opt_runtime,is_best_vec,param_1,param_2,param_3,param_4,param_5
1,0.08318215985732397,1,249.349209558,1,250.2615752618712,71.56546414478213,61.911575921700546,10.908427159606036,65.88473982150217
2,0.08321083481325947,1,56.047264043,0,249.95222223939783,70.99486574874011,60.94667461891727,11.554618816087983,65.77490437241124
