run,obj_vals,opt_converged,opt_runtime,is_best_vec,param_1,param_2,param_3,param_4,param_5
1,0.08315312486822515,1,113.067985679,0,296.8927784650255,77.49138304912312,67.73824336298729,8.256979058891467,80.50525422457726
2,0.08315215711546149,1,70.252270927,1,298.5061824215777,77.78400465729388,68.12542374275877,8.208365996770892,80.58598119394586
