run,obj_vals,opt_converged,opt_runtime,is_best_vec,param_1,param_2,param_3,param_4,param_5,param_6,param_7
1,0.07873304147663046,1,310.993050482,1,95.68444735852584,75.90413833990888,-32.6342344637601,110.9923938826291,88.5320566269944,8.198315495886266,46.14625637184948
2,0.07906485573671951,1,421.657652611,0,100.56681675483964,72.88434820517045,-34.6032981539962,71.13874973584718,189.60895601984606,3.3641963679369327,46.9908285137275
