run,obj_vals,opt_converged,opt_runtime,is_best_vec,param_1,param_2,param_3,param_4,param_5,param_6,param_7
1,0.08184586774393855,1,369.142809187,1,115.84689870594224,79.94408783452513,-33.349521863912436,61.48448947121345,90.16945501616756,11.885528097344363,43.0708119666477
2,0.08195127554777368,1,341.881485132,0,113.84524748486065,80.39805500066123,-34.234340873491746,61.969986042559746,82.3506437407666,13.45489640618291,42.69964534788232
