run,obj_vals,opt_converged,opt_runtime,is_best_vec,param_1,param_2,param_3,param_4,param_5,param_6,param_7
1,0.08190284602378116,1,491.122407706,1,255.5152735545202,53.575256650913516,31.827810640212196,100.02455937937275,51.18853596620065,14.34173440663367,61.27478083467523
2,0.081902850897406,1,407.99256563,0,255.52995381452664,53.57450991060686,31.83022354809408,100.03398821187642,51.19087667601803,14.331052091218519,61.27752384677379
