run,obj_vals,opt_converged,opt_runtime,is_best_vec,param_1,param_2,param_3,param_4,param_5,param_6,param_7
1,0.08208021690953472,1,279.091938671,1,77.43584088782644,30.40472583135606,-16.549024928579815,71.7695908377749,42.1666945696877,37.714140926630336,34.8178172169966
2,0.08208021690953472,1,304.169617327,0,77.43584222222881,30.404725988272872,-16.549024340693553,71.76959833113783,42.16669364529123,37.71414727121122,34.81781767561563
