run,obj_vals,opt_converged,opt_runtime,is_best_vec,param_1,param_2,param_3,param_4,param_5,param_6,param_7
1,0.08149047105148068,1,6002.565688562,0,88.6323388378616,37.282304324666406,-20.62586021933062,71.71909496341496,43.68024289029854,36.31165745101071,37.32873220291435
2,0.0814895360299917,1,1561.034836185,1,88.62903077179803,37.3350307539455,-20.585143955747263,72.33238511150645,43.60868329714878,37.10703389579474,37.35502161297935
