run,obj_vals,opt_converged,opt_runtime,is_best_vec,param_1,param_2,param_3,param_4,param_5,param_6,param_7
1,0.07209992045212467,1,1068.995896592,1,151.27592845063404,49.759831207469894,-17.70954731815673,188.1002110964946,42.659817281522656,75.88753451203743,55.15625995748501
2,0.07209992045212496,1,1052.257626931,0,151.27592406660193,49.759832751114196,-17.709541674903754,188.1001285965085,42.65983863171902,75.88761218405303,55.156259472639945
