run,obj_vals,opt_converged,opt_runtime,is_best_vec,param_1,param_2,param_3,param_4,param_5,param_6,param_7
1,0.07262428073333982,1,3476.012325515,1,150.18147100882373,51.832618041091926,-14.499421086341494,149.02037088331883,38.802311001896875,59.12620413252826,48.67540622945864
2,0.07262428073334076,1,3395.531223817,0,150.18147377195316,51.83261686511971,-14.499424108804888,149.0204410786192,38.802303614439445,59.12617753206953,48.675406697198895
