run,obj_vals,opt_converged,opt_runtime,is_best_vec,param_1,param_2,param_3,param_4,param_5,param_6,param_7
1,0.07684129720143383,1,483.30573909,1,68.69195284655375,57.66713276542363,-0.599106769261058,73.16086879738924,19.347481375432647,29.754305116170823,33.94671364835142
2,0.07685476951172582,1,245.010739334,0,69.0656321012928,57.726859131852095,-0.022337459424395675,75.90179872764016,19.567770700730467,28.92916424799463,34.08946214011601
