run,obj_vals,opt_converged,opt_runtime,is_best_vec,param_1,param_2,param_3,param_4,param_5,param_6,param_7
1,0.07692633713270845,1,189.343189364,0,105.99828325836074,52.225804400298976,7.28253584097544,73.95013526726056,21.247141013521126,34.70241811491573,37.575438479682454
2,0.07638674842851033,1,154.127354833,1,74.85170108850238,62.14154207776195,3.1828405079970126,76.7133108643573,22.020822648447414,31.516851477074315,34.49941442511678
