run,obj_vals,opt_converged,opt_runtime,is_best_vec,param_1,param_2,param_3,param_4,param_5,param_6,param_7
1,0.06937697508647538,1,206.99061984,1,73.987205447857,92.75939982973422,19.95147980904178,410.66779800187174,36.23595477358484,241.91095736950132,39.71106457971298
2,0.06940202516065105,1,208.139568518,0,70.7722105343153,93.50079427396807,18.716426562773645,485.25561583229296,38.79901293253843,220.27319833470895,38.934735322940206
