run,obj_vals,opt_converged,opt_runtime,is_best_vec,param_1,param_2,param_3,param_4,param_5,param_6,param_7
1,0.08126550299381324,1,526.514173246,1,123.89440046255636,66.53330453955881,-1.9109775407769507,114.97406874508725,51.71584714523418,16.550984068008987,37.51625260877441
2,0.08127088629129967,1,343.159718815,0,120.88832539396864,67.64567983728507,-1.595384215411367,110.07884518997288,51.60521596644457,16.415580195607763,37.00398883314681
