run,obj_vals,opt_converged,opt_runtime,is_best_vec,param_1,param_2,param_3,param_4,param_5,param_6,param_7
1,0.08129114870424856,1,509.444668385,0,121.30711968616258,69.9852874162364,0.6134535466930895,145.6625404354836,57.57146076236337,12.614564327537455,40.34920272453352
2,0.08129000069880295,1,595.909369237,1,119.1394365792135,70.79372968066198,0.7675523555563011,146.03563081416095,57.55096941986671,12.080666924521418,39.89415718030186
