run,obj_vals,opt_converged,opt_runtime,is_best_vec,param_1,param_2,param_3,param_4,param_5,param_6,param_7
1,0.08251934770836669,1,272.453170939,1,108.34794819061813,89.25936090608694,-6.308305612941418,185.14207649240043,52.04558213121546,55.61481438397862,36.831951047856855
2,0.08262831865858303,1,354.070605954,0,105.47098986554523,90.98263388365653,-6.270715465525488,148.10188864275648,54.70841329713436,63.49497555586773,36.38072130023063
