run,obj_vals,opt_converged,opt_runtime,is_best_vec,param_1,param_2,param_3,param_4,param_5,param_6,param_7
1,0.08423283044105515,1,264.234773342,1,46.23062029827682,67.52266982034547,-21.852987763193905,64.29103422900619,186.13666837324607,19.24476600450069,32.40228430355097
2,0.08425778818068179,1,774.500185038,0,43.39778198823355,68.56799845472678,-21.7511330796976,63.07815949350259,181.09985596696944,19.97914828699617,31.71958724131598
