run,obj_vals,opt_converged,opt_runtime,is_best_vec,param_1,param_2,param_3,param_4,param_5,param_6,param_7
1,0.08528315275700402,0,3636.551381864,1,296.9559861051947,34.13413959176192,21.048662977427316,120.06824040649987,90.54860691218187,41.23930534168108,61.113748467157144
2,0.0853028940460995,1,443.569601365,0,286.5629064880857,35.75688692143077,18.32961210082518,120.49089175728892,86.09019319137377,39.04274576538512,60.477984647874464
