run,obj_vals,opt_converged,opt_runtime,is_best_vec,param_1,param_2,param_3,param_4,param_5,param_6,param_7
1,0.08642303675668593,1,2127.999166959,0,241.98644739359173,55.49099771213006,2.687302760730667,95.47466836918628,72.00784294951296,32.029964988843645,53.816159796368034
2,0.08640322420951546,1,298.355156499,1,239.1574159552222,56.02401094044128,2.2974611880596254,93.68201997717487,72.22335318885993,29.28778182282352,53.62228366098167
