run,obj_vals,opt_converged,opt_runtime,is_best_vec,param_1,param_2,param_3,param_4,param_5,param_6,param_7
1,0.08688962083818513,0,7247.630094832,1,145.5364882660057,66.36866238755066,2.5711996101118753,87.40482517441052,29.52076180131695,38.09340484934076,41.103260044658455
2,0.08703819080220247,0,7236.085583291,0,113.24565332386078,73.6198645949449,-0.3365566440252674,80.90232192593614,45.110597361660126,43.29782084973768,37.0258000703028
