run,obj_vals,opt_converged,opt_runtime,is_best_vec,param_1,param_2,param_3,param_4,param_5,param_6,param_7
1,0.08740915634643642,1,1236.443355375,0,167.55066239395782,65.74803028572816,4.925490418070518,115.32499772752246,27.686058800775374,46.4179930188566,48.33972972924905
2,0.08740415356390321,1,355.785071743,1,153.98663616965362,68.63342184005289,3.1168836656607213,125.00674999209859,31.552974681950253,53.676333597429284,47.482494190877325
