iteration,param_1,param_2,param_3,param_4,param_5,param_6,param_7
1,55.629641786380816,123.9922940024245,0.0,35.399737828051244,43.40918934775543,21.223737897444973,26.221877662186188
2,53.702503375887545,56.04571160637486,0.0,57.69474363979703,74.24198879354174,25.44988812964203,32.052338685657965
3,105.61271570273614,53.21079281362312,0.0,31.0535855336912,25.137753552689457,21.11388951835444,16.552240778393262
4,143.9687438954299,100.59280806776134,0.0,69.98824297472177,65.7509437489041,13.373369969191561,35.66816746134271
