{
    "fe_w2": 0.0,
    "delta": 0.9,
    "mu": 58.64145229901152,
    "fe_late": 0.0,
    "fe_w1": 0.0,
    "fe_w3": 0.0,
    "beta_e": 553.8745907736773,
    "prob_respond_alpha": 1.0,
    "gamma_01_factor": 1.0,
    "fe_w4": 0.0,
    "sigma_dt": 58.75809051925914,
    "alpha": 609.3315734073585,
    "fe_early": -13.901943465935938,
    "beta_l": 282.9832347746763,
    "gamma": 69.97786392725911,
    "prop_to_wage": 0.0
}
