run,obj_vals,opt_converged,opt_runtime,is_best_vec,param_1,param_2,param_3,param_4,param_5
1,0.0812783299950593,1,58.545310432,1,354.13597601509224,76.18377126802905,95.62608024118859,15.898316749667613,82.80653951951113
2,0.08127835293717525,1,394.449884262,0,353.88077066500745,76.11200914740596,95.67985825297431,16.022390836705743,82.79590258305016
