{
    "fe_w2": 0.0,
    "delta": 0.9,
    "mu": 50.01589254695362,
    "fe_late": 0.0,
    "fe_w1": 0.0,
    "fe_w3": 0.0,
    "beta_e": 551.261521056867,
    "prob_respond_alpha": 1.0,
    "gamma_01_factor": 1.0,
    "fe_w4": 0.0,
    "sigma_dt": 64.35106546342216,
    "alpha": 458.830492725274,
    "fe_early": -22.964649743881346,
    "beta_l": 240.03838737902583,
    "gamma": 57.34268041419846,
    "prop_to_wage": 0.0
}
