iteration,param_1,param_2,param_3,param_4,param_5,param_6,param_7
1,79.21562589559505,76.91374579637134,0.0,56.660853468382676,51.8918364941718,35.782691007925436,18.216469204037995
2,56.157115149079104,137.190045247307,0.0,68.78984664808065,48.7679279242971,28.231102312056645,24.101050633058136
3,76.07062330647368,105.65217387349652,0.0,51.30427644132819,60.14384724325805,27.098894415007347,14.446425504538762
4,121.55081439608715,112.7149140765659,0.0,41.93431657163942,64.78998551770185,20.737285413266484,32.86734136819502
