run,obj_vals,opt_converged,opt_runtime,is_best_vec,param_1,param_2,param_3,param_4,param_5,param_6,param_7
1,0.05270561184031179,1,697.125120098,0,88.55739283055243,164.53302288973862,7.35353142982077,74.04333642842977,23.08166120679879,13.127014996433473,71.16727330023228
2,0.052705611760633556,1,561.078441935,0,88.55634073660381,164.53365607343682,7.353385856074333,74.03345847737774,23.081355421152303,13.127062671973736,71.16701709017988
3,0.12382765982877947,1,189.645734524,0,77.53501504262225,108.45248118502771,20.899694277151273,68.64767074411733,23.499267884946068,11.42280056498013,12.382611469872522
4,0.05270561168662044,1,608.157566296,1,88.55866421518733,164.53310581757148,7.3536004470095255,74.03273997101337,23.08164498830302,13.127307006636672,71.16776381561444
