run,obj_vals,opt_converged,opt_runtime,is_best_vec,param_1,param_2,param_3,param_4,param_5,param_6,param_7
1,0.0856145246601803,1,477.637941963,1,310.8285285760717,1.1571775779929219,-49.501419316751075,229.32089184699632,98.63420647818499,92.63454520849194,67.772402025311
2,0.08572378047947445,1,369.595738546,0,307.6737171055239,1.303676525821463,-49.221567381933795,180.60781539069106,108.99358413782743,80.34644111362212,67.19223992668246
