run,obj_vals,opt_converged,opt_runtime,is_best_vec,param_1,param_2,param_3,param_4,param_5,param_6,param_7
1,0.08476254102695686,1,417.38052562,0,443.97578199111155,1.5042076122700443,24.5167120824901,80.79198811702187,52.43729620294727,48.9698608652538,73.25038526924885
2,0.08472804253841529,1,1460.761982065,1,424.74790758430487,3.58793524062751,23.508047931037265,85.62829531854598,49.613256552358266,61.91989781431439,71.9444990866281
