{
    "fe_w2": 0.0,
    "delta": 0.9,
    "mu": 42.302412633125456,
    "fe_late": 0.0,
    "fe_w1": 0.0,
    "fe_w3": 0.0,
    "beta_e": 843.1913344832843,
    "prob_respond_alpha": 1.0,
    "gamma_01_factor": 1.0,
    "fe_w4": 0.0,
    "sigma_dt": 11.748117328269574,
    "alpha": 590.4425854212046,
    "fe_early": -3.8275986366473282,
    "beta_l": 334.8157695142367,
    "gamma": 77.66277459371712,
    "prop_to_wage": 0.0
}
