{
    "fe_w2": 0.0,
    "delta": 0.9,
    "mu": 51.26528803411543,
    "fe_late": 0.0,
    "fe_w1": 0.0,
    "fe_w3": 0.0,
    "beta_e": 472.2958674039946,
    "prob_respond_alpha": 1.0,
    "gamma_01_factor": 1.0,
    "fe_w4": 0.0,
    "sigma_dt": 19.3827363221815,
    "alpha": 394.79442837884676,
    "fe_early": -26.54336003730302,
    "beta_l": 330.68584435164496,
    "gamma": 83.77530216509774,
    "prop_to_wage": 0.0
}
