run,obj_vals,opt_converged,opt_runtime,is_best_vec,param_1,param_2,param_3,param_4,param_5,param_6,param_7
1,0.08048623660706415,1,319.787056956,1,84.43560324540154,60.72635307439065,-3.282782129034041,61.57473718758969,121.98813067697894,10.843373489452956,48.762142662487044
2,0.08064769775018797,1,164.517047385,0,82.31533626551918,61.835612260887636,-3.3410713167838124,61.75359635821904,95.54334867500457,13.512603173502656,48.5267023135667
