run,obj_vals,opt_converged,opt_runtime,is_best_vec,param_1,param_2,param_3,param_4,param_5,param_6,param_7
1,0.0792601590398663,1,352.001336386,0,84.63404689875684,62.07914644882006,-5.552206902104293,63.63480314536026,77.63368099435444,15.830549510457278,43.7023689298079
2,0.07920674700606233,1,588.077612961,1,83.56745776406255,62.525844452589745,-5.449695383889497,65.76302833496777,67.20064884590421,15.145018276722867,43.32586688519066
