{
    "fe_w2": 0.0,
    "delta": 0.9,
    "mu": 58.57805728003686,
    "fe_late": 0.0,
    "fe_w1": 0.0,
    "fe_w3": 0.0,
    "beta_e": 722.0433968602539,
    "prob_respond_alpha": 1.0,
    "gamma_01_factor": 1.0,
    "fe_w4": 0.0,
    "sigma_dt": 31.848629343546904,
    "alpha": 789.9933042961593,
    "fe_early": 2.927202338574285,
    "beta_l": 532.9956350152936,
    "gamma": 73.80077830726023,
    "prop_to_wage": 0.0
}
