run,obj_vals,opt_converged,opt_runtime,is_best_vec,param_1,param_2,param_3,param_4,param_5,param_6,param_7
1,0.0840806135115364,1,858.008198813,0,328.869010314696,27.450437034161705,37.880042768376185,710.7647038106744,54.84634956424762,135.5628480778691,61.907083680533134
2,0.08320977071003571,1,563.884851752,1,334.13104657690604,25.448289016314344,36.804660743467224,2085.92974314872,49.40910569086291,118.10035446401078,61.63987847230948
