run,obj_vals,opt_converged,opt_runtime,is_best_vec,param_1,param_2,param_3,param_4,param_5,param_6,param_7
1,0.0843362390475509,1,248.302275143,0,144.99804534898746,68.46076607880069,-4.224085411391223,70.85618427062767,47.344844888579686,12.194659104372308,42.51221393315708
2,0.08433393576940337,1,358.519103215,1,144.47150104373478,68.55972307575847,-4.7136390109532735,71.61313605959681,47.47071132030818,12.195402939043344,42.49863367315111
