run,obj_vals,opt_converged,opt_runtime,is_best_vec,param_1,param_2,param_3,param_4,param_5,param_6,param_7
1,0.08412895090294165,1,657.001036451,0,169.0801715114429,62.34848604088367,-8.33955016666247,75.96580419151223,49.90785925278949,10.084333068394713,50.06808209853718
2,0.08412895076742201,1,531.87527751,1,169.08611593615305,62.347039665119894,-8.336923608461435,75.96624695127626,49.908072263688936,10.084209853423387,50.06873765174375
