run,obj_vals,opt_converged,opt_runtime,is_best_vec,param_1,param_2,param_3,param_4,param_5,param_6,param_7
1,0.04999495502806377,1,998.50169925,0,26.272424742965196,171.6441507402772,-1.9249053356149177,71.45020110604348,18.030028954951156,14.17417002977289,17.596408652375324
2,0.0499941502105814,1,745.418023878,0,25.219942070639007,171.47316457819377,-2.045715330994685,70.70378967649481,18.006825293868594,14.159765183501678,17.342773437668697
3,0.06956583509257554,1,499.393900651,0,373.32121613356486,126.31012136171067,-58.76609287136766,6.476008648014272,2.232537067871219,2.604039504172082,48.36243382913867
4,0.049957339343385185,1,780.431763472,1,24.74217088974642,170.08481285346792,-1.952839842162359,71.00093949067008,18.00938962723824,14.110884586923301,16.749594307189138
