iteration,param_1,param_2,param_3,param_4,param_5,param_6,param_7
1,120.95883389600908,91.33761231267479,0.0,63.318644071622685,43.868079804346415,15.826318823970349,31.802559950490544
2,59.678047649538236,132.41519701084772,0.0,57.596265817644934,38.10931448708264,17.7576871564473,27.016046569160103
3,54.88976379980064,50.37278598577183,0.0,44.77547920817713,58.37132698429883,18.09696030885882,31.86924751355551
4,116.87862542256408,128.21023205012904,0.0,70.66579251303462,34.16873349626072,19.460011742971993,32.886204915424514
