run,obj_vals,opt_converged,opt_runtime,is_best_vec,param_1,param_2,param_3,param_4,param_5,param_6,param_7
1,0.08505583154451861,1,277.484053903,1,154.74301079573323,78.37584149274818,-28.086299087042295,65.20234136170464,162.976722745181,15.013155621629538,78.3367234173536
2,0.08526301110775235,1,305.78313053,0,156.66491562244198,75.84384837035645,-27.305304094672223,63.97290966292514,419.7380529015431,14.742006288478182,77.69275185646076
