run,obj_vals,opt_converged,opt_runtime,is_best_vec,param_1,param_2,param_3,param_4,param_5,param_6,param_7
1,0.08558217596052253,1,365.848135203,1,131.06008891029825,65.43849790544884,-17.387279809281804,61.82761352954522,160.86391208669463,15.124057935325075,81.13305864553708
2,0.12807427945003558,0,7233.149819108,0,131.6338082572682,111.85510876060732,3.5744749263821882,56.54251287963047,73.6508625506032,27.582260348809147,15.879453911004044
