run,obj_vals,opt_converged,opt_runtime,is_best_vec,param_1,param_2,param_3,param_4,param_5,param_6,param_7
1,0.08152839568119839,1,268.001734837,1,117.76601207632703,79.0365103439841,-22.846420690883665,115.86592080647056,39.53493038291498,23.00910344755254,39.700807548893934
2,0.08157237616877995,1,315.958261356,0,112.75975985961276,81.11139285395195,-25.584493066428546,96.83756286942466,41.37311027642991,16.622603278020353,39.50718299442359
