run,obj_vals,opt_converged,opt_runtime,is_best_vec,param_1,param_2,param_3,param_4,param_5,param_6,param_7
1,0.08205816106820962,1,3199.617963309,1,140.65193583426168,57.532942155264585,-9.337767646014276,89.08752964245627,55.68060037649643,32.79507364317815,44.70779450405014
2,0.08270205883483432,1,327.250017591,0,143.84718989157165,58.61446295761108,-7.047059538530719,95.22243529527178,101.19773279846058,52.19772265250654,46.321560560004514
