{
    "fe_w2": 0.0,
    "delta": 0.9,
    "mu": 46.68432534752709,
    "fe_late": 0.0,
    "fe_w1": 0.0,
    "fe_w3": 0.0,
    "beta_e": 331.3282476525487,
    "prob_respond_alpha": 1.0,
    "gamma_01_factor": 1.0,
    "fe_w4": 0.0,
    "sigma_dt": 12.646750726408522,
    "alpha": 628.5051027445875,
    "fe_early": 13.037381379739076,
    "beta_l": 394.60826585916607,
    "gamma": 70.17937684102664,
    "prop_to_wage": 0.0
}
