{
    "fe_w2": 0.0,
    "delta": 0.9,
    "mu": 78.0001398563965,
    "fe_late": 0.0,
    "fe_w1": 0.0,
    "fe_w3": 0.0,
    "beta_e": 370.5230056059081,
    "prob_respond_alpha": 1.0,
    "gamma_01_factor": 1.0,
    "fe_w4": 0.0,
    "sigma_dt": 13.996609057948456,
    "alpha": 755.3851682975658,
    "fe_early": -12.639733268565143,
    "beta_l": 935.4361161717727,
    "gamma": 59.60166692520375,
    "prop_to_wage": 0.0
}
