run,obj_vals,opt_converged,opt_runtime,is_best_vec,param_1,param_2,param_3,param_4,param_5,param_6,param_7
1,0.08091149012911439,1,626.235604068,1,105.88818103411435,78.34371033020335,-26.25873298756107,51.19023089095396,78.55725543226052,24.406380057487507,48.011651422993374
2,0.08092422495072586,1,597.841619172,0,104.05611090421864,79.49879657443147,-25.349011642082733,48.06575530598781,115.4034399558973,25.809933003801806,47.912663857009484
