run,obj_vals,opt_converged,opt_runtime,is_best_vec,param_1,param_2,param_3,param_4,param_5,param_6,param_7
1,0.07939992043695623,1,738.394986443,1,105.75920019576375,68.30610831213212,-31.280040656411373,73.02300323815471,115.79393306096415,9.366100466399772,49.29541325885566
2,0.07948010074148526,1,967.853588378,0,105.77040170239864,68.31064148256337,-31.245514596031978,73.32064948410259,113.25443911710842,9.453374654692148,49.31967550623766
