{
    "fe_w2": 0.0,
    "delta": 0.9,
    "mu": 48.3819860596619,
    "fe_late": 0.0,
    "fe_w1": 0.0,
    "fe_w3": 0.0,
    "beta_e": 1252.0274802016777,
    "prob_respond_alpha": 1.0,
    "gamma_01_factor": 1.0,
    "fe_w4": 0.0,
    "sigma_dt": 221.45288007108624,
    "alpha": 471.9463010886716,
    "fe_early": -0.6168056953479463,
    "beta_l": 1051.0257287804557,
    "gamma": 80.71657868050096,
    "prop_to_wage": 0.0
}
