run,obj_vals,opt_converged,opt_runtime,is_best_vec,param_1,param_2,param_3,param_4,param_5,param_6,param_7
1,0.08324578319960269,1,929.057863717,0,107.9572028530898,83.06655807163338,-5.080656849558471,71.86040478750071,91.63436272184121,7.22512928561387,49.17203314945372
2,0.08179326238166854,1,629.276450354,1,113.38498918555888,82.14617594788946,-3.1303462155104147,68.70759578740609,185.4659065213648,7.032220148161755,49.45936519103099
