run,obj_vals,opt_converged,opt_runtime,is_best_vec,param_1,param_2,param_3,param_4,param_5,param_6,param_7
1,0.08207930367174242,1,177.84959148,0,118.37804198830707,86.78346836152024,-1.9937816932097985,58.040514897629876,68.5648911863556,12.441818022061453,47.94887633952696
2,0.08201034763751722,1,645.997128892,1,119.50100444939437,85.53311837407183,-1.7691707918108874,58.18899823332106,157.58907513927957,10.943300270062823,47.969079005666664
