run,obj_vals,opt_converged,opt_runtime,is_best_vec,param_1,param_2,param_3,param_4,param_5,param_6,param_7
1,0.08131943500507086,1,1191.061498861,1,192.46301000349513,57.89152542666431,14.16588498724649,80.5787155754755,55.03026126094967,37.87219150122407,44.231260592390946
2,0.08131945608225823,1,384.280734974,0,192.0118538310348,58.06894876958074,14.088667188459397,80.59112592745703,54.976187278226156,38.22303948467697,44.194382884050206
