run,obj_vals,opt_converged,opt_runtime,is_best_vec,param_1,param_2,param_3,param_4,param_5,param_6,param_7
1,0.08044916032521689,0,3640.001354609,0,244.4919683300892,52.439987677915894,21.25056025137449,91.8670802245726,62.7422980860393,43.831750062777395,54.68525516652885
2,0.08044908486661656,1,560.08130531,1,244.2257101338863,52.52670565025796,21.166849860117882,91.86405728181788,62.56937542718255,43.695886720482456,54.66053098761304
