run,obj_vals,opt_converged,opt_runtime,is_best_vec,param_1,param_2,param_3,param_4,param_5,param_6,param_7
1,0.08397735754021947,1,286.080849052,1,86.13072919638442,110.82801004474926,-1.170682558981732,74.06558824108632,41.98821464368561,19.674420311285516,57.226866780317735
2,0.08397766694886424,1,283.242235942,0,86.73903930397248,110.138298243945,-1.3357353093825408,74.31282073173092,42.02482337678817,19.798475542004347,57.21749282794947
