run,obj_vals,opt_converged,opt_runtime,is_best_vec,param_1,param_2,param_3,param_4,param_5,param_6,param_7
1,0.08372252043000768,1,675.986293649,1,91.14456293111122,121.37844220245675,-7.961782393212822,69.50627028420973,45.644694442828516,20.19907617827547,52.412261444331456
2,0.0837328127587901,1,940.40135406,0,88.6771606125035,120.8336567932914,-9.297257121440165,74.00335817053048,44.52212494945022,22.439054210747194,51.63019685402748
