run,obj_vals,opt_converged,opt_runtime,is_best_vec,param_1,param_2,param_3,param_4,param_5,param_6,param_7
1,0.065067691562989,1,419.421753868,1,62.484392951249944,58.166504209292974,-5.188709490646936,67.82752709933519,19.84202533114077,21.568020538700626,61.9558488625113
2,0.0650678344456422,1,373.052113893,0,62.36134684057647,58.23838218464434,-5.18725029023054,67.78731190275843,19.837072317986777,21.542868370338965,61.91088651756379
3,0.06506775067576274,1,184.121803639,0,62.569980496119946,58.11647751269117,-5.181965798330528,67.72645163667381,19.840196430890597,21.58164488886658,61.97931469286717
4,0.06506820784723358,1,249.833156374,0,62.40554852177853,58.200018728467825,-5.212658344373593,67.58732096604527,19.880392687497498,21.38384945552722,61.9374278818052
