{
    "fe_w2": 0.0,
    "delta": 0.9,
    "mu": 49.78555933873409,
    "fe_late": 0.0,
    "fe_w1": 0.0,
    "fe_w3": 0.0,
    "beta_e": 970.5586518383192,
    "prob_respond_alpha": 1.0,
    "gamma_01_factor": 1.0,
    "fe_w4": 0.0,
    "sigma_dt": 123.2199682065946,
    "alpha": 514.3084119424368,
    "fe_early": 4.632402349139257,
    "beta_l": 285.92217493958975,
    "gamma": 91.92570800529779,
    "prop_to_wage": 0.0
}
