run,obj_vals,opt_converged,opt_runtime,is_best_vec,param_1,param_2,param_3,param_4,param_5,param_6,param_7
1,0.07938239750652082,1,329.177837184,0,94.40606034203114,69.9268773349427,-27.94029357500068,77.0690520119259,104.19919071196392,6.951353628577938,52.318171776239716
2,0.07819540137145663,1,231.529499262,1,103.10678830949108,66.82321603474595,-28.326405994166727,72.32841320505963,184.88630550022054,6.908779534087777,53.714500780453456
