{
    "fe_w2": 0.0,
    "delta": 0.9,
    "mu": 34.53616418674063,
    "fe_late": 0.0,
    "fe_w1": 0.0,
    "fe_w3": 0.0,
    "beta_e": 383.7471837463761,
    "prob_respond_alpha": 1.0,
    "gamma_01_factor": 1.0,
    "fe_w4": 0.0,
    "sigma_dt": 129.99554924264564,
    "alpha": 339.91615591654113,
    "fe_early": 8.998432816693143,
    "beta_l": 281.7610205815507,
    "gamma": 84.50237025325204,
    "prop_to_wage": 0.0
}
