run,obj_vals,opt_converged,opt_runtime,is_best_vec,param_1,param_2,param_3,param_4,param_5,param_6,param_7
1,0.07975860340932384,1,596.196849429,0,112.83125328292644,61.769289711131556,-13.642930587346017,128.08243616713222,76.90931691156509,92.44290039273876,43.563085416610384
2,0.07974111394825323,1,282.671298376,1,112.23004848257422,61.84797301633747,-13.610653513342863,132.13641508041113,80.31611092798218,98.42780881548305,43.56248909969629
