iteration,param_1,param_2,param_3,param_4,param_5,param_6,param_7
1,95.58004419277948,83.15398900561966,0.0,39.91059674789249,73.64945176328972,37.03013576577864,33.37315809037729
2,147.25990957550374,64.35247497980478,0.0,28.237758254644845,72.4284268258952,32.2693385753019,27.35346330977141
3,69.33529582887788,82.04461448079986,0.0,55.550228027734306,50.37364540838605,23.951544621172893,35.346155569587204
4,71.8339466453049,115.02365000219635,0.0,43.200484091121254,60.33353889367681,30.28107849984921,20.967734599782474
