run,obj_vals,opt_converged,opt_runtime,is_best_vec,param_1,param_2,param_3,param_4,param_5,param_6,param_7
1,0.08277583675248365,1,398.19377347,0,116.19783622811589,40.718171213594935,-17.830840527275665,91.11382599879578,55.949089542609975,65.40749357028076,50.20350282430475
2,0.08277583675240331,1,346.093313438,1,116.19780701024544,40.71818193820363,-17.830826904478723,91.11341215262067,55.949175991508575,65.40765802102692,50.20349937642091
