run,obj_vals,opt_converged,opt_runtime,is_best_vec,param_1,param_2,param_3,param_4,param_5,param_6,param_7
1,0.0930868323816384,1,1291.369539207,0,163.22266998678282,94.11299071239225,0.5038806330334199,56.43616938933106,67.06450293945471,20.611531517234276,45.13265544014442
2,0.09308682862701491,1,529.673627188,1,163.56745729831968,94.00710638969105,0.5539607308139832,56.465724705326494,67.07532422799135,20.617072021499947,45.14920806016647
