run,obj_vals,opt_converged,opt_runtime,is_best_vec,param_1,param_2,param_3,param_4,param_5,param_6,param_7
1,0.07720415899361485,0,3643.10697139,1,102.91799482137132,97.06717034871328,-20.768952619594486,89.17686352813134,49.21854061695818,13.54315155110495,48.038712182748895
2,0.07721775196421138,1,197.85319749,0,91.09796852457823,100.84807262459128,-20.01461143872144,85.28595271279978,49.20376763863248,11.476035169038983,46.05749405221748
