run,obj_vals,opt_converged,opt_runtime,is_best_vec,param_1,param_2,param_3,param_4,param_5,param_6,param_7
1,0.07770187556018013,1,223.417945088,1,89.52731523504816,88.16365688463488,-26.204169250941412,100.29455580380184,55.127452771806226,10.41310178084596,48.10092115048767
2,0.07778249204278112,1,469.312651783,0,91.52374344569884,86.75681912596579,-26.63182220734349,121.77862627503342,54.31784646611589,10.507455435762731,48.04047340758876
