run,obj_vals,opt_converged,opt_runtime,is_best_vec,param_1,param_2,param_3,param_4,param_5,param_6,param_7
1,0.08883905548193174,1,416.447852284,1,49.88533468388413,103.64500338060046,-4.949508511244434,115.76360214829604,73.91581238927408,6.635339122564066,57.81872220709796
2,0.0894023790023345,1,235.60491482,0,48.56918074198645,104.22222779345763,-5.314323549507835,126.86531339702955,61.44856072144567,4.845497408056651,57.70451473726993
