{
    "fe_w2": 0.0,
    "delta": 0.9,
    "mu": 27.45411131319787,
    "fe_late": 0.0,
    "fe_w1": 0.0,
    "fe_w3": 0.0,
    "beta_e": 430.14562781150266,
    "prob_respond_alpha": 1.0,
    "gamma_01_factor": 1.0,
    "fe_w4": 0.0,
    "sigma_dt": 12.069938044511323,
    "alpha": 313.50404279850665,
    "fe_early": -3.936077703225994,
    "beta_l": 1548.5779732421436,
    "gamma": 57.766541440503794,
    "prop_to_wage": 0.0
}
