run,obj_vals,opt_converged,opt_runtime,is_best_vec,param_1,param_2,param_3,param_4,param_5,param_6,param_7
1,0.05280069635466218,1,1118.62468747,0,39.284443455453406,71.43733448241986,2.339285153301489,106.92046645600871,42.584688743338724,250.86382088133578,39.547169734156526
2,0.052800563556503595,1,676.353707092,0,39.25447369605363,71.4354058190365,2.349531829843635,105.47323362993198,42.663947798883186,252.62395167736804,39.559120026199686
3,0.052800398406844105,1,659.027003832,1,39.258179632962324,71.44605509516556,2.346488650068621,106.05840365110944,42.38438842629529,253.0653972045811,39.54368203310047
4,0.05280056127334873,1,574.769089182,0,39.258307742812214,71.43397597693863,2.350157548023596,105.35379047691211,42.65718992139098,252.47809352821199,39.560766066886245
