run,obj_vals,opt_converged,opt_runtime,is_best_vec,param_1,param_2,param_3,param_4,param_5,param_6,param_7
1,0.05775554633762455,1,249.082223388,0,46.85190667445209,77.50425551085088,0.27746461188386556,66.3418667820785,59.49402238228522,164.95646321603445,42.03691929830533
2,0.057755548731719154,1,274.628272195,0,46.870383953985325,77.50085067055048,0.2741069637019934,66.17218614385314,59.6168949455251,164.5744272335023,42.0400568260606
3,0.05775554452147325,1,276.251099014,0,46.87238948257042,77.50010367315046,0.2769384622044882,66.27862454698612,59.56038251336442,164.64549403230862,42.039558089261845
4,0.057755528724018027,1,401.770503895,1,46.86829898131738,77.50229009408397,0.274073199193383,66.39435728044295,59.49542608803137,164.57336784979776,42.037134408611294
