run,obj_vals,opt_converged,opt_runtime,is_best_vec,param_1,param_2,param_3,param_4,param_5,param_6,param_7
1,0.07203217832209777,1,589.869733337,1,115.84230036020595,79.00369141086277,5.547934595623096,49.8643331215081,80.89457959977338,16.144792298993085,46.14265131468838
2,0.07203219115380403,1,343.500987231,0,115.6325695569921,79.06644092903184,5.534402173091287,49.79086449532943,80.8044908558103,16.169105161290716,46.12021715708112
