run,obj_vals,opt_converged,opt_runtime,is_best_vec,param_1,param_2,param_3,param_4,param_5,param_6,param_7
1,0.002317468314040603,1,414.241594367,0,152.39398385894444,124.74597709684694,-0.29775561532951944,34.49998629401075,69.7989011079702,9.223098155759692,90.28863957547419
2,0.0023174681950176696,1,324.68027058,0,152.39024056455307,124.7469044449079,-0.2977331018911359,34.49971926873721,69.80032870499322,9.223172315302019,90.28761863342666
3,0.0023174680530095772,1,412.917802887,1,152.39237686113978,124.74632883219505,-0.29774494977861027,34.499962018798804,69.7991375549667,9.223101065998282,90.28818296156153
4,0.002317468301722051,1,346.551312037,0,152.39387117173217,124.745959896162,-0.2977078994285332,34.49989761500384,69.80092300732342,9.223130191244081,90.28854758898335
