run,obj_vals,opt_converged,opt_runtime,is_best_vec,param_1,param_2,param_3,param_4,param_5,param_6,param_7
1,0.08548225256155147,1,474.780918862,0,181.17389288683822,36.75408185725211,1.555035937809853,65.30441218325835,54.47568127876209,12.035771703660613,49.158056062190994
2,0.0854822525523881,1,475.156186721,1,181.17839405524538,36.753435855168576,1.5547252963813787,65.30464853821002,54.475626518743105,12.036088974121629,49.15847952083133
