run,obj_vals,opt_converged,opt_runtime,is_best_vec,param_1,param_2,param_3,param_4,param_5,param_6,param_7
1,0.08737742354553817,1,403.429386119,1,190.18975156944202,71.03782270364725,10.354499416248977,55.95318343064621,65.81818020422153,23.51914575419307,51.82102142942816
2,0.08737742391021747,1,442.958810193,0,190.1817515596069,71.04311100647375,10.356498390735995,55.95257994392695,65.81843645684383,23.519764168359828,51.81977897248132
