run,obj_vals,opt_converged,opt_runtime,is_best_vec,param_1,param_2,param_3,param_4,param_5,param_6,param_7
1,0.08001538163640458,1,367.542196463,1,88.7006242190019,73.54457693440861,-20.692328727841993,53.84956219799086,307.993877014098,13.041020857490984,51.20341397286104
2,0.08014184594134768,1,287.643076298,0,91.25524671592012,72.62780014032425,-19.876120543775762,56.08950688674657,159.66728474333556,12.590959988849535,51.48363411985836
