run,obj_vals,opt_converged,opt_runtime,is_best_vec,param_1,param_2,param_3,param_4,param_5,param_6,param_7
1,0.0797202352457096,1,706.939424638,0,88.3938142736458,83.71049010585033,-15.43284999753731,48.33340261288027,148.2078884862492,16.719565593295705,48.16068751856225
2,0.07967174508778722,1,399.552532644,1,90.20109720887318,83.16400170617196,-15.30213651569233,48.67337850033502,123.08869586416264,16.8473318620016,48.45141496237115
