{
    "fe_w2": 0.0,
    "delta": 0.9,
    "mu": 36.96123983364632,
    "fe_late": 0.0,
    "fe_w1": 0.0,
    "fe_w3": 0.0,
    "beta_e": 313.1184264819374,
    "prob_respond_alpha": 1.0,
    "gamma_01_factor": 1.0,
    "fe_w4": 0.0,
    "sigma_dt": 28.041255331495115,
    "alpha": 421.09849654120273,
    "fe_early": -10.992295021161052,
    "beta_l": 232.84791860074117,
    "gamma": 73.27043602202806,
    "prop_to_wage": 0.0
}
