{
    "fe_w2": 0.0,
    "delta": 0.9,
    "mu": 72.30715496741024,
    "fe_late": 0.0,
    "fe_w1": 0.0,
    "fe_w3": 0.0,
    "beta_e": 664.5745719598902,
    "prob_respond_alpha": 1.0,
    "gamma_01_factor": 1.0,
    "fe_w4": 0.0,
    "sigma_dt": 1.048180527461752,
    "alpha": 1248.3135198163718,
    "fe_early": -6.691728599123393,
    "beta_l": 582.6873586927372,
    "gamma": 50.448267822461304,
    "prop_to_wage": 0.0
}
