run,obj_vals,opt_converged,opt_runtime,is_best_vec,param_1,param_2,param_3,param_4,param_5,param_6,param_7
1,0.08839825887959799,1,547.650653747,1,148.53241447832917,96.51559177791681,19.30014148605305,61.33187944752701,59.7539130565022,13.308306885153526,47.883713015652475
2,0.08842890081218711,1,363.566408279,0,142.44846726684492,97.95642628105526,18.80733776163532,60.57341097406697,59.59900940975342,13.251423623142085,46.900201535230615
