run,obj_vals,opt_converged,opt_runtime,is_best_vec,param_1,param_2,param_3,param_4,param_5,param_6,param_7
1,0.0009403933625494943,1,287.550267337,0,103.52196586611103,71.14660108698726,0.25538471261700973,95.97480289883738,53.880278314520766,21.481855936154055,37.72183238006675
2,0.0009403921331881394,1,215.940961163,1,103.51462292247112,71.14860927996273,0.25503783911976224,95.97444265953833,53.88010241480022,21.48157164979826,37.720460935996186
3,0.0009403943910853507,1,303.836132614,0,103.52187227995802,71.14656718200645,0.2552129446312781,95.97808063377227,53.879206273927146,21.479737121220023,37.7218666326702
4,0.000940394567360842,1,194.84469742,0,103.5174842712691,71.14785334572501,0.25525273656473324,95.97428813854205,53.88193648943976,21.48536515028658,37.72106412956235
