run,obj_vals,opt_converged,opt_runtime,is_best_vec,param_1,param_2,param_3,param_4,param_5,param_6,param_7
1,0.0834194651792017,1,451.738584576,0,198.36649044520044,42.51245157616446,-20.410828250110264,128.15862787658074,40.613963069284,64.36069781626254,56.86332222678254
2,0.0831084566662685,1,384.942278618,1,186.7176262054613,44.073236941767185,-25.12754092606994,92.61364065952166,42.2302559782189,33.21198014749523,55.32939226239987
