run,obj_vals,opt_converged,opt_runtime,is_best_vec,param_1,param_2,param_3,param_4,param_5,param_6,param_7
1,0.0804766630903508,1,146.892843472,0,91.33494592846189,104.5854610842191,-1.4314739141052826,96.6113655778654,74.11906769008736,35.70178753359952,45.10250286680447
2,0.08046410432555048,1,733.716647571,1,91.84067507892354,104.30332814421338,-1.4806461980338033,94.1480115004061,73.48164643001293,31.765559103290734,45.254468884021534
