run,obj_vals,opt_converged,opt_runtime,is_best_vec,param_1,param_2,param_3,param_4,param_5,param_6,param_7
1,0.0817130740032175,1,167.220940862,1,88.01600571278772,110.52713157384693,-4.173012600480537,65.47205454669361,64.40452504127715,26.818959530212553,40.34499038100584
2,0.08171466485712246,1,210.870302247,0,91.16600761885304,109.86999269870363,-3.0600342591272147,66.69360715862572,64.94365274215471,28.336249747072394,40.96165294047007
