run,obj_vals,opt_converged,opt_runtime,is_best_vec,param_1,param_2,param_3,param_4,param_5,param_6,param_7
1,0.08816567627883645,1,546.822330236,1,188.8946758577853,103.11527537546488,21.001260537411873,69.43386705581781,54.86121058559566,26.3807828793188,45.10817146131095
2,0.0881657347980744,1,606.325651138,0,188.14003399376372,103.36500015929187,20.876533145068084,69.37094886346895,54.80538651435659,26.43111931381023,45.03125205715969
