run,obj_vals,opt_converged,opt_runtime,is_best_vec,param_1,param_2,param_3,param_4,param_5,param_6,param_7
1,0.08931578605360004,1,531.774550977,1,164.91800044330213,89.37846933622815,15.75582698177841,67.36056642131882,49.968185141298285,28.595100812576245,37.730333502025
2,0.08931624337290617,1,1044.924669824,0,162.43319048059567,90.21365530990022,15.11274286337642,67.2727778796836,50.069847126399424,27.709329880629266,37.526755355259425
