run,obj_vals,opt_converged,opt_runtime,is_best_vec,param_1,param_2,param_3,param_4,param_5,param_6,param_7
1,0.08675562224228049,1,360.056972397,0,155.23846311840043,78.56863792558336,6.296423556107259,323.45544052134187,38.80350497442823,22.85550327547591,51.880701773520244
2,0.08670686519948274,1,203.255445444,1,156.51100188412533,77.8772829093371,6.734327802300526,578.3523796951255,37.574028136713494,24.93206139581895,52.358096397530375
