run,obj_vals,opt_converged,opt_runtime,is_best_vec,param_1,param_2,param_3,param_4,param_5,param_6,param_7
1,0.08336894891186754,1,2184.329776857,1,154.92013922555762,69.12728428754639,-12.709207220356696,106.04794113731343,47.76840214094538,9.769498715201768,52.54416040217892
2,0.08336920359425329,1,3491.311437249,0,154.75021889332933,69.14945966753459,-12.740295297351409,106.14329549200731,47.808469302394954,9.744838394750603,52.54377323063828
