run,obj_vals,opt_converged,opt_runtime,is_best_vec,param_1,param_2,param_3,param_4,param_5,param_6,param_7
1,0.08274063528421866,1,335.867434054,1,156.06782123584915,54.23758339338957,-9.75444720469531,101.56507976607924,54.73960188056112,11.12044386820122,57.009702919002095
2,0.08277339519493376,1,209.446919449,0,159.5778956390512,52.99099360928216,-10.527239828662411,100.66618572183374,55.05454444980587,12.70583425943329,57.288984288027244
