run,obj_vals,opt_converged,opt_runtime,is_best_vec,param_1,param_2,param_3,param_4,param_5,param_6,param_7
1,0.0808700405969486,1,457.299010089,0,129.69427702729706,93.9131311128227,-0.313340349075819,327.685496984214,61.08897873501323,118.59956570080928,62.439076987989566
2,0.08072962366587814,1,4772.949905288,1,129.89416205404456,93.0874028806663,-0.2262264966387699,574.3611419723563,61.02297184010039,169.98247540479386,62.690436722979626
