run,obj_vals,opt_converged,opt_runtime,is_best_vec,param_1,param_2,param_3,param_4,param_5,param_6,param_7
1,0.08517140863673323,1,273.942857545,1,157.5100477739976,78.62207169273321,-4.727715733966582,54.13729205989478,50.21324308772128,21.839269310053343,63.87321372887755
2,0.0851714735297146,1,251.106124449,0,157.6662184787298,78.59059616230218,-4.6872340230025396,54.135521554664564,50.271085433835644,21.782908461102558,63.89487076051402
