run,obj_vals,opt_converged,opt_runtime,is_best_vec,param_1,param_2,param_3,param_4,param_5,param_6,param_7
1,0.07744477332606896,1,632.756471394,1,111.39966255673973,92.49132829726591,0.6590723796842914,58.44005026059254,55.85823194281544,17.890065382632148,57.50117349265293
2,0.10445498068799115,0,7246.808353091,0,129.9317496863562,117.67166647015445,2.381191824213151,53.40462044659405,72.20666596631959,31.15503477683903,15.395978396165118
