run,obj_vals,opt_converged,opt_runtime,is_best_vec,param_1,param_2,param_3,param_4,param_5,param_6,param_7
1,0.07771178928368791,1,1428.556773574,0,122.43304024772294,79.12252503736242,12.64125447734631,61.527149222131094,53.87155693860148,15.604281697378605,61.608440753634405
2,0.07766284014216102,1,544.57196806,1,120.32300757972834,79.58164874086748,11.995917828872356,57.903273550205625,55.74587367562485,13.682972472881525,61.715369499645156
