run,obj_vals,opt_converged,opt_runtime,is_best_vec,param_1,param_2,param_3,param_4,param_5,param_6,param_7
1,0.0723206618242029,1,429.730674807,1,247.4105183723789,80.4244863763529,40.4778460751698,142.5939508839141,51.94371590851928,69.32014281821725,55.048679187872494
2,0.07250090972308912,1,285.161807437,0,228.0045987116445,82.9196163937,30.50168287562233,131.16935197859632,51.38309106291382,54.488407844267826,53.030960630412046
