run,obj_vals,opt_converged,opt_runtime,is_best_vec,param_1,param_2,param_3,param_4,param_5,param_6,param_7
1,0.08266956641462606,1,122.019510262,0,176.03105855864817,75.90018683508298,3.798138513128465,80.43046376788955,38.87715307928861,54.77801471090544,45.71536337659486
2,0.08256845773093112,1,925.597499699,1,194.41531721198194,71.03420449445349,5.6612819958899046,85.37599956353729,38.22976580692527,55.83129379762971,48.69438582647355
