run,obj_vals,opt_converged,opt_runtime,is_best_vec,param_1,param_2,param_3,param_4,param_5,param_6,param_7
1,0.0807767305243907,1,503.439679711,1,260.5144316586146,59.23013817632111,10.310766037085482,100.88406119518883,36.93495166112968,92.76488630967809,63.169180450309064
2,0.0807818823048166,1,333.139362528,0,260.3054065271403,59.08478189076033,10.229834049135412,97.70774156826403,38.053694379471146,84.01864847265826,63.085002009517666
