run,obj_vals,opt_converged,opt_runtime,is_best_vec,param_1,param_2,param_3,param_4,param_5,param_6,param_7
1,0.08133253844049167,1,334.708926882,0,207.42264210123696,34.667465211480504,12.203688059604108,117.02985834658853,60.90306058569576,32.516226039436106,55.76368436924923
2,0.08133145120272453,1,769.336672826,1,207.60033050518402,34.62516340453462,12.085808303760375,116.14968995675169,60.983861822551276,31.71014225043623,55.78744768392681
