{
    "fe_w2": 0.0,
    "delta": 0.9,
    "mu": 54.95042513271963,
    "fe_late": 0.0,
    "fe_w1": 0.0,
    "fe_w3": 0.0,
    "beta_e": 1210.4931567683452,
    "prob_respond_alpha": 1.0,
    "gamma_01_factor": 1.0,
    "fe_w4": 0.0,
    "sigma_dt": 26.74319876815164,
    "alpha": 596.0577549707685,
    "fe_early": -1.8641097478870579,
    "beta_l": 562.7860258239708,
    "gamma": 82.04531887058815,
    "prop_to_wage": 0.0
}
