run,obj_vals,opt_converged,opt_runtime,is_best_vec,param_1,param_2,param_3,param_4,param_5,param_6,param_7
1,0.0864370041851755,1,163.880812497,0,124.41807985950632,63.016051615307966,5.0710123578122355,52.80788728576641,112.70903655115696,23.905379426045187,53.83790041564628
2,0.08597012162472954,1,718.680401921,1,122.88855276681885,62.667007547254514,3.201576046704532,52.43236246136992,314.4422738878453,25.599584423931542,53.39717895558096
