run,obj_vals,opt_converged,opt_runtime,is_best_vec,param_1,param_2,param_3,param_4,param_5,param_6,param_7
1,0.08622106150076853,0,3642.005048247,0,161.89730235631754,83.87621099788467,1.7588828157652256,116.15014875889901,48.10315202944778,62.81276312399326,41.45690284464953
2,0.08612152578367993,1,367.413341882,1,162.09581609631556,84.33512543372619,1.4520215807475214,162.56490014659428,47.228060122912645,71.13333495130863,41.794792192685925
