run,obj_vals,opt_converged,opt_runtime,is_best_vec,param_1,param_2,param_3,param_4,param_5,param_6,param_7
1,0.08500743253360822,1,503.894888161,1,72.15738051416623,123.96476779305296,-11.675414310173046,40.088466809883485,58.53353634631136,24.36099547177977,38.805179237815295
2,0.08500768021840459,1,1184.817951997,0,73.03564677787512,123.3606669342852,-11.971459283494541,40.132853981572325,58.64048046945689,24.246523308478423,39.05600453342567
