run,obj_vals,opt_converged,opt_runtime,is_best_vec,param_1,param_2,param_3,param_4,param_5,param_6,param_7
1,0.08575647362235359,1,218.471356979,1,179.19844008283215,21.785206229409532,-59.87568336241389,79.62858782002024,45.57837823916858,17.843518236341048,49.88138352828982
2,0.0857606345097536,1,542.188918204,0,175.35246700416053,22.735119291583903,-57.567027887532035,79.15586793720477,45.30939539941388,18.553731061363543,49.60682595700574
