iteration,param_1,param_2,param_3,param_4
1,100.81846269003778,140.2231761732771,0.0,22.329972390598634
2,130.81418661316468,116.69574029079067,0.0,29.891374887584167
