run,obj_vals,opt_converged,opt_runtime,is_best_vec,param_1,param_2,param_3,param_4,param_5,param_6,param_7
1,0.07990588285711141,1,210.190193705,0,128.48338927972316,79.96013666955058,7.997002163900389,149.31763537022968,32.483764779371036,60.35113009184976,46.15224497084918
2,0.07819597503883934,0,7234.641661119,1,118.59114590526208,80.15025501903843,6.046031309172305,90.8640374940329,30.91200174211735,45.01596516381626,43.20789202114452
