run,obj_vals,opt_converged,opt_runtime,is_best_vec,param_1,param_2,param_3,param_4,param_5,param_6,param_7
1,0.08151251920822987,1,177.806429596,0,48.1894811494751,83.17393971108679,-10.729282634158935,172.0958146256193,118.39214635563098,6.492259424301721,50.31404472388394
2,0.08121024285218878,1,259.110847355,1,36.797405350339226,92.0380374954057,-7.796839520413018,137.51244710360234,107.98882138176376,7.0304737407639415,46.56305811771899
