run,obj_vals,opt_converged,opt_runtime,is_best_vec,param_1,param_2,param_3,param_4,param_5,param_6,param_7
1,0.07833000976358473,1,840.856858311,1,143.2152125596966,65.54394977169491,-18.427033971563457,121.29432799489369,29.131802481810187,40.97646846014171,64.84634270536392
2,0.07833000976360961,1,789.935913199,0,143.21522099829457,65.5439479255632,-18.427033993428886,121.29435249351734,29.13178376943933,40.9764345223674,64.84634378253773
