run,obj_vals,opt_converged,opt_runtime,is_best_vec,param_1,param_2,param_3,param_4,param_5,param_6,param_7
1,0.08767556625316739,1,669.018349793,1,271.77881100854285,64.18044543988108,45.29678913746657,137.05986110149254,86.20123801827657,64.32834958781402,54.18382115435251
2,0.08767603020779306,1,250.112906828,0,273.06287593897645,64.05298094796323,45.6359688821848,137.43055919254653,86.33542161080975,64.35070309445493,54.27831130330501
