run,obj_vals,opt_converged,opt_runtime,is_best_vec,param_1,param_2,param_3,param_4,param_5,param_6,param_7
1,0.08793045565052476,1,2270.346611817,0,201.7564718507081,71.45887560669172,29.538579499939672,115.65757415550812,66.72552193460463,54.863441641381236,42.72189520068234
2,0.087924282964104,0,3641.554933684,1,200.91288500542467,71.68071661933249,29.290282033912234,107.50351946993408,69.18445518061363,52.41449249957378,42.724574393791116
