run,obj_vals,opt_converged,opt_runtime,is_best_vec,param_1,param_2,param_3,param_4,param_5,param_6,param_7
1,0.08451835565147885,1,476.504798058,1,150.4442270804265,72.40677250468751,-22.060855559660297,87.63681809251227,108.00120227560264,49.27580264776115,61.62074233917046
2,0.08451835568288094,1,386.917009412,0,150.44435537834738,72.4067504492998,-22.06072982705535,87.63617586174898,108.00176635615043,49.27684670813262,61.62074893185031
