obj_vals,opt_results,opt_runtime,param_1,param_2,param_3
0.06581568082294449,1,35.96281016,72.65479370914929,56.13826225401328,9.289882963020752
