obj_vals,opt_results,opt_runtime,param_1,param_2,param_3
0.06527465798941033,1,63.783853382,76.76369592182247,53.774692924081386,20.179052293024526
