obj_vals,opt_results,opt_runtime,param_1,param_2,param_3
0.0651032777763138,1,92.540136018,79.5779826934647,54.37727401639012,16.473212327413407
