obj_vals,opt_results,opt_runtime,param_1,param_2,param_3
0.06529699063893511,1,75.764094876,69.07685037457469,65.3294830011324,17.17206819478781
