obj_vals,opt_results,opt_runtime,param_1,param_2,param_3
0.0652668612886646,1,82.450262263,73.97126875433574,59.10233110041062,16.65064822466531
