obj_vals,opt_results,opt_runtime,param_1,param_2,param_3
0.06526686121775278,1,90.256547735,73.9692542027986,59.10200999025302,16.656494524061248
