obj_vals,opt_results,opt_runtime,param_1,param_2,param_3
0.0653115098270915,1,79.309537504,70.47697031580583,62.958562397895825,17.626230820321254
