obj_vals,opt_results,opt_runtime,param_1,param_2,param_3
0.06529699064007535,1,64.465095837,69.07612857207434,65.32838181154553,17.171388314421762
