obj_vals,opt_results,opt_runtime,param_1,param_2,param_3
0.06528780219237547,1,100.941691099,74.93450005838632,54.58156355771764,18.54585885008567
