obj_vals,opt_results,opt_runtime,param_1,param_2,param_3
0.06526683385200185,1,48.026145095,74.06585736969603,59.10018957006984,16.695927399703454
