obj_vals,opt_results,opt_runtime,param_1,param_2,param_3
0.06526679395231148,1,75.001695387,73.92220369143399,59.047271109120636,16.673536183732416
