obj_vals,opt_results,opt_runtime,param_1,param_2,param_3
0.06526757489987772,1,68.665369604,76.91683205117575,55.67831168214107,19.19083131042129
