obj_vals,opt_results,opt_runtime,param_1,param_2,param_3
0.06526679455276736,1,76.368731034,73.91945440690394,59.045776970788545,16.67304993727273
