obj_vals,opt_results,opt_runtime,param_1,param_2,param_3
0.0652668612178122,1,70.798676685,73.96915895724676,59.10188934577384,16.6565558050534
