obj_vals,opt_results,opt_runtime,param_1,param_2,param_3
0.06509427212323987,1,83.70829097,80.25016546679265,54.50481974969775,16.75286890254767
