obj_vals,opt_results,opt_runtime,param_1,param_2,param_3
0.06529817145694332,1,30.145688105,69.28749269409722,66.19361298131118,17.02751243002417
