obj_vals,opt_results,opt_runtime,param_1,param_2,param_3
0.0659233730156855,1,21.769514783,72.52381890970867,56.12824337228313,8.846735878979063
