obj_vals,opt_results,opt_runtime,param_1,param_2,param_3
0.06509805262726921,1,51.907645274,79.96093938902217,54.50925393894706,16.60553969621532
