obj_vals,opt_results,opt_runtime,param_1,param_2,param_3
0.06552977630089465,1,16.498740047,73.68362873429408,58.908790557501085,10.940697767244817
