obj_vals,opt_results,opt_runtime,param_1,param_2,param_3
0.06529699063982213,1,81.976463808,69.07663806119152,65.32921389656849,17.17112822140823
