obj_vals,opt_results,opt_runtime,param_1,param_2,param_3
0.06524857409085394,1,115.173602788,84.59974979797416,53.761391200592726,17.62217608422458
