obj_vals,opt_results,opt_runtime,param_1,param_2,param_3
0.06569872682599977,1,20.484489167,74.72472417916516,58.675006936662534,9.596363083271001
