obj_vals,opt_results,opt_runtime,param_1,param_2,param_3
0.06526686121774392,1,75.489458978,73.96923623763051,59.102007727774264,16.656514596002015
