obj_vals,opt_results,opt_runtime,param_1,param_2,param_3
0.06512057672427207,1,100.131606403,78.09735169567024,53.09395331378895,16.31013522859995
