obj_vals,opt_results,opt_runtime,param_1,param_2,param_3
0.06526679368005092,1,71.538785151,73.91245025152666,59.049690026086786,16.67294916582517
