obj_vals,opt_results,opt_runtime,param_1,param_2,param_3
0.06526679488085849,1,81.939272216,74.01841137882383,59.141573867919014,16.697948733509808
