obj_vals,opt_results,opt_runtime,param_1,param_2,param_3
0.06525862677623476,1,105.704155178,84.9733191340611,53.75341819623833,15.630127912381178
