obj_vals,opt_results,opt_runtime,param_1,param_2,param_3
0.06524064147417281,1,112.180230474,84.77111977727114,53.301405886246236,16.553641501987826
