obj_vals,opt_results,opt_runtime,param_1,param_2,param_3
0.06524971594937008,1,75.716209834,84.32057616693126,53.575266206501134,17.551797427421626
