obj_vals,opt_results,opt_runtime,param_1,param_2,param_3
0.06563623271010689,1,26.777351303,72.89612232344375,57.509352021585656,10.164746138956698
