obj_vals,opt_results,opt_runtime,param_1,param_2,param_3
0.06509536609267588,1,97.544287215,80.05630909086618,54.270501554384296,16.76193625331768
