obj_vals,opt_results,opt_runtime,param_1,param_2,param_3
0.06529595441146255,1,69.279846568,86.94759782347576,54.48365640378264,17.62660580455042
