obj_vals,opt_results,opt_runtime,param_1,param_2,param_3
0.0652668612177448,1,66.241708838,73.96924365800315,59.101996901681034,16.656504365635843
