obj_vals,opt_results,opt_runtime,param_1,param_2,param_3
0.06526614611971499,1,68.01885784,82.73961402715592,52.445738933047245,17.014094768421028
