obj_vals,opt_results,opt_runtime,param_1,param_2,param_3
0.06528395159607257,1,68.013903178,91.45782707380347,52.920254505625216,15.960266137232475
