obj_vals,opt_results,opt_runtime,param_1,param_2,param_3
0.06509532007457615,1,117.085793614,80.51857113909864,54.84369475893684,16.734041462264575
