obj_vals,opt_results,opt_runtime,param_1,param_2,param_3
0.06526686128867573,1,67.679004757,73.97124987644474,59.10234131735775,16.65061376901336
