obj_vals,opt_results,opt_runtime,param_1,param_2,param_3
0.06528504641463097,1,76.395267361,76.09474315595457,56.9448275168732,17.99245271381936
