obj_vals,opt_results,opt_runtime,param_1,param_2,param_3
0.06526686121774346,1,69.669870298,73.9692829614017,59.10200154104221,16.656554858099422
