obj_vals,opt_results,opt_runtime,param_1,param_2,param_3
0.06526686128866545,1,80.688054944,73.9712609666772,59.10232838428287,16.650639712324423
