obj_vals,opt_results,opt_runtime,param_1,param_2,param_3
0.06526686128867457,1,64.415591365,73.97130375996773,59.10235599786195,16.65063231480739
