obj_vals,opt_results,opt_runtime,param_1,param_2,param_3
0.06509803147814508,1,79.679600335,79.68732376721981,54.05539760964249,16.673877568250038
