obj_vals,opt_results,opt_runtime,param_1,param_2,param_3
0.0659762239915097,1,22.993449156,59.325913309658795,69.61349476611953,20.664105162881842
