obj_vals,opt_results,opt_runtime,param_1,param_2,param_3
0.06510839864223086,1,63.792714452,79.09122104109711,54.07447576734057,16.365847552758144
