obj_vals,opt_results,opt_runtime,param_1,param_2,param_3
0.06526678829460238,1,57.827844141,73.97801945704285,59.12479694945937,16.691312375175492
