obj_vals,opt_results,opt_runtime,param_1,param_2,param_3
0.06513091793672006,1,63.853993887,80.79919778894099,53.60212547932252,17.45087165554462
