obj_vals,opt_results,opt_runtime,param_1,param_2,param_3
0.06526083903006137,1,93.184345048,83.06275043204325,52.53952045073509,16.871187200555898
