obj_vals,opt_results,opt_runtime,param_1,param_2,param_3
0.06526679986319232,1,84.218874352,73.91499377838602,59.03403570740391,16.67073722396248
