obj_vals,opt_results,opt_runtime,param_1,param_2,param_3
0.06529699064073584,1,78.520136846,69.0776693537064,65.33033637241445,17.171774204706303
