obj_vals,opt_results,opt_runtime,param_1,param_2,param_3
0.06510109188501563,1,110.881447263,79.3642610750153,53.91400978800697,16.575480292876797
