obj_vals,opt_results,opt_runtime,param_1,param_2,param_3
0.06526686121773824,1,80.978871024,73.96926653738434,59.10201539933303,16.65652326899477
