obj_vals,opt_results,opt_runtime,param_1,param_2,param_3
0.06528106963652754,1,67.705134236,75.19980994141319,57.8644612179201,17.03338246871548
