obj_vals,opt_results,opt_runtime,param_1,param_2,param_3
0.065266861217744,1,77.948083333,73.96923262132532,59.101983480828466,16.656541680499373
