obj_vals,opt_results,opt_runtime,param_1,param_2,param_3
0.06511437835752433,1,65.126796124,80.54537931393604,53.89420427713064,17.183678998167956
