obj_vals,opt_results,opt_runtime,param_1,param_2,param_3
0.06529699063957944,1,72.233542899,69.07621815337603,65.32878771283724,17.171475234578438
