obj_vals,opt_results,opt_runtime,param_1,param_2,param_3
0.06509649044155962,1,116.159368371,79.87236739453184,54.17568659627976,16.712418885084574
