obj_vals,opt_results,opt_runtime,param_1,param_2,param_3
0.0652668612886922,1,59.423535817,73.97116382605007,59.1022565825601,16.650606010580823
