obj_vals,opt_results,opt_runtime,param_1,param_2,param_3
0.06526111164562248,1,107.529562908,83.04970031324277,52.52104516372834,16.85018583551784
