obj_vals,opt_results,opt_runtime,param_1,param_2,param_3
0.06526678895553203,1,59.684368052,73.92781343925202,59.063714200147025,16.676708594473745
