obj_vals,opt_results,opt_runtime,param_1,param_2,param_3
0.06526680505746936,1,61.714608979,73.9016443514838,59.024197510605944,16.667871989167693
