obj_vals,opt_results,opt_runtime,param_1,param_2,param_3
0.06526686128868453,1,71.533198208,73.97131712529279,59.10235935388607,16.650606311748064
