obj_vals,opt_results,opt_runtime,param_1,param_2,param_3
0.0653392278229372,1,94.73319961,88.68631497681658,53.772365520828124,17.051600282993682
