obj_vals,opt_results,opt_runtime,param_1,param_2,param_3
0.06529699064175126,1,70.876158417,69.07613211839238,65.32808584112206,17.172024236296853
