obj_vals,opt_results,opt_runtime,param_1,param_2,param_3
0.0652668612886701,1,69.534689627,73.97124808407932,59.10232241352333,16.650651540762656
