obj_vals,opt_results,opt_runtime,param_1,param_2,param_3
0.06526128830383893,1,77.761924886,83.18878530179187,52.35747430257071,16.414931644199168
