obj_vals,opt_results,opt_runtime,param_1,param_2,param_3
0.0652668612177874,1,58.10872376,73.96934479489867,59.101995166795895,16.65656146019255
