obj_vals,opt_results,opt_runtime,param_1,param_2,param_3
0.06526686128866926,1,68.354282774,73.97127641312939,59.10234795441169,16.650637288523857
