obj_vals,opt_results,opt_runtime,param_1,param_2,param_3
0.06573864072880894,1,24.670810313,73.33272172772328,57.50506186349098,9.525459596362703
