obj_vals,opt_results,opt_runtime,param_1,param_2,param_3
0.06526686121773957,1,65.17631751,73.96927196054932,59.10201401100773,16.656538766689295
