obj_vals,opt_results,opt_runtime,param_1,param_2,param_3
0.0652811243215197,1,89.986629615,75.49969895093791,58.09994609940596,17.09449597324706
