obj_vals,opt_results,opt_runtime,param_1,param_2,param_3
0.06509362100087768,1,91.888374953,80.54509829238575,54.5333274942057,16.88851169855839
