obj_vals,opt_results,opt_runtime,param_1,param_2,param_3
0.06526678498939989,1,78.659232735,73.9509958861552,59.08664739026487,16.682641578488578
