obj_vals,opt_results,opt_runtime,param_1,param_2,param_3
0.06526686128867971,1,71.208243979,73.97125513877572,59.102315118423796,16.650600898792398
