obj_vals,opt_results,opt_runtime,param_1,param_2,param_3
0.06509464873142137,1,67.27821656,80.15729945162163,54.40293652226269,16.752453901910865
