obj_vals,opt_results,opt_runtime,param_1,param_2,param_3
0.06526680550585216,1,83.540493921,73.90128923144111,59.02337917011681,16.667610591011574
