obj_vals,opt_results,opt_runtime,param_1,param_2,param_3
0.06510206184616993,1,98.333669633,79.39365744077729,54.11028389676361,16.50130140296375
