obj_vals,opt_results,opt_runtime,param_1,param_2,param_3
0.0652969906407721,1,85.08298606,69.07586034246289,65.32838616034805,17.171560429580307
