obj_vals,opt_results,opt_runtime,param_1,param_2,param_3
0.06526209255108739,1,79.667506066,83.0181344247173,52.44789364739158,16.74618486429692
