obj_vals,opt_results,opt_runtime,param_1,param_2,param_3
0.06598757143275012,1,18.61804439,76.00352930823635,60.72565769170072,9.075729267396103
