obj_vals,opt_results,opt_runtime,param_1,param_2,param_3
0.06526686128866879,1,78.129060576,73.97127194789098,59.10232987071628,16.65063410335566
