obj_vals,opt_results,opt_runtime,param_1,param_2,param_3
0.06509280547909178,1,102.056551244,80.53585877184142,54.61037076947311,16.848677581425356
