obj_vals,opt_results,opt_runtime,param_1,param_2,param_3
0.06526790072691388,1,71.313394131,82.64111989203779,52.36445325302887,16.960261196523497
