run,obj_vals,opt_converged,opt_runtime,is_best_vec,param_1,param_2,param_3,param_4,param_5,param_6,param_7
1,0.08823368360585544,1,997.388134248,0,140.9999609910653,88.0264639184098,-0.5585595793543583,57.16062428444304,64.56648162895019,6.339710284476139,42.218587156266175
2,0.08822503593533751,1,724.498438577,1,141.9782754925045,87.81828886231969,-0.15402419949112886,57.40199963689845,64.89689193378824,6.660501052417557,42.29472880984159
