run,obj_vals,opt_converged,opt_runtime,is_best_vec,param_1,param_2,param_3,param_4,param_5,param_6,param_7
1,0.07561237352306974,0,3625.310266214,0,159.92175106031715,58.206132082991445,-41.55213648544995,87.4310433667084,66.57233934453555,25.418982659622774,57.83924266548135
2,0.07561183258781509,1,964.743313921,1,160.57478330698194,57.92740662564882,-41.82476061869152,87.4924450847271,66.60225384803874,25.427094513417366,57.911896452309136
