run,obj_vals,opt_converged,opt_runtime,is_best_vec,param_1,param_2,param_3,param_4,param_5,param_6,param_7
1,0.07490949670806385,1,152.375664334,0,101.82815839667643,43.80579314248944,-13.179835996552454,141.87522541066443,76.47450427990545,103.28234866365884,43.63485960968121
2,0.07468367163886376,1,213.136734655,1,103.33707688698789,43.46393332177142,-13.064357572710696,202.94307785902194,85.48985254884619,131.5915199620329,43.883069800699815
