run,obj_vals,opt_converged,opt_runtime,is_best_vec,param_1,param_2,param_3,param_4,param_5,param_6,param_7
1,0.08025430930409945,1,505.328820455,1,111.544372810836,90.2088442318303,-0.5324107027255676,61.108961810111445,74.30936066433259,28.388764052186975,40.85960436070509
2,0.09584395369182848,0,7253.324711618,0,130.50691514963586,118.90476279839352,0.31040858405522886,52.29216842129513,72.82454507253075,31.33815607101627,13.421567236734454
