run,obj_vals,opt_converged,opt_runtime,is_best_vec,param_1,param_2,param_3,param_4,param_5,param_6,param_7
1,0.08022972622000979,1,598.287470363,1,101.810308188749,82.23285961769267,0.45866138376148163,63.902042951240496,79.9413727710901,29.683174692267865,42.78589548014324
2,0.11697737517200614,0,7239.826244308,0,130.52077745341467,118.87859709181912,0.396974872973407,52.24693265302621,72.95145628921695,31.288043300256742,13.428767988161523
