{
    "fe_w2": 0.0,
    "delta": 0.9,
    "mu": 54.06752832808379,
    "fe_late": 0.0,
    "fe_w1": 0.0,
    "fe_w3": 0.0,
    "beta_e": 494.00439903219,
    "prob_respond_alpha": 1.0,
    "gamma_01_factor": 1.0,
    "fe_w4": 0.0,
    "sigma_dt": 13.529767548684541,
    "alpha": 548.391631997056,
    "fe_early": 6.229377650351498,
    "beta_l": 269.63731074057716,
    "gamma": 80.61532173523264,
    "prop_to_wage": 0.0
}
