run,obj_vals,opt_converged,opt_runtime,is_best_vec,param_1,param_2,param_3,param_4,param_5,param_6,param_7
1,0.09372864719373643,1,577.387873967,1,135.8507008017566,87.46202722561947,7.1195348866569566,83.43642205785481,50.60082201337768,35.11214401461794,37.61633347289029
2,0.09373451323121955,1,779.575525297,0,135.159359785907,87.72699856519198,6.704941240832552,83.94692134909431,50.94683816470024,33.53070301983205,37.576881887747945
