run,obj_vals,opt_converged,opt_runtime,is_best_vec,param_1,param_2,param_3,param_4,param_5,param_6,param_7
1,0.09293519116353963,1,323.258240913,0,148.17392709492162,96.72431766669098,11.014824692902238,94.66226983062138,56.42705706792506,34.7583110167303,44.36165694422194
2,0.0929336592125889,1,351.463826228,1,148.1645555847291,96.7347855772662,11.002867989852824,95.6782370439274,56.65069925272633,34.89153715495406,44.34737358201048
