{
    "fe_w2": 0.0,
    "delta": 0.9,
    "mu": 31.60911733684811,
    "fe_late": 0.0,
    "fe_w1": 0.0,
    "fe_w3": 0.0,
    "beta_e": 224.62970139778076,
    "prob_respond_alpha": 1.0,
    "gamma_01_factor": 1.0,
    "fe_w4": 0.0,
    "sigma_dt": 11.727493072545926,
    "alpha": 347.6481927184974,
    "fe_early": 9.825004301957504,
    "beta_l": 242.2754010131244,
    "gamma": 75.37212794168843,
    "prop_to_wage": 0.0
}
