run,obj_vals,opt_converged,opt_runtime,is_best_vec,param_1,param_2,param_3,param_4,param_5,param_6,param_7
1,0.08188387297437866,1,274.011747276,1,407.2361129141933,5.560683541306542,13.749985222574502,264.402343471826,101.43415590502111,126.56402671805063,76.12443491040156
2,0.08193772646916099,1,353.268232983,0,403.65744084725515,6.481021174002815,16.200557596535727,289.5697479343626,104.27183537248493,164.77467003636886,76.00350097549581
