run,obj_vals,opt_converged,opt_runtime,is_best_vec,param_1,param_2,param_3,param_4,param_5,param_6,param_7
1,0.0716200645312325,1,425.488294902,0,100.75019566369387,66.22129642211466,0.7365924174131402,83.589123323486,66.1708872389439,17.657118085087706,44.90807883178552
2,0.0715826470721958,0,3630.356289132,1,101.1516349338835,66.01665694981604,1.0483647534724398,90.003277563597,63.9389090293999,26.32817082877187,44.83767363841376
