run,obj_vals,opt_converged,opt_runtime,is_best_vec,param_1,param_2,param_3,param_4,param_5,param_6,param_7
1,0.072146065607818,1,439.665776538,1,107.35836727321228,66.87428409282337,0.6656553053321123,82.945024651553,56.20777644431217,28.42386733917375,42.535306552076406
2,0.07214609972596661,1,961.31776616,0,107.28347128052958,66.92317166187838,0.6835133020898341,83.00398452210496,56.16323976977653,28.574734208647996,42.517885737650914
