run,obj_vals,opt_converged,opt_runtime,is_best_vec,param_1,param_2,param_3,param_4,param_5,param_6,param_7
1,0.09085999240572258,1,288.502410645,0,125.05344843898058,58.49814392129801,-9.023613604875823,92.14663796929864,60.10456224576682,9.131590661637217,47.10201348943345
2,0.0908570122452325,1,204.319606556,1,125.74854110802593,58.184116142504266,-9.140339378196389,93.4807603633069,60.04124001569857,9.478408204474565,47.2502842370878
