run,obj_vals,opt_converged,opt_runtime,is_best_vec,param_1,param_2,param_3,param_4,param_5,param_6,param_7
1,0.09141585789714257,1,158.092932283,0,109.88102228143954,61.732315382181724,-12.473521244294432,132.50492121128616,87.28701330047764,13.470420583928883,52.29161922599781
2,0.09115429275134306,1,232.693943446,1,115.63004452426277,57.85243134140896,-13.646727111548786,109.65490541692377,87.65363493382681,7.4699770816383,51.87105104395914
