run,obj_vals,opt_converged,opt_runtime,is_best_vec,param_1,param_2,param_3,param_4,param_5,param_6,param_7
1,0.055263229426164934,1,309.759229887,1,143.4058887395211,83.58809612683474,-14.065292368578056,64.95164748616511,35.76366192217864,16.22566300535,38.92736160797474
2,0.05526322947424402,1,443.759856356,0,143.3933648392924,83.59113353620593,-14.064434258311826,64.95030872023675,35.76361762334547,16.225619543069538,38.92595469405772
3,0.05526322945877296,1,260.376580082,0,143.40343203809985,83.58843376654306,-14.065227141426668,64.95311806366132,35.76383715626723,16.224481548673854,38.927036878700896
4,0.055263229434357325,1,442.211907098,0,143.4005647915785,83.58929583863556,-14.06497151730896,64.95178562876272,35.76399813275589,16.225344374599672,38.9267317711343
