run,obj_vals,opt_converged,opt_runtime,is_best_vec,param_1,param_2,param_3,param_4,param_5,param_6,param_7
1,0.08532357367559554,1,348.311295178,0,138.90965928988416,36.383632701301636,7.144570762222687,243.01723304990708,69.71772127840187,111.71856590277761,46.159819113374326
2,0.08527667995400595,1,318.330168056,1,153.2867118268333,34.16995150732037,5.222309880278961,157.2829803202014,68.62110021162464,72.83728018923576,48.248861052311554
