run,obj_vals,opt_converged,opt_runtime,is_best_vec,param_1,param_2,param_3,param_4,param_5,param_6,param_7
1,0.08669206098695297,1,337.435337005,1,181.94164983680025,38.98847743558365,9.258803608018145,123.2073377913412,52.584615937722916,54.74662269011431,48.09670146388001
2,0.08669358627825852,1,355.338503796,0,184.20901861551593,38.74281471124602,9.223560104271979,123.11551614923282,52.65518758927241,55.78496889062767,48.43293260450696
