run,obj_vals,opt_converged,opt_runtime,is_best_vec,param_1,param_2,param_3,param_4,param_5,param_6,param_7
1,0.08025449363029788,1,941.415663121,1,58.57307093246743,58.61277259589956,3.4099804478239064,70.74972401475925,84.05090277756449,1.0,29.141511366046053
2,0.08028597773890679,1,422.334645624,0,69.76853249563251,54.45053416482719,3.8088106734925327,72.7460150879037,85.24345228808832,1.0,32.02978622650429
