run,obj_vals,opt_converged,opt_runtime,is_best_vec,param_1,param_2,param_3,param_4,param_5,param_6,param_7
1,0.08842073866495978,1,686.014544748,1,95.73804208332841,101.18611766396833,-18.305931544161787,69.60232841876619,46.47197279815693,22.330912537882366,43.14905209662159
2,0.08842073866496095,1,1062.804922904,0,95.73807016863671,101.18610782040908,-18.305920052086208,69.60233554247837,46.47197038862761,22.330922725832444,43.14905320842864
