run,obj_vals,opt_converged,opt_runtime,is_best_vec,param_1,param_2,param_3,param_4,param_5,param_6,param_7
1,0.08779916479452982,1,3325.584840351,0,85.51320663440609,91.82294582200255,-20.641769818815458,84.26262417100713,51.96149201097176,26.670878368445916,43.53383501221669
2,0.08779916225683099,1,2269.44832983,1,85.38540485546314,91.8654473481808,-20.6552544292494,84.33121830233746,51.946091821535674,26.673959978014228,43.51809611664149
