run,obj_vals,opt_converged,opt_runtime,is_best_vec,param_1,param_2,param_3,param_4,param_5,param_6,param_7
1,0.07368727300230161,1,453.696250428,0,234.77072796229368,43.725120227774696,1.7107321214564277,87.43048320946089,90.14964075235429,34.276016425270825,54.33181398103765
2,0.07368592461210823,1,1244.850004506,1,241.28406012759126,42.61048189021406,3.282133943616979,88.14346115266378,90.44786894093113,34.51063346145132,54.904720148805744
