run,obj_vals,opt_converged,opt_runtime,is_best_vec,param_1,param_2,param_3,param_4,param_5,param_6,param_7
1,0.07271140553040818,1,234.733930578,1,218.04868563721365,34.8032798561743,11.59199937076549,86.52124189128386,106.73090947272792,42.25268644136873,52.3710489718936
2,0.11850120027970111,0,7236.385714789,0,130.48130245118867,118.80868476386426,0.15700443299451566,52.42160002235832,72.98631433724887,31.490256671593023,13.51637630382121
