run,obj_vals,opt_converged,opt_runtime,is_best_vec,param_1,param_2,param_3,param_4,param_5,param_6,param_7
1,0.08005431715706623,1,125.800035208,0,59.05795161815152,66.29195393646162,-1.957371957658889,49.15219614479798,74.11167916096403,2.731999812019007,38.22521670441606
2,0.07891239959059802,1,183.421658496,1,39.7944890734466,73.67470456107608,-4.451660146237313,49.70792043269843,80.94609071509993,9.673229315664823,33.69787362459112
