run,obj_vals,opt_converged,opt_runtime,is_best_vec,param_1,param_2,param_3,param_4,param_5,param_6,param_7
1,0.08145197403885762,1,2071.870702199,0,133.04589490530878,85.55415909534706,-26.257725056446688,103.97631064744844,47.49991813936994,14.1676972701408,38.606380469822376
2,0.08144353866373678,1,365.438822904,1,132.87710381090739,85.49363940140645,-27.394909331958505,103.83736270231505,47.45184464831153,13.82898629111385,38.67080468828865
