run,obj_vals,opt_converged,opt_runtime,is_best_vec,param_1,param_2,param_3,param_4,param_5,param_6,param_7
1,0.06884202419480245,1,633.022975606,1,104.24970266866742,109.91683101098683,-1.798199358164619,58.96811732426245,76.11194449236096,16.866782615756115,43.140044941138456
2,0.06884773620493102,1,570.570604244,0,104.40214309936414,109.79628235297281,-1.8427282374241496,59.50585825993634,73.83002140983893,16.375777468420193,43.16479522282042
