run,obj_vals,opt_converged,opt_runtime,is_best_vec,param_1,param_2,param_3,param_4,param_5,param_6,param_7
1,0.06773444804744669,1,567.91489533,1,98.63041321933672,99.5483818583895,-5.862426853894769,63.09034259613119,80.98732248401744,13.58950616778631,45.93656332878448
2,0.06777754530104814,0,3638.485475289,0,102.75384605749392,98.57291075971253,-3.9294141813472203,64.93184330040869,80.42629719094177,14.206388618523148,46.28561579590736
