run,obj_vals,opt_converged,opt_runtime,is_best_vec,param_1,param_2,param_3,param_4,param_5,param_6,param_7
1,0.05543634578771447,1,192.417403771,1,77.876475996893,128.37566022255768,1.5535681720740073,66.86502293709408,76.56467661766368,13.824002242375817,34.53717554781423
2,0.055489014264367725,0,3643.161328102,0,70.34930773708057,130.2633420382527,1.3280284328000476,73.00427795101707,67.49844293144547,11.918445374469535,32.9817227212442
3,0.055437014307454145,1,430.458072119,0,75.95276417023669,129.38722154368244,1.5002660682853368,72.17332213608059,70.49623663252451,11.746477201916747,34.22075275563441
4,0.05552175320806583,1,192.913884288,0,73.58650667087625,129.96377263043888,1.3865196659802352,67.57794751985651,76.2489163218727,12.08183121038566,33.90384692113153
