run,obj_vals,opt_converged,opt_runtime,is_best_vec,param_1,param_2,param_3,param_4,param_5,param_6,param_7
1,0.07757619243736855,0,3643.122095805,0,141.3747526852416,96.62746287730315,4.390549636068171,56.59529220308092,61.192122926595175,11.048310607223902,65.10545480670123
2,0.07757619240948763,0,3647.291159788,1,141.3841846048229,96.62440260857926,4.391431324232104,56.5958339203364,61.19288581877957,11.048264534752425,65.1068258187495
