run,obj_vals,opt_converged,opt_runtime,is_best_vec,param_1,param_2,param_3,param_4,param_5,param_6,param_7
1,0.07775631607663072,1,617.167056125,1,124.07572425364958,91.00015245532498,5.230491710037715,59.987844669607156,71.95255215549656,7.663003765525321,66.47083726025922
2,0.0778202337774201,1,939.182238426,0,112.46443445835214,95.9200121013864,4.107683229653339,58.81234677026197,72.07503975547749,7.702790612527251,64.69383663735137
