run,obj_vals,opt_converged,opt_runtime,is_best_vec,param_1,param_2,param_3,param_4,param_5,param_6,param_7
1,0.0722267368024161,0,7239.663343134,0,137.1623638766262,58.675055395588245,-14.469020603454954,107.89051913158845,35.24980533392601,37.62223926171291,62.680468674616115
2,0.07200610103490497,0,7244.55576131,1,127.25262451111385,61.92684215900639,-17.423894973779262,341.0045021102281,33.68329047319424,44.316877878022694,64.28193657223123
