run,obj_vals,opt_converged,opt_runtime,is_best_vec,param_1,param_2,param_3,param_4,param_5,param_6,param_7
1,0.07222631050425424,1,374.602082776,1,133.76246533289623,58.8893351697936,-16.172373989524825,108.761981276109,38.06415258145484,34.38628712006369,57.308175894272935
2,0.07222631050425608,1,393.40058952,0,133.76247189930945,58.88932674174756,-16.17238728015315,108.76196300196476,38.06415744904452,34.3862655331849,57.308177957159764
