run,obj_vals,opt_converged,opt_runtime,is_best_vec,param_1,param_2,param_3,param_4,param_5,param_6,param_7
1,0.07673372029423078,0,7234.986498245,0,105.3606149882716,67.15950703885402,-42.152344332344,120.01407789341732,125.17402443553104,97.97703031157022,50.330407285187924
2,0.0767206462745391,0,7229.241463175,1,104.68440342728046,67.27946182939685,-42.48046935589007,120.52138750248582,124.32931686307363,92.41975921836845,50.145201060682716
