run,obj_vals,opt_converged,opt_runtime,is_best_vec,param_1,param_2,param_3,param_4,param_5,param_6,param_7
1,0.07612279309197835,0,7245.99494024,1,105.48505446129502,65.06092732882476,-31.94022525343205,89.13248715224964,87.58608480236248,52.86846933832927,43.55356459624123
2,0.07616123564330887,0,7239.295580233,0,108.16107561700531,64.46572889152954,-31.598208201813723,99.08096875817074,97.76762555206474,60.209141910228794,43.94286277945416
