{
    "fe_w2": 0.0,
    "delta": 0.9,
    "mu": 57.47781065450079,
    "fe_late": 0.0,
    "fe_w1": 0.0,
    "fe_w3": 0.0,
    "beta_e": 301.5683651548859,
    "prob_respond_alpha": 1.0,
    "gamma_01_factor": 1.0,
    "fe_w4": 0.0,
    "sigma_dt": 18.3644384647186,
    "alpha": 735.165771114105,
    "fe_early": -4.031964442215493,
    "beta_l": 1288.601010999148,
    "gamma": 69.25477796715055,
    "prop_to_wage": 0.0
}
