run,obj_vals,opt_converged,opt_runtime,is_best_vec,param_1,param_2,param_3,param_4,param_5,param_6,param_7
1,0.08035779539925504,1,363.966539468,1,170.8729414997183,70.28870598034113,14.51378822906663,129.88520878850844,15.478057380573505,13.612046079355455,68.23948986811428
2,0.0803577953992585,1,417.71846982,0,170.8729516606381,70.28870256252468,14.513786334499066,129.88516683929467,15.478068961677298,13.612057572028652,68.23949085973442
