run,obj_vals,opt_converged,opt_runtime,is_best_vec,param_1,param_2,param_3,param_4,param_5,param_6,param_7
1,0.07911579916149017,1,2757.603000454,0,178.64081540981195,63.74731230625367,14.021299035355659,122.86646599923327,16.20761617451073,14.230744488668885,59.898782008104405
2,0.07813519243751454,0,7227.723956211,1,162.1058536642119,65.22434281892905,11.751173670497602,89.32588484558299,30.43144468947205,16.62966899703197,57.0946935985129
