{
    "fe_w2": 0.0,
    "delta": 0.9,
    "mu": 40.42520063713011,
    "fe_late": 0.0,
    "fe_w1": 0.0,
    "fe_w3": 0.0,
    "beta_e": 282.99072388403357,
    "prob_respond_alpha": 1.0,
    "gamma_01_factor": 1.0,
    "fe_w4": 0.0,
    "sigma_dt": 20.150621803834063,
    "alpha": 306.52215803471756,
    "fe_early": -0.4174272409261427,
    "beta_l": 767.067378438492,
    "gamma": 82.10659359410374,
    "prop_to_wage": 0.0
}
