run,obj_vals,opt_converged,opt_runtime,is_best_vec,param_1,param_2,param_3,param_4,param_5,param_6,param_7
1,0.05425391724759918,1,303.455450781,1,98.4869678873877,120.28240036409528,2.022513117511015,92.91422288842503,120.60922952842671,6.533928241832622,31.293410422392334
2,0.05426478413546497,1,235.486783217,0,91.81162288992346,120.79262121046852,1.2431206052057773,93.05952295813043,121.47235850344197,6.778724477620318,30.206885342145142
3,0.05428115957480199,1,279.832866508,0,90.41237340432394,121.49115489284098,1.5193449297906139,95.43650277644343,126.82997065610206,7.080193540079125,29.680615744385584
4,0.05954830289786765,1,476.903604283,0,121.28110943808483,98.61523838406481,11.296126530404273,115.71693916293601,105.77569690164762,11.087708003075193,17.07132488045943
