iteration,param_1,param_2,param_3,param_4,param_5,param_6,param_7
1,73.47575923667384,117.37401461595505,0.0,49.945768690673646,67.51394008342331,18.726062899566394,36.45721205272974
2,54.97104739616184,83.62886916570234,0.0,44.30975411483934,37.233163081734425,27.301101723844422,34.524662538112274
3,130.09526756158724,96.47122370379158,0.0,69.25865949153582,52.000394421201705,35.23419454559647,12.640381288252028
4,129.2701474706197,98.95288890430417,0.0,64.07365556095608,39.73945715583987,27.895428377643317,14.653589663388711
