iteration,param_1,param_2,param_3,param_4,param_5,param_6,param_7
1,123.70964075634836,149.62253824123587,0.0,60.819467810235395,31.835522582774743,22.86033167733344,32.01851645466254
2,64.54975079387616,72.32155537239355,0.0,68.71342525889628,37.529827142224406,24.50593885907317,17.82666592636333
3,56.38076210447327,64.30236878869428,0.0,51.089938775892755,47.21690619402889,27.248024911143474,35.655027685227935
4,127.60279820217914,69.58272408059528,0.0,32.79934146875289,73.0651405771334,23.7210703968049,20.258564092064915
