run,obj_vals,opt_converged,opt_runtime,is_best_vec,param_1,param_2,param_3,param_4,param_5,param_6,param_7
1,0.0026185861854168234,1,192.63325191,1,52.6305256673683,112.07001382228037,-0.28365668346294587,24.970429859187153,62.65471064712305,25.537143764882646,58.11041576117289
2,0.0026185861854421447,1,258.391782005,0,52.63052484681387,112.07001420944674,-0.28365667755086443,24.970429784465107,62.65470014899178,25.537144063056722,58.11041533242495
3,0.0026185861854175633,1,214.503137604,0,52.63052652148168,112.07001355096382,-0.28365665874616436,24.970430197384516,62.65471469842484,25.537142870759535,58.11041621079132
4,0.0026185861854417705,1,185.347999647,0,52.630525800450044,112.0700137614038,-0.2836566995001778,24.970429961977445,62.65471608343329,25.537143431862393,58.11041585716026
