run,obj_vals,opt_converged,opt_runtime,is_best_vec,param_1,param_2,param_3,param_4,param_5,param_6,param_7
1,0.07791554871646258,1,418.484193021,0,119.99574631350538,72.26116889333723,-1.1359058004575766,61.430522326538636,62.74940580347192,18.58561406850279,53.36917179611119
2,0.07765802359186925,1,432.101356143,1,116.98099530815144,74.48260730701513,-1.6794094363510645,59.79428653911689,63.28711756942574,11.272864004720732,53.71197811810348
