run,obj_vals,opt_converged,opt_runtime,is_best_vec,param_1,param_2,param_3,param_4,param_5,param_6,param_7
1,0.07641959266804346,1,981.805621653,1,103.59938629916792,82.86360844306196,2.323928205603509,56.8441944475757,73.56452732972596,8.533108161798326,56.80131174003748
2,0.07641967552029794,1,174.953410357,0,103.57896489268188,82.88062732375114,2.3419802338183344,56.816805215240755,73.6614901760218,8.570950828813674,56.789693515449706
