run,obj_vals,opt_converged,opt_runtime,is_best_vec,param_1,param_2,param_3,param_4,param_5,param_6,param_7
1,0.08565469994192448,1,1343.011610264,0,116.31932484039882,75.71804183921287,0.1490960827515918,156.91752691331186,32.41642495725469,46.21624204901465,45.299643229425506
2,0.08552862551039742,0,7234.130222084,1,109.7155419460449,76.19803875946107,-1.853772940584333,84.04530766774658,31.431490332210196,27.202272184959483,42.85647234990651
