run,obj_vals,opt_converged,opt_runtime,is_best_vec,param_1,param_2,param_3,param_4,param_5,param_6,param_7
1,0.08769299573408255,1,1312.305514801,1,106.18215322298816,85.8256525782185,1.3091244379955125,167.18093182489153,32.47210779965508,49.80459825042895,52.228180983392114
2,0.08769299573408262,1,1366.553658216,0,106.18215116206552,85.82565177585565,1.309125519861683,167.18084794082526,32.472130458487406,49.80465665889241,52.22818059370385
