run,obj_vals,opt_converged,opt_runtime,is_best_vec,param_1,param_2,param_3,param_4,param_5,param_6,param_7
1,0.07984611736422668,1,268.144181528,1,117.22319897517083,72.67430728214848,-18.25705131725227,125.92476611840246,46.88600560090783,34.51381047275424,44.79716794695724
2,0.07984636040547788,1,571.115932007,0,107.58595485484533,75.03901343995942,-18.164418370493692,80.48038769136893,96.72520633003208,29.57106989409169,43.73935280235895
