run,obj_vals,opt_converged,opt_runtime,is_best_vec,param_1,param_2,param_3,param_4,param_5,param_6,param_7
1,0.07952032626559184,1,217.301009347,1,97.93522605761578,78.82845524606603,-22.146144225049774,319.09999801766173,53.107368049979215,26.067819451250646,47.29168903880806
2,0.08001058037018138,1,2067.288582956,0,95.10583705849662,81.71325814091087,-21.4128939597961,132.1137032251992,116.31818832551438,19.09501572896157,47.76057091746245
