run,obj_vals,opt_converged,opt_runtime,is_best_vec,param_1,param_2,param_3,param_4,param_5,param_6,param_7
1,0.0780176181231961,1,499.765758845,0,75.25764298845154,52.97987148144487,-18.141781645714417,37.122920654298746,45.85543564148943,19.060890765381355,37.97157482872064
2,0.07801761812174329,1,495.695288639,1,75.25775424502417,52.97983237349775,-18.14175691068806,37.1229411054538,45.855428342506684,19.060894965888465,37.97158479805073
