run,obj_vals,opt_converged,opt_runtime,is_best_vec,param_1,param_2,param_3,param_4,param_5,param_6,param_7
1,0.07256159609923485,1,596.744571348,0,100.16757182920938,71.03241454652401,-7.607527149867155,134.02029046849646,56.98890839502912,65.26344953817542,54.694960436758265
2,0.07250798993963954,1,431.233137864,1,98.59572322445914,71.43310094817754,-7.700400099319553,140.00245486067132,59.755763882204235,68.27270345923559,54.491521366676686
