{
    "fe_w2": 0.0,
    "delta": 0.9,
    "mu": 53.4377337774253,
    "fe_late": 0.0,
    "fe_w1": 0.0,
    "fe_w3": 0.0,
    "beta_e": 563.2360061909455,
    "prob_respond_alpha": 1.0,
    "gamma_01_factor": 1.0,
    "fe_w4": 0.0,
    "sigma_dt": 7.945808401123455,
    "alpha": 586.7509547454829,
    "fe_early": -39.409486109845105,
    "beta_l": 282.363926148685,
    "gamma": 61.386167987609085,
    "prop_to_wage": 0.0
}
