run,obj_vals,opt_converged,opt_runtime,is_best_vec,param_1,param_2,param_3,param_4,param_5,param_6,param_7
1,0.0007740771549717305,1,214.723897423,0,137.21242324408226,137.40902314564087,-0.3738163845352162,84.19111263262138,73.97530784890778,32.50988312610943,81.18019934001866
2,0.0007740773273073546,1,244.596679978,0,137.21819561091908,137.4078105147438,-0.3737655341332833,84.19146735819004,73.97513005426045,32.50868194775813,81.18170835757275
3,0.0007740771815324674,1,271.501523254,0,137.2169915832174,137.40805122679,-0.3737730697021464,84.19134032270826,73.97573442085638,32.50992543768724,81.18141246763108
4,0.0007740771428387533,1,256.83132475,1,137.2083215727156,137.40994071200066,-0.37382522563977205,84.19046919878093,73.97626739841868,32.5101569423038,81.17910939038767
