run,obj_vals,opt_converged,opt_runtime,is_best_vec,param_1,param_2,param_3,param_4,param_5,param_6,param_7
1,0.0008229806051261985,1,740.644073771,0,137.58306480031075,137.5850425751901,-0.2673900133218866,84.3774604417702,73.84788505527243,32.5806204667536,81.34214348996997
2,0.0008229802818426874,1,714.818587042,1,137.57295065813068,137.58671090116152,-0.267975541032597,84.37719675041485,73.84895395288456,32.581334574459035,81.33968605804806
3,0.0008229814138438682,1,585.083857606,0,137.56644170041147,137.58759738741145,-0.2683030259564327,84.37731104050111,73.84789759697074,32.58053061458962,81.33783295412849
4,0.0008229808808063244,1,505.683506824,0,137.57615576919372,137.58521266831707,-0.26926180637100344,84.37715529077289,73.84747170407255,32.58035013812144,81.34073219537248
