run,obj_vals,opt_converged,opt_runtime,is_best_vec,param_1,param_2,param_3,param_4,param_5,param_6,param_7
1,0.07667396711746044,1,228.840892791,0,66.02330603515138,98.61827343717754,-33.31308551472598,68.05850519461077,49.96841065128744,19.462123905978363,48.716961575985216
2,0.07667394115077504,1,506.688849664,1,66.57499744789001,98.39979602554503,-33.3272575336262,68.14389676157148,50.002713903423526,19.45478231418716,48.835035050724755
