run,obj_vals,opt_converged,opt_runtime,is_best_vec,param_1,param_2,param_3,param_4,param_5,param_6,param_7
1,0.07269748241737732,1,149.409370401,1,36.85417841506277,48.70427127254776,-2.134675350262091,40.821138519240016,67.67272248354459,21.45225186312126,28.01107151222005
2,0.0726982205232178,1,212.782839824,0,36.765119069492094,48.70165708519394,-2.3496029034673653,40.53988987772488,69.13921501937743,20.689791953097593,28.029583390291183
