run,obj_vals,opt_converged,opt_runtime,is_best_vec,param_1,param_2,param_3,param_4,param_5,param_6,param_7
1,0.07136612397768108,1,361.248299437,1,45.56531995019145,52.48653819611892,-1.3631781874443452,43.635260603626996,59.18514053147923,22.66005903665595,28.5492911023415
2,0.07139658945654619,1,286.693998242,0,47.75817076020137,52.04639153678916,-0.013472717096829291,44.89915462503848,57.24997659202336,22.61285320462996,28.771006556907338
