run,obj_vals,opt_converged,opt_runtime,is_best_vec,param_1,param_2,param_3,param_4,param_5,param_6,param_7
1,0.08343066900222215,1,288.510515449,1,91.89819223356737,89.81563503023402,-28.654632547375126,53.6698231542879,57.11461083415563,10.558795733341817,46.398187074191874
2,0.08366623745941551,1,3907.924340157,0,104.8253724866643,86.83936144485872,-17.665020790847073,57.31172267218847,60.78996667899642,10.429897720457985,44.474716915103755
