run,obj_vals,opt_converged,opt_runtime,is_best_vec,param_1,param_2,param_3,param_4,param_5,param_6,param_7
1,0.08500850307677048,1,784.812459299,1,85.26902063253083,81.91582739251822,-28.52253153007723,92.59724254983209,63.25056089613673,1.429657704616783,49.187413320436875
2,0.11295905290112891,0,7245.03964797,0,130.4883964931117,111.69336065703997,3.3890895825299667,55.849103616547765,73.65497089983175,26.230440172782885,15.809237873976079
