obj_vals,opt_results,opt_runtime,param_1,param_2,param_3,param_4,param_5,param_6,param_7
0.07128259260620215,1,354.139748341,194.9125715635064,79.01002918080901,-3.279441305462936,94.6902919081019,63.23721945249897,22.602525540558503,61.771924712453206
