obj_vals,opt_results,opt_runtime,param_1,param_2,param_3,param_4,param_5,param_6,param_7
0.07128165370645642,1,443.949124723,196.22184651927566,78.58348612137189,-2.9465657248911117,94.52564956294842,63.444198408967644,22.364397734000665,61.94235124491696
