obj_vals,opt_results,opt_runtime,param_1,param_2,param_3,param_4,param_5,param_6,param_7
0.07128224236591145,1,298.91278662,195.30074054013485,79.08435615105824,-2.9414202139668073,94.79588959462428,63.46897661433337,22.57711917951829,61.81677450335643
