obj_vals,opt_results,opt_runtime,param_1,param_2,param_3,param_4,param_5,param_6,param_7
0.07131033785681277,1,714.661572552,191.90269023095706,81.38593115169952,-3.208467222265531,96.48340215620622,62.026894409796185,23.285342784771853,61.59333180276349
