obj_vals,opt_results,opt_runtime,param_1,param_2,param_3,param_4,param_5,param_6,param_7
0.07128264155918183,1,555.514124212,194.82450210128204,78.95318757773586,-3.399449109039291,94.35334840458914,63.28273138365658,22.400588244569267,61.773248105820564
