obj_vals,opt_results,opt_runtime,param_1,param_2,param_3,param_4,param_5,param_6,param_7
0.07128294504974954,1,326.781388125,194.5369642175944,79.0889180691988,-3.4277968048340446,94.53472277747507,63.213270596126975,22.537594305155643,61.726394057898595
