obj_vals,opt_results,opt_runtime,param_1,param_2,param_3,param_4,param_5,param_6,param_7
0.07129454090100082,1,418.684967051,195.68356592124886,79.13537866185267,-2.85578905205323,95.69236894568176,61.83758489479948,23.393127372993288,61.938085261136145
