obj_vals,opt_results,opt_runtime,param_1,param_2,param_3,param_4,param_5,param_6,param_7
0.07130598649525346,1,570.530350155,188.3133828405831,80.88526738763899,-5.3229473372383405,93.59252294686584,62.98394182856489,22.36606588918918,60.973107492252254
