obj_vals,opt_results,opt_runtime,param_1,param_2,param_3,param_4,param_5,param_6,param_7
0.07128151823100416,1,458.427930895,196.28401584268002,78.58453089909747,-2.9031191260624145,94.74903779226926,63.44269025784214,22.489206788458276,61.9467947587134
