obj_vals,opt_results,opt_runtime,param_1,param_2,param_3,param_4,param_5,param_6,param_7
0.07130179391628448,1,393.109076411,193.85029682000453,80.62896220722348,-2.536605128349103,97.12373143827533,62.364177606838815,23.32373792260561,61.74021161788237
