obj_vals,opt_results,opt_runtime,param_1,param_2,param_3,param_4,param_5,param_6,param_7
0.0712853719768286,1,250.886164579,196.7968480971584,78.67258603648793,-2.8256175917877844,96.06647133648227,63.40126906419774,23.31911600988377,62.06666290820551
