obj_vals,opt_results,opt_runtime,param_1,param_2,param_3,param_4,param_5,param_6,param_7
0.0713084601208891,1,188.708253955,194.72371066426328,79.56917145346806,-2.9412975951320117,98.67860580747147,61.93577379848447,22.768135036129976,61.752147811202136
