obj_vals,opt_results,opt_runtime,param_1,param_2,param_3,param_4,param_5,param_6,param_7
0.07128216795883831,1,351.863925224,195.19194450961137,78.9296632970863,-3.1902362386383594,94.59952436849197,63.27872035288192,22.532307568937277,61.811397232971046
