obj_vals,opt_results,opt_runtime,param_1,param_2,param_3,param_4,param_5,param_6,param_7
0.07128224326717678,1,300.565279396,195.08687838106795,78.98183814380077,-3.1983508384096986,94.5866656316909,63.30728459849632,22.484773754738548,61.80011075422079
