obj_vals,opt_results,opt_runtime,param_1,param_2,param_3,param_4,param_5,param_6,param_7
0.07130552514424691,1,277.445092693,196.5625208991882,78.63912285979792,-2.829732158835092,99.04865327186643,62.0479679001734,22.707267470635603,61.97437958758935
