obj_vals,opt_results,opt_runtime,param_1,param_2,param_3,param_4,param_5,param_6,param_7
0.07128150843183535,1,342.866987372,196.3606046944856,78.58964420209234,-2.846230876503968,94.79459316277222,63.41758576860148,22.503896566304196,61.956159420826665
