obj_vals,opt_results,opt_runtime,param_1,param_2,param_3,param_4,param_5,param_6,param_7
0.07128308464078355,1,421.882480129,197.0667166791352,78.40704970752165,-2.573939530833948,95.46943796980105,63.306810346029934,22.9612863539882,62.017047502018066
