obj_vals,opt_results,opt_runtime,param_1,param_2,param_3,param_4,param_5,param_6,param_7
0.07130583388365082,1,235.738662396,195.89983703985303,78.81817818481663,-3.0415523882755036,99.0481004783956,62.02122398919851,22.73643110214693,61.89158988454454
