obj_vals,opt_results,opt_runtime,param_1,param_2,param_3,param_4,param_5,param_6,param_7
0.0713397636220267,1,232.540857873,195.72483609433644,79.44578074607104,-2.4994413901164103,92.58136830445284,64.8730313394263,20.626119574776453,61.90808900009637
