obj_vals,opt_results,opt_runtime,param_1,param_2,param_3,param_4,param_5,param_6,param_7
0.07128268984927028,1,460.944754375,197.94496508666694,78.159513444172,-2.3157912614523317,95.61407200046943,63.84441891538598,22.780204549721578,62.129210339728175
