obj_vals,opt_results,opt_runtime,param_1,param_2,param_3,param_4,param_5,param_6,param_7
0.0712842348337532,1,356.004055021,193.7990291112162,79.26886212712677,-3.689956786121797,94.31819342339294,63.1345881134101,22.490882334466452,61.63561583293413
