obj_vals,opt_results,opt_runtime,param_1,param_2,param_3,param_4,param_5,param_6,param_7
0.07128280103589762,1,542.007658226,194.7209346542557,78.90685949740374,-3.541040003964858,94.40240966849412,63.289942378079935,22.419683991078877,61.77109387705996
