obj_vals,opt_results,opt_runtime,param_1,param_2,param_3,param_4,param_5,param_6,param_7
0.07130888138800733,1,237.478241512,197.36082203931403,79.44432545070583,-1.4253521719179192,97.73808414016571,62.66525259673727,24.70363895182343,62.031323755469714
