obj_vals,opt_results,opt_runtime,param_1,param_2,param_3,param_4,param_5,param_6,param_7
0.07128295304763406,1,549.955010545,197.67259898113474,78.20183448011856,-2.583905386168455,95.73599604442089,63.75040315162476,22.894718173562534,62.14257502774334
