obj_vals,opt_results,opt_runtime,param_1,param_2,param_3,param_4,param_5,param_6,param_7
0.07128246938305932,1,429.170137485,195.9487935189326,78.84302806936736,-2.7839458548071607,95.19440690727276,63.35517429012614,22.81422193353023,61.88357167598505
