obj_vals,opt_results,opt_runtime,param_1,param_2,param_3,param_4,param_5,param_6,param_7
0.0713432824636038,1,173.136954991,192.48121747756375,80.45377950778206,-4.398640650064776,93.56271493775341,63.60998778042773,19.89498624737321,61.583777402187515
