obj_vals,opt_results,opt_runtime,param_1,param_2,param_3,param_4,param_5,param_6,param_7
0.07128286976439278,1,238.108334056,195.25322477361368,79.27003284538992,-2.8036228237134253,94.57386469824557,63.375494512664126,22.464025746158693,61.8234210980187
