obj_vals,opt_results,opt_runtime,param_1,param_2,param_3,param_4,param_5,param_6,param_7
0.07128170226342517,1,402.28906556,195.8473816499871,78.77097914013899,-2.968427070352931,94.61228874089208,63.43110887686981,22.419739749060295,61.89564272789288
