obj_vals,opt_results,opt_runtime,param_1,param_2,param_3,param_4,param_5,param_6,param_7
0.07128149661297048,1,395.743243969,196.67648481516218,78.48094734104004,-2.7726644439029475,94.93753772982022,63.44977017522744,22.561530593762583,61.9936307109929
