obj_vals,opt_results,opt_runtime,param_1,param_2,param_3,param_4,param_5,param_6,param_7
0.07128220827833122,1,322.092733464,195.24708032686019,78.7480904162799,-3.3768543307002887,94.48314889621442,63.32221263692262,22.429137425101832,61.82799589257838
