obj_vals,opt_results,opt_runtime,param_1,param_2,param_3,param_4,param_5,param_6,param_7
0.07128740196256926,1,373.761317494,194.41041226386432,79.32972929580103,-3.401187112679045,95.14715271676862,62.718894204177076,23.12396801130901,61.74519791743209
