obj_vals,opt_results,opt_runtime,param_1,param_2,param_3,param_4,param_5,param_6,param_7
0.07128191038425687,1,352.941840146,195.7050855390458,78.79382113024984,-3.021178021647789,94.8222760407692,63.31494300021003,22.61608200716415,61.87164739977545
