obj_vals,opt_results,opt_runtime,param_1,param_2,param_3,param_4,param_5,param_6,param_7
0.07128247881467152,1,455.882037429,196.27519382348015,78.90328088129586,-2.521833875908385,95.30910177847137,63.52224969857808,22.79967641100503,61.9257122384281
