obj_vals,opt_results,opt_runtime,param_1,param_2,param_3,param_4,param_5,param_6,param_7
0.07130314943296254,1,214.816325035,197.2930160047968,78.49255151901372,-2.2794106937473844,95.39815102620496,62.98786130065308,24.867617492519216,62.03767391797161
