obj_vals,opt_results,opt_runtime,param_1,param_2,param_3,param_4,param_5,param_6,param_7
0.07128192874436845,1,457.543263504,195.45486720027174,78.85789014718661,-3.105562050370821,94.70289944977166,63.317841739391184,22.562149012171492,61.84330851378416
