obj_vals,opt_results,opt_runtime,param_1,param_2,param_3,param_4,param_5,param_6,param_7
0.07130152057174412,1,539.99065671,189.29446327733774,80.52561161345125,-5.102095511183743,93.38892785201767,63.03015431136149,22.166044086380477,61.10030766217145
