obj_vals,opt_results,opt_runtime,param_1,param_2,param_3,param_4,param_5,param_6,param_7
0.07128161626028512,1,480.437301951,196.73823707956618,78.44616329649276,-2.782044220259905,94.65130190735543,63.49762917655942,22.382287384110246,62.00424119715275
