obj_vals,opt_results,opt_runtime,param_1,param_2,param_3,param_4,param_5,param_6,param_7
0.0712834674054425,1,389.48805153,194.16302678265484,79.18106342998608,-3.552874649101043,94.46829573903973,63.227763752029894,22.477967722959125,61.68536506278632
