obj_vals,opt_results,opt_runtime,param_1,param_2,param_3,param_4,param_5,param_6,param_7
0.07136144700677158,1,160.716610489,200.42217227946128,77.49816215331883,-1.3390777557160614,91.74772936623704,62.62930983552131,25.128778370578658,62.28631630432103
