obj_vals,opt_results,opt_runtime,param_1,param_2,param_3,param_4,param_5,param_6,param_7
0.07128158265127472,1,374.880360141,196.21132470697023,78.58804329162182,-2.9449957711174664,94.64791722584037,63.41928526878481,22.458769452477647,61.93910810778881
