obj_vals,opt_results,opt_runtime,param_1,param_2,param_3,param_4,param_5,param_6,param_7
0.07128395250091758,1,307.302080891,193.9260115586761,79.24516913079991,-3.6375293120594328,94.36687811216991,63.17367494807587,22.45291402593913,61.652198691592304
