obj_vals,opt_results,opt_runtime,param_1,param_2,param_3,param_4,param_5,param_6,param_7
0.0712921123347318,1,280.936483981,195.64227924657217,79.01904067846101,-2.9061192852144093,97.34940133661841,62.6688464699207,23.609752030300015,61.834580090952265
