obj_vals,opt_results,opt_runtime,param_1,param_2,param_3,param_4,param_5,param_6,param_7
0.07128167568340253,1,545.852150441,195.81689470477758,78.73378645582427,-3.0251348942328398,94.66296597935253,63.418044831491876,22.484608592298784,61.891106597277016
