obj_vals,opt_results,opt_runtime,param_1,param_2,param_3,param_4,param_5,param_6,param_7
0.07128366076597917,1,252.280937862,194.13029995124987,79.21692690963847,-3.5290078092668997,94.27192371906678,63.289402982170444,22.381611795948743,61.68789065994572
