obj_vals,opt_results,opt_runtime,param_1,param_2,param_3,param_4,param_5,param_6,param_7
0.07128278230274009,1,306.703742033,194.63787701504629,79.13231014703852,-3.3246442559604072,94.54243943715203,63.28670504504362,22.44914868416751,61.74513058503708
