obj_vals,opt_results,opt_runtime,param_1,param_2,param_3,param_4,param_5,param_6,param_7
0.07130656615812019,1,255.000780717,196.5082811810435,78.42539891149778,-2.9159198007100624,97.09739932396324,62.05891272175289,24.554476263585233,61.93604238528498
