obj_vals,opt_results,opt_runtime,param_1,param_2,param_3,param_4,param_5,param_6,param_7
0.07129724132833708,1,303.702243569,190.04686646226384,80.64195539184841,-4.522747227725754,93.68138025488248,63.12553593431797,22.261067973710762,61.19978813691968
