obj_vals,opt_results,opt_runtime,param_1,param_2,param_3,param_4,param_5,param_6,param_7
0.071281734172412,1,382.119131658,195.79347700684224,78.75139506753415,-3.022278162302659,94.58534025090817,63.39463902629457,22.44565009260447,61.88919620797062
