obj_vals,opt_results,opt_runtime,param_1,param_2,param_3,param_4,param_5,param_6,param_7
0.07129213939178858,1,482.387285006,197.09548605027075,78.68479025419241,-2.2406366888758975,97.6537720115814,63.029728388637295,23.855679094538896,61.99591701099076
