run,obj_vals,opt_converged,opt_runtime,is_best_vec,param_1,param_2,param_3,param_4,param_5,param_6,param_7
1,0.07972192061172378,1,1106.528455537,1,97.17728151971502,87.75834607908673,-25.653240177812403,69.5482186715903,90.88057366385894,9.003202106071724,47.46415852209919
2,0.08029092169050396,1,195.6864713,0,93.97278244205886,89.52573855903825,-24.54989186150101,75.80490580667343,58.43003349867496,10.186423123103653,46.80929389355715
