run,obj_vals,opt_converged,opt_runtime,is_best_vec,param_1,param_2,param_3,param_4,param_5,param_6,param_7
1,0.0792195333338424,1,170.02898302,0,94.82408260656183,74.124422486993,-33.26647845496586,75.5270288033543,134.8036406386959,7.188250591566343,50.76843528980877
2,0.07920106473758354,1,417.241098272,1,94.10165655040956,74.5759610854277,-32.26577008811778,80.09130047974875,108.19482862153917,6.47319206370239,50.653243132512074
