run,obj_vals,opt_converged,opt_runtime,is_best_vec,param_1,param_2,param_3,param_4,param_5,param_6,param_7
1,0.07446988943589708,1,325.331725759,0,114.72846468679101,86.49541130265577,-13.170003328037689,74.60006573662481,45.31999075454674,12.064787414525153,53.753655133922535
2,0.07446917786093997,1,376.619417926,1,115.69462239978571,86.25386875560928,-13.09940373071388,74.84914117055338,45.2855054195767,12.153730296597367,53.93590714648867
