run,obj_vals,opt_converged,opt_runtime,is_best_vec,param_1,param_2,param_3,param_4,param_5,param_6,param_7
1,0.07882150357974999,0,3630.830382752,0,112.0881461515515,78.85810592979138,-15.783708736615544,96.66902472564625,53.0668546159096,1.6195767894541524,55.13937242081472
2,0.07639882257949858,1,374.300439115,1,126.6328327544566,75.11771361433277,-13.176316773946786,92.2941823472003,44.54223914181099,9.122489650037878,56.80779449877261
