{
    "fe_w2": 0.0,
    "delta": 0.9,
    "mu": 55.2283665201883,
    "fe_late": 0.0,
    "fe_w1": 0.0,
    "fe_w3": 0.0,
    "beta_e": 990.8132590093976,
    "prob_respond_alpha": 1.0,
    "gamma_01_factor": 1.0,
    "fe_w4": 0.0,
    "sigma_dt": 71.28773475551323,
    "alpha": 701.213871045771,
    "fe_early": -13.677159413228228,
    "beta_l": 286.65812108125294,
    "gamma": 77.6036420129033,
    "prop_to_wage": 0.0
}
