run,obj_vals,opt_converged,opt_runtime,is_best_vec,param_1,param_2,param_3,param_4,param_5,param_6,param_7
1,0.07958586847190799,1,550.213553937,1,131.61855297770927,62.397173517377006,3.193472416687317,67.17517532167395,70.21337034601586,1.0,52.66614166056433
2,0.08057671710379621,1,2365.946819729,0,113.13971083112902,68.63021356910922,1.657044077426543,63.13811004105318,78.81112829132202,1.000000357470902,47.111081928494656
