run,obj_vals,opt_converged,opt_runtime,is_best_vec,param_1,param_2,param_3,param_4,param_5,param_6,param_7
1,0.07949566296422379,1,416.074092105,0,128.84177132482543,64.08567096831123,-0.8693999058089038,62.767302162915406,64.7381533331713,1.6859136390528107,51.77067348995206
2,0.07913813027895462,1,807.750243841,1,110.658248073059,68.84263272731695,-3.0060162787926696,66.95083586876233,63.684209429156155,1.0,41.64947733674831
