run,obj_vals,opt_converged,opt_runtime,is_best_vec,param_1,param_2,param_3,param_4,param_5,param_6,param_7
1,0.0022517742369363024,1,260.683039777,0,88.73958515650058,96.82859979351552,0.39411293427951144,27.215867197889086,95.18630725333281,16.87596217179369,37.806028544445375
2,0.0022517752623501123,1,326.56664228,0,88.73452246407966,96.82871961825622,0.39330476604165787,27.214153153962908,95.26251364856881,16.875944671774704,37.8054017027463
3,0.0022517742749505504,1,257.656013182,0,88.73930820759507,96.82860673130787,0.3940683992515514,27.215772873357,95.19047676968033,16.87595999423895,37.805994693259365
4,0.002251774202036599,1,236.128757791,1,88.74002705874521,96.82857814744125,0.39418644259437124,27.215992312872267,95.1807768357761,16.875968351611874,37.80608360106679
