{
    "fe_w2": 0.0,
    "delta": 0.9,
    "mu": 33.552607939235294,
    "fe_late": 0.0,
    "fe_w1": 0.0,
    "fe_w3": 0.0,
    "beta_e": 1242.1733306619249,
    "prob_respond_alpha": 1.0,
    "gamma_01_factor": 1.0,
    "fe_w4": 0.0,
    "sigma_dt": 14.813069400422073,
    "alpha": 249.63804405037192,
    "fe_early": -14.59072101837371,
    "beta_l": 924.3261452740585,
    "gamma": 63.526669974345765,
    "prop_to_wage": 0.0
}
