run,obj_vals,opt_converged,opt_runtime,is_best_vec,param_1,param_2,param_3,param_4,param_5,param_6,param_7
1,0.09624062198887333,1,967.667791961,1,170.78578888535188,62.134771866971995,10.971215427399247,85.1509981012028,18.800643418137856,23.55411399937917,47.337959371717446
2,0.09624062203813603,1,747.816496351,0,170.78808955921014,62.134511991707015,10.971890811243517,85.14713445229917,18.801194117162765,23.555390650557676,47.33793227787184
