run,obj_vals,opt_converged,opt_runtime,is_best_vec,param_1,param_2,param_3,param_4,param_5,param_6,param_7
1,0.08204187131565331,1,287.597088429,1,76.0691206252619,55.76858404212359,-19.200813274456653,48.77527693805625,79.35746348336643,22.904043597872793,36.654959249929085
2,0.08204316674612656,1,267.965967298,0,75.53896619200353,55.84424209781462,-19.146767635218993,48.193217706661244,78.40381342156718,22.574570824770365,36.54111138694718
