run,obj_vals,opt_converged,opt_runtime,is_best_vec,param_1,param_2,param_3,param_4,param_5,param_6,param_7
1,0.08080567166898521,1,464.038513208,0,83.03169465865777,56.92467474716124,-14.816280027291658,49.33337164566432,58.23268902691898,24.20779614276758,34.655621519125404
2,0.08080534954851169,1,499.811334337,1,83.44084618607597,56.76898443558396,-14.792034541833683,49.669631608851915,58.64102216352053,24.350768399576026,34.70340827598329
