iteration,param_1,param_2,param_3,param_4,param_5,param_6,param_7
1,64.05385611567539,105.8723708248597,0.0,47.1530031492276,32.709191910686634,20.209339805619763,26.31551625923887
2,67.93115655273576,53.84501736710313,0.0,33.15889005402079,49.774768753021384,35.98111812169454,24.889518308928043
3,144.03745721477245,59.073950784396665,0.0,33.59052383816065,73.7351326817577,31.61089183341918,16.992358415034996
4,95.3147727028002,141.25981254036745,0.0,25.57016095590352,59.29304137870175,34.213750300117596,32.10131608495289
