run,obj_vals,opt_converged,opt_runtime,is_best_vec,param_1,param_2,param_3,param_4,param_5,param_6,param_7
1,0.07578978339931164,1,321.12568002,1,88.46946942591501,29.377170909304578,-32.26256188013367,119.74520633432635,51.615749986583474,31.04427901144898,33.50630498614805
2,0.07579173630413281,1,483.364322661,0,88.46683860044465,29.362019596169496,-32.60306765361101,104.9084504963619,54.17050346721564,23.506203487055643,33.55131094443439
