run,obj_vals,opt_converged,opt_runtime,is_best_vec,param_1,param_2,param_3,param_4,param_5,param_6,param_7
1,0.08083247194374943,1,358.584282102,1,124.07679122608295,60.977704790655444,4.857101924566159,82.6366399299808,57.61829936091446,14.60922336001882,40.630688021549815
2,0.08086866573342942,1,239.100280356,0,124.63119232185707,60.87661942565981,4.964591313869649,81.57577859611561,57.50495560115215,15.773849884965976,40.68210032517828
