run,obj_vals,opt_converged,opt_runtime,is_best_vec,param_1,param_2,param_3,param_4,param_5,param_6,param_7
1,0.09024736910733719,1,404.776777597,1,124.6649928955898,68.82004923566308,-30.42421504127146,125.5757515684189,70.8416824279227,1.2399838449936864,60.243309580091214
2,0.09088575416310617,1,198.037466128,0,111.47185458229319,75.62375385127247,-30.25787158123143,88.35054880901512,61.21373717542027,1.4412721516840317,59.938866272006415
