run,obj_vals,opt_converged,opt_runtime,is_best_vec,param_1,param_2,param_3,param_4,param_5,param_6,param_7
1,0.08858059754879268,1,172.737583333,1,115.61356144742561,86.03338840616381,-17.549454371962458,192.57652025209856,59.532587243539105,36.423022595494075,43.18841856119855
2,0.08858120170305067,1,177.889494932,0,115.91871731766797,85.84766611332797,-17.606753784152943,173.0510322649452,60.1882986416735,32.556862418865734,43.22554911108629
