run,obj_vals,opt_converged,opt_runtime,is_best_vec,param_1,param_2,param_3,param_4,param_5,param_6,param_7
1,0.07857679432841351,1,705.328831986,1,58.38229151951719,95.31568024427769,-18.858382178579628,73.60813575277277,58.670002749201075,8.334838834124083,51.599552240541044
2,0.07893691008489545,1,530.656179951,0,59.210779555706246,94.58494037745879,-18.410998009194856,65.8515797485811,64.38737152397793,18.01534040680172,51.59419010575007
