{
    "fe_w2": 0.0,
    "delta": 0.9,
    "mu": 50.380374391429584,
    "fe_late": 0.0,
    "fe_w1": 0.0,
    "fe_w3": 0.0,
    "beta_e": 511.6530792258659,
    "prob_respond_alpha": 1.0,
    "gamma_01_factor": 1.0,
    "fe_w4": 0.0,
    "sigma_dt": 35.03823978140522,
    "alpha": 1213.5410968512865,
    "fe_early": 15.009041409663018,
    "beta_l": 543.4068961139438,
    "gamma": 34.74389522853848,
    "prop_to_wage": 0.0
}
