iteration,param_1,param_2,param_3,param_4,param_5,param_6,param_7
1,98.44327209815607,97.98246206670521,0.0,58.81635651491355,33.864643791428456,12.707574586649734,15.759346984454087
2,134.71808999650042,89.70123063679684,0.0,57.38281235723524,35.841019127638255,35.404725296554986,34.924548217260835
3,68.77654714824727,112.40609248832469,0.0,27.913780853538373,65.15739580150873,29.916193785014123,36.43865072009347
4,75.58882889225228,140.95772484116037,0.0,36.481936531091655,50.23515963780205,33.207493268922825,21.961915653967168
