run,obj_vals,opt_converged,opt_runtime,is_best_vec,param_1,param_2,param_3,param_4,param_5,param_6,param_7
1,0.09158844195515238,1,152.259413052,1,74.04009947337292,100.49453488846946,-21.354761113844592,80.52917244440148,50.06598334627087,20.926228478128326,52.231230794843725
2,0.09161033575520262,1,213.227292434,0,70.33444553602475,101.50874390913171,-21.207750482379403,82.67131570160278,51.51247872448232,19.46893589603333,51.175374507022795
