run,obj_vals,opt_converged,opt_runtime,is_best_vec,param_1,param_2,param_3,param_4,param_5
1,0.09142298686333093,1,80.781775315,0,244.10017842952834,84.21258591597058,76.10795601959421,15.35515417057136,87.95044348629641
2,0.09140176932950615,1,113.459940244,1,238.19277798246898,83.38877117969756,74.59121208816912,14.101727465581044,86.60636325173357
