{
    "fe_w2": 0.0,
    "delta": 0.9,
    "mu": 55.80403493217877,
    "fe_late": 0.0,
    "fe_w1": 0.0,
    "fe_w3": 0.0,
    "beta_e": 466.0361510768134,
    "prob_respond_alpha": 1.0,
    "gamma_01_factor": 1.0,
    "fe_w4": 0.0,
    "sigma_dt": 21.76437783106905,
    "alpha": 793.9141870810379,
    "fe_early": 8.42666256419839,
    "beta_l": 308.7293982185544,
    "gamma": 64.3015587047883,
    "prop_to_wage": 0.0
}
