run,obj_vals,opt_converged,opt_runtime,is_best_vec,param_1,param_2,param_3,param_4,param_5,param_6,param_7
1,0.08235385791881947,1,366.639071609,0,97.17624370706703,97.4778280727009,-14.004704846138178,56.10057652390191,48.90614292268336,44.79008522809211,51.21242057074069
2,0.08235383965812677,1,1189.518654981,1,97.29184737489787,97.41439569195146,-14.001062146697294,56.16992040143534,48.96764638544406,44.84596980475863,51.22052284751202
