run,obj_vals,opt_converged,opt_runtime,is_best_vec,param_1,param_2,param_3,param_4,param_5,param_6,param_7
1,0.08244455126905328,1,1381.157526238,0,105.20690057846029,87.12581684154722,-17.146379861344503,108.22070544532613,47.11146692268593,61.49777325481602,55.71381301482839
2,0.08244454653223487,1,573.284859204,1,105.20918011375952,87.1228518667227,-17.14683346397034,108.50514125365521,47.105634953791224,61.4982623085064,55.709783592881706
