run,obj_vals,opt_converged,opt_runtime,is_best_vec,param_1,param_2,param_3,param_4,param_5,param_6,param_7
1,0.07457604693855013,1,441.48721172,1,131.92294276908976,81.61690772433184,-30.369101006257914,69.0483708917027,63.9389638095613,56.39647970803193,51.87435107497729
2,0.0926579256511587,0,7227.84931587,0,130.0371285759913,116.17309409030081,0.21875919601746466,54.24142692678933,73.18981579495004,32.391243805836055,15.355027637438296
