run,obj_vals,opt_converged,opt_runtime,is_best_vec,param_1,param_2,param_3,param_4,param_5,param_6,param_7
1,0.07434991204477276,1,4538.342504231,1,127.70217579711334,68.0968110842802,-27.194806793443608,70.49506906271426,64.26606100702278,70.24441923925994,51.5043443139896
2,0.10851070574584802,0,7242.222789863,0,128.77017549358905,115.84857705643638,1.0359171001946625,53.41564632746935,72.93539183499136,32.439849708915354,15.731382612556146
