{
    "fe_w2": 0.0,
    "delta": 0.9,
    "mu": 59.00623226529797,
    "fe_late": 0.0,
    "fe_w1": 0.0,
    "fe_w3": 0.0,
    "beta_e": 390.1025636593803,
    "prob_respond_alpha": 1.0,
    "gamma_01_factor": 1.0,
    "fe_w4": 0.0,
    "sigma_dt": 15.078804837489594,
    "alpha": 1195.6340851771884,
    "fe_early": -8.77021614846499,
    "beta_l": 356.52707847995794,
    "gamma": 36.676048270272624,
    "prop_to_wage": 0.0
}
