run,obj_vals,opt_converged,opt_runtime,is_best_vec,param_1,param_2,param_3,param_4,param_5,param_6,param_7
1,0.07385464564849338,1,454.144831615,0,88.0551346232701,78.51031281010884,-10.335960395794393,98.62989774967865,159.3395760321677,6.553172720128068,44.788944687076146
2,0.07385464564844911,1,588.661198615,1,88.05521960631151,78.5102801212832,-10.335970781555137,98.62983599257754,159.3394335119644,6.553158797553212,44.788964748098614
