run,obj_vals,opt_converged,opt_runtime,is_best_vec,param_1,param_2,param_3,param_4,param_5,param_6,param_7
1,0.0935666815182382,1,303.764867481,0,115.76946781218767,80.41620222870384,-12.153503851438781,114.38347217240958,49.883109746630076,16.753523928362366,36.22829424340613
2,0.09356351354343402,1,461.113746555,1,113.92408325759692,81.07871994018744,-12.366171913891812,106.36010694696675,49.94317527963222,16.507622341405927,35.91269734412426
