run,obj_vals,opt_converged,opt_runtime,is_best_vec,param_1,param_2,param_3,param_4,param_5,param_6,param_7
1,0.08418327644614754,1,198.982949216,0,117.38029597444728,36.281584636892106,3.230040664269112,59.41574659547483,43.34892418154057,9.778817514815787,36.37084916879886
2,0.08418168695384592,1,352.646979884,1,116.42294929087618,36.45868860796918,2.9047365370862357,59.79677096846969,43.626422232835985,9.608077692228854,36.3110165488873
