run,obj_vals,opt_converged,opt_runtime,is_best_vec,param_1,param_2,param_3,param_4,param_5,param_6,param_7
1,0.08479118339305558,1,239.283213811,0,108.00652517531813,31.01355831237929,6.026832563079085,51.02205440103551,42.08603034167075,8.115925811301603,35.05801519810741
2,0.0847350272479856,1,597.689536407,1,105.76711693733127,32.021378803396324,5.821706266202813,55.56722616245364,40.66158271745315,8.384411305299226,34.993987427823804
