{
    "fe_w2": 0.0,
    "delta": 0.9,
    "mu": 44.22130262424813,
    "fe_late": 0.0,
    "fe_w1": 0.0,
    "fe_w3": 0.0,
    "beta_e": 337.43821960826614,
    "prob_respond_alpha": 1.0,
    "gamma_01_factor": 1.0,
    "fe_w4": 0.0,
    "sigma_dt": 18.682836407842288,
    "alpha": 953.5249271203181,
    "fe_early": 3.8014812762835533,
    "beta_l": 333.3412022170573,
    "gamma": 26.53903449618036,
    "prop_to_wage": 0.0
}
