run,obj_vals,opt_converged,opt_runtime,is_best_vec,param_1,param_2,param_3,param_4,param_5,param_6,param_7
1,0.08182415911924296,1,1666.698672605,0,109.65469542370576,79.91931602857497,12.225377941851155,62.8707129697222,55.180250566588846,13.269973743857198,38.604549208500025
2,0.08153172144246745,0,3643.184816483,1,109.32766414130599,80.02670635437192,12.115042774061891,55.44230794611433,58.21789638510119,11.840138404294848,38.743215217586396
