{
    "fe_w2": 0.0,
    "delta": 0.9,
    "mu": 36.4206017456778,
    "fe_late": 0.0,
    "fe_w1": 0.0,
    "fe_w3": 0.0,
    "beta_e": 357.9494645806356,
    "prob_respond_alpha": 1.0,
    "gamma_01_factor": 1.0,
    "fe_w4": 0.0,
    "sigma_dt": 28.935593166732545,
    "alpha": 493.9093292766298,
    "fe_early": 8.907573422914467,
    "beta_l": 933.5128079158569,
    "gamma": 70.97037954697707,
    "prop_to_wage": 0.0
}
