run,obj_vals,opt_converged,opt_runtime,is_best_vec,param_1,param_2,param_3,param_4,param_5,param_6,param_7
1,0.09491594650634855,1,280.367091153,1,293.887417061554,18.512684008248446,-31.633635080946707,101.2013349157082,60.201798762286245,10.139939356830357,76.43808441490404
2,0.09491978912536411,1,476.633401935,0,286.81151839486364,19.56084333457722,-30.3842426569999,100.54650900965605,60.17254597584237,9.941725768816283,75.69256829220302
