run,obj_vals,opt_converged,opt_runtime,is_best_vec,param_1,param_2,param_3,param_4,param_5,param_6,param_7,param_8,param_9,param_10,param_11
1,0.08256273339828689,0,7279.088707898,0,50.309852116677234,129.13896656922003,7.303960027840455,48.46118119382675,-49.74172930206415,-23.268288090860278,47.06553348602045,47.120310427780744,74.98208196044783,8.717694915122005,43.29656989981654
2,0.08219809038322098,1,455.879088682,1,30.69365398692216,135.5266475893633,3.656058667288528,57.587501649462645,-65.91322740977485,-23.490790803026776,44.100514246832866,47.37405012676375,105.59675356552869,6.169721008138294,36.032966841998686
