run,obj_vals,opt_converged,opt_runtime,is_best_vec,param_1,param_2,param_3,param_4,param_5,param_6,param_7
1,0.08487392824537036,1,470.574462245,1,95.06380443438724,101.41623115800594,1.9742558032512636,57.84768248576488,53.85657973503978,20.465383623445256,54.21425191234162
2,0.08487402925744837,1,761.488882601,0,94.54381671672952,101.53069024894678,1.9680506808961673,57.817095273208615,53.83610718430485,20.457542291668826,54.058072112210716
