run,obj_vals,opt_converged,opt_runtime,is_best_vec,param_1,param_2,param_3,param_4,param_5,param_6,param_7
1,0.0849240701847607,1,359.224819406,1,92.95934486084548,104.12465084646662,0.7257154586834011,48.22937725735181,54.9040058155362,22.244862759615792,49.99809879079502
2,0.08492414706511474,1,500.699306416,0,92.91137510856747,104.1644293478738,0.7400251457244312,48.23851731076656,54.90307213845707,22.225144066889676,49.992364077568
