run,obj_vals,opt_converged,opt_runtime,is_best_vec,param_1,param_2,param_3,param_4,param_5,param_6,param_7
1,0.07152799539447635,1,523.335500951,0,116.19161113896048,83.78712860937446,-26.37776207424895,74.0386434074399,46.22785900116845,46.662314487517285,61.26363589319708
2,0.07152634175730982,1,371.57872688,1,115.89401175616774,83.97411180602661,-26.21936054561502,74.87167633851583,46.00213465269397,47.40714720669959,61.21076611992738
