run,obj_vals,opt_converged,opt_runtime,is_best_vec,param_1,param_2,param_3,param_4,param_5,param_6,param_7
1,0.07104381806373758,1,2924.272672982,0,102.39444864136861,76.45289539542738,-23.20813238052009,88.80417591044757,47.69282228641306,56.39386874965599,60.62131919746088
2,0.0710438137557319,1,913.719741906,1,102.45170231087637,76.43260849052051,-23.200258724618635,88.80702557559353,47.70298985809529,56.40090671003841,60.62713540935093
