run,obj_vals,opt_converged,opt_runtime,is_best_vec,param_1,param_2,param_3,param_4,param_5,param_6,param_7
1,0.07324875051911771,1,2775.366271359,1,117.80657336241138,52.324714456117796,-27.162881892820394,73.12650044147625,213.4238897685516,25.14446677021047,68.4194611140472
2,0.07350986675341543,1,396.838396172,0,117.81761019199025,51.192107620515316,-29.230661850622607,75.4930366617637,423.18096903654606,23.415138522764412,68.98030973763287
