run,obj_vals,opt_converged,opt_runtime,is_best_vec,param_1,param_2,param_3,param_4,param_5,param_6,param_7
1,0.07072728375024744,1,304.625511087,1,116.52964581484662,87.96580762901236,26.933601295022047,187.8247675772209,49.598673887563194,67.3815709808019,48.05445081359773
2,0.1108745562825433,0,7242.068986477,0,131.24876984231412,114.16855880409919,1.3588756398490904,54.99419982320454,72.23454268039832,31.472287046572134,15.561333392339078
