run,obj_vals,opt_converged,opt_runtime,is_best_vec,param_1,param_2,param_3,param_4,param_5,param_6,param_7
1,0.07120296005972182,1,367.836297491,1,134.46927879983411,91.0603688701,30.237015243495954,130.41981161339734,53.179090082346825,57.10666180287891,46.96615661798416
2,0.09465615328938895,0,7245.647308666,0,129.7282969719651,116.82555839504133,0.6285745336028553,53.968726392395965,72.64483578604059,32.419202956305234,15.302429276489041
