run,obj_vals,opt_converged,opt_runtime,is_best_vec,param_1,param_2,param_3,param_4,param_5,param_6,param_7
1,0.049037884570345955,1,591.585135297,1,46.69567967889881,109.09015753725585,-4.163849969089321,141.21172397462078,32.853576324760965,16.550615929950116,14.805462919202267
2,0.04906117967180388,1,319.686694688,0,46.69723137518152,108.95673649519932,-4.092967709941835,160.8416239004824,32.52552964550118,17.408701406330955,14.687988683193478
3,0.04907539317973295,1,637.755806256,0,47.54206995545416,109.32159506833753,-4.097028950724933,153.85435765718,32.93630294868947,16.836928509812964,15.064259933512293
4,0.049037940274909535,1,415.580201441,0,46.653505551009545,109.06908406966058,-4.161366138363377,140.73963223334326,32.85649586479085,16.579027739304493,14.784419722676509
