{
    "fe_w2": 0.0,
    "delta": 0.9,
    "mu": 25.490729106228425,
    "fe_late": 0.0,
    "fe_w1": 0.0,
    "fe_w3": 0.0,
    "beta_e": 436.1993608789082,
    "prob_respond_alpha": 1.0,
    "gamma_01_factor": 1.0,
    "fe_w4": 0.0,
    "sigma_dt": 49.74712565552207,
    "alpha": 360.0498466959363,
    "fe_early": 9.381402515297125,
    "beta_l": 307.1706006881212,
    "gamma": 61.74391176585416,
    "prop_to_wage": 0.0
}
