run,obj_vals,opt_converged,opt_runtime,is_best_vec,param_1,param_2,param_3,param_4,param_5,param_6,param_7
1,0.08376061253537159,1,203.416845081,1,129.43738483878641,67.69386613388622,10.13495743210754,92.3359276621952,113.96444917251,24.05857794611027,54.64192796082507
2,0.08376306977926293,1,228.993878884,0,128.76373678187977,67.89212646930602,9.995447670457235,90.43446010678086,110.47640777324366,22.89647450171663,54.70314582899242
