run,obj_vals,opt_converged,opt_runtime,is_best_vec,param_1,param_2,param_3,param_4,param_5,param_6,param_7
1,0.0815108420347669,1,464.297627458,1,96.60678297785923,90.93971262148473,-22.583276637296656,154.76674196066782,43.10667892826078,27.813331054871238,61.7015834655494
2,0.10716690070357854,0,7251.011850021,0,129.26527077583773,117.02517457282242,1.45499158720081,55.05781680305224,72.41525660480801,31.916201663253037,15.296091666972384
