run,obj_vals,opt_converged,opt_runtime,is_best_vec,param_1,param_2,param_3,param_4,param_5,param_6,param_7
1,0.08938516261618325,1,305.477549666,1,170.0621678003639,30.065290086725508,-9.50581082300747,97.64574742268655,75.40073507234204,1.0000007097738568,46.54028149914067
2,0.08949985074524712,1,493.362913986,0,169.2092677388175,29.2832095529056,-11.170174212949231,103.73679280681509,75.88568531834554,1.0,46.792601184997906
