{
    "fe_w2": 0.0,
    "delta": 0.9,
    "mu": 38.91184921254056,
    "fe_late": 0.0,
    "fe_w1": 0.0,
    "fe_w3": 0.0,
    "beta_e": 846.4704337541475,
    "prob_respond_alpha": 1.0,
    "gamma_01_factor": 1.0,
    "fe_w4": 0.0,
    "sigma_dt": 200.69024059146767,
    "alpha": 703.2983413774379,
    "fe_early": 33.55349790089933,
    "beta_l": 278.62784947990997,
    "gamma": 58.42906625040653,
    "prop_to_wage": 0.0
}
