run,obj_vals,opt_converged,opt_runtime,is_best_vec,param_1,param_2,param_3,param_4,param_5,param_6,param_7
1,0.08452135722232408,0,3638.675277871,0,90.39393294584309,110.59578800020513,2.6996484323184458,57.89148268015716,62.60251742883608,37.994922251155934,47.38261248398603
2,0.08452034656717629,1,1776.590723824,1,89.67022508340655,110.9799419917972,2.716913194262213,57.84352457300525,62.73540438896627,38.298763229441334,47.30982506097096
