run,obj_vals,opt_converged,opt_runtime,is_best_vec,param_1,param_2,param_3,param_4,param_5,param_6,param_7
1,0.08732978191034525,1,401.908943331,1,120.9852057298304,61.95422869214002,5.409335107668454,57.96400204794233,75.0919050591821,27.648500077473972,45.07400424378896
2,0.08733054387805456,1,2704.202060214,0,117.59611510071772,63.28523615301277,5.602215683802337,59.56683922968271,76.72278903056889,28.24994772324828,44.516070153179164
