run,obj_vals,opt_converged,opt_runtime,is_best_vec,param_1,param_2,param_3,param_4,param_5,param_6,param_7
1,0.07949182896247357,1,253.307069336,0,93.76883931644323,47.708101072487885,12.204560337205194,54.39797152932663,87.07147497693029,1.0081575599727428,26.608050889311308
2,0.07781507041844059,1,440.908643799,1,73.84538644693208,51.41121438310722,7.14582187590197,50.249258380760935,72.68149905973098,5.527846967989264,24.84357319960394
