run,obj_vals,opt_converged,opt_runtime,is_best_vec,param_1,param_2,param_3,param_4,param_5,param_6,param_7
1,0.07884732038272488,1,179.105102056,1,97.5040581259975,51.60323844631432,7.454377969939168,51.51130163725413,70.24031848255477,6.527034439031864,26.325520513230284
2,0.07893646414146636,1,213.522064845,0,82.75467270406851,54.3412366963138,2.7139768842287033,48.354527241614846,66.19215717924503,7.077386260972421,25.26964013082464
