run,obj_vals,opt_converged,opt_runtime,is_best_vec,param_1,param_2,param_3,param_4,param_5,param_6,param_7
1,0.08552381212265352,1,593.264159833,1,110.56879348255373,107.8198283969275,1.563025805307659,53.81674378735327,140.557653273167,40.84780378611638,49.57525351388422
2,0.0855238818521092,0,3628.669288401,0,110.83731185125522,107.75377086758368,1.688174040816841,54.22759787826036,142.39317053543968,40.727949213442905,49.59224759966125
