run,obj_vals,opt_converged,opt_runtime,is_best_vec,param_1,param_2,param_3,param_4,param_5,param_6,param_7
1,0.08322669962806777,1,208.399061059,0,60.00309541597607,60.911278093659675,-6.2167118518035,37.15504930038504,59.61602663950254,5.002894896426937,38.80970142739849
2,0.08319613847660481,1,396.800587617,1,62.201481708257376,59.965447754662925,-5.703729471357666,38.80059860595352,58.55372624368673,5.050979434203364,38.9494726930641
