{
    "fe_w2": 0.0,
    "delta": 0.9,
    "mu": 42.62198452710471,
    "fe_late": 0.0,
    "fe_w1": 0.0,
    "fe_w3": 0.0,
    "beta_e": 352.6281169488498,
    "prob_respond_alpha": 1.0,
    "gamma_01_factor": 1.0,
    "fe_w4": 0.0,
    "sigma_dt": 16.831939518847857,
    "alpha": 289.4023468103465,
    "fe_early": -31.06182109457691,
    "beta_l": 304.79644535997994,
    "gamma": 73.75630245095248,
    "prop_to_wage": 0.0
}
