run,obj_vals,opt_converged,opt_runtime,is_best_vec,param_1,param_2,param_3,param_4,param_5,param_6,param_7
1,0.0787954808609449,1,671.271640144,1,129.84107083504458,76.33922763177586,-15.955205641755917,148.5012518514289,78.48102618424828,1.098891348576319,41.11581182476849
2,0.0793278139333224,1,422.51935922,0,124.74528138244301,78.92890614992828,-14.116869268678945,127.98271777636192,78.10851960023037,4.341959211027641,42.37523537621801
