run,obj_vals,opt_converged,opt_runtime,is_best_vec,param_1,param_2,param_3,param_4,param_5,param_6,param_7
1,0.07982419281640746,1,252.895155966,1,121.36402773176827,76.33118915153105,-5.356883867194718,105.71432660485223,64.94076818010294,28.382538457674137,35.71348159313795
2,0.0798266664921508,1,186.81038106,0,121.69455789905871,76.15950233490834,-5.0749061742932575,104.94678219573626,64.4708485500786,28.333197318327155,35.68823890982481
