run,obj_vals,opt_converged,opt_runtime,is_best_vec,param_1,param_2,param_3,param_4,param_5,param_6,param_7
1,0.08540239468513834,1,1098.834377206,0,215.75183142799722,46.32853155643585,14.102199219625104,116.89239672399376,66.6204008646282,46.48853647119414,49.86857568358164
2,0.08539738511070202,1,2176.056706985,1,215.21618084253578,46.339844993437985,13.875827059421798,110.87954185501823,68.3728419764287,44.882889444312006,49.85555213240411
