run,obj_vals,opt_converged,opt_runtime,is_best_vec,param_1,param_2,param_3,param_4,param_5,param_6,param_7
1,0.08921827506627544,1,249.50888839,0,46.375742555070666,61.26592750795731,-15.36782995163834,42.98682277998513,35.248321489467614,10.713050239508238,32.98395412180322
2,0.0892067102785237,1,402.45687559,1,46.35608057454198,61.58812435279046,-15.28927614788566,41.91688486422825,35.64308476632354,10.556625037293443,33.02556229260266
