run,obj_vals,opt_converged,opt_runtime,is_best_vec,param_1,param_2,param_3,param_4,param_5,param_6,param_7
1,0.07666649833523041,1,197.255294914,1,67.7079723871513,49.3836934040647,-9.493156469756336,72.21807540789011,36.67575086254623,7.525243056143353,33.51051895686534
2,0.07667747346175174,1,235.260536719,0,67.25610430128187,49.55035837613578,-9.535384014811614,74.09933407872921,37.225462051586504,7.0928532892466425,33.46818298323204
