run,obj_vals,opt_converged,opt_runtime,is_best_vec,param_1,param_2,param_3,param_4,param_5,param_6,param_7
1,0.07565772842510801,1,214.023053523,0,73.02421262998895,53.58741218859186,-11.228651052997575,73.51427978617335,38.215360279580594,8.241932070940928,33.19641651025982
2,0.07565761145823297,1,383.080215159,1,73.18478822523034,53.54874333055174,-11.186533471957553,73.48036083109126,38.170501191009535,8.265493113135262,33.215222840829206
