obj_vals,opt_results,opt_runtime,param_1,param_2,param_3,param_4,param_5,param_6,param_7
0.08698288927229361,1,511.46525378,103.92229694077967,84.6884158935967,8.954152689395558,164.998643053322,72.21363060530905,58.78788486684346,55.44082680735382
