run,obj_vals,opt_converged,opt_runtime,is_best_vec,param_1,param_2,param_3,param_4,param_5,param_6,param_7
1,0.0883220455354168,1,1078.282265162,1,141.4952517482083,51.25535483524388,-6.140924788002,10341.993219519944,22.192992957840783,16.011701713148682,50.17774014392986
2,0.09314297038932812,1,411.385314639,0,92.5770589072637,67.94391226566106,-1.7990163954875735,440.33003131888796,184.4017936392683,766.8582366478039,50.386138271851664
