run,obj_vals,opt_converged,opt_runtime,is_best_vec,param_1,param_2,param_3,param_4,param_5,param_6,param_7
1,0.08683038693688877,1,6868.209791709,0,139.3467160192262,54.06847006966553,-8.384938401707618,1497.2721625818172,37.03426510042493,19.048669768185494,44.091568782884046
2,0.08613366639556613,1,835.089439208,1,145.2731441842428,51.31292010868425,-8.320786113671245,12222.33386649354,30.030683579173033,21.753362778129777,45.68254241124968
