run,obj_vals,opt_converged,opt_runtime,is_best_vec,param_1,param_2,param_3,param_4,param_5,param_6,param_7,param_8,param_9,param_10,param_11
1,0.07689576530031877,1,1612.099354339,0,164.02219580045033,116.35558172666046,25.767583985955582,65.5874352714432,-56.180093583562176,1.5195251007795105,73.7162834864339,57.425614537006396,83.44020820498939,31.9762608898547,69.2278638876718
2,0.07652915444331056,1,671.501274713,1,33.34050977489873,160.57028374353203,4.56729399366098,109.3535966900936,-123.42129325172755,-26.967237381312636,76.31100904382673,49.30897414844162,72.56372960347773,32.56722922895355,41.51744326824496
