run,obj_vals,opt_converged,opt_runtime,is_best_vec,param_1,param_2,param_3,param_4,param_5,param_6,param_7
1,0.08150851989123573,1,486.607228018,1,102.18975435786898,119.56006669998689,3.5508223332412507,45.36108831532798,45.912933275783196,13.217154666923717,47.72855319649785
2,0.08151653377779126,1,247.014956061,0,103.28208867082307,119.16345090499871,3.737178911860417,45.2255411062491,45.84955966159775,13.379495805615154,47.921594623274025
