run,obj_vals,opt_converged,opt_runtime,is_best_vec,param_1,param_2,param_3,param_4,param_5,param_6,param_7
1,0.07149310973153317,1,408.818454187,0,229.6785154414198,23.7843585001727,41.11177866615896,67.17936522503669,76.79971422644603,43.78079306674014,47.29410928690907
2,0.0714855686574177,1,530.695859218,1,234.69080697665834,22.73795840552047,42.402558429714546,68.72160233675787,77.19220794321163,44.05183215430537,47.535734477768024
