run,obj_vals,opt_converged,opt_runtime,is_best_vec,param_1,param_2,param_3,param_4,param_5,param_6,param_7
1,0.07946827532193197,1,259.765830808,0,187.78006723171183,81.32220204366449,14.976496245080659,82.11609435985754,88.72953874767506,18.243344324317338,42.29033232047348
2,0.07946020827449875,1,644.592333792,1,191.05964981845543,81.05198487847123,16.354722688374665,82.9313268751755,92.28129835501444,18.12502120334279,42.24836921672467
