run,obj_vals,opt_converged,opt_runtime,is_best_vec,param_1,param_2,param_3,param_4,param_5,param_6,param_7
1,0.07843675924730961,1,549.447951549,1,236.85492741918065,83.48240162851054,25.11574289879545,107.4659120565427,198.79767608587306,6.42401780297558,48.30334737953962
2,0.07897281046437848,1,187.531334722,0,243.04689293208725,82.31177765194231,26.164478161242723,97.09928624697898,325.9157549071007,8.878456737571762,49.12536355120942
