{
    "fe_w2": 0.0,
    "delta": 0.9,
    "mu": 69.4447200833182,
    "fe_late": 0.0,
    "fe_w1": 0.0,
    "fe_w3": 0.0,
    "beta_e": 711.1338510622409,
    "prob_respond_alpha": 1.0,
    "gamma_01_factor": 1.0,
    "fe_w4": 0.0,
    "sigma_dt": 14.108091979431247,
    "alpha": 1076.4937871454358,
    "fe_early": -43.51283533809175,
    "beta_l": 1566.3668019675374,
    "gamma": 61.197342249170326,
    "prop_to_wage": 0.0
}
