run,obj_vals,opt_converged,opt_runtime,is_best_vec,param_1,param_2,param_3,param_4,param_5,param_6,param_7
1,0.07132775862608311,1,568.898036529,1,134.90551036312203,76.1190830493516,-35.26607654381827,84.00742055539392,51.433369025664,52.932892446395705,66.74137693778128
2,0.09603024988546714,0,7261.129127623,0,128.92502762679229,116.18443613946026,1.6127752674377525,53.22553923295617,72.72524151427999,32.61432483921954,15.360667994165345
