run,obj_vals,opt_converged,opt_runtime,is_best_vec,param_1,param_2,param_3,param_4,param_5,param_6,param_7
1,0.08174320025213769,1,297.810612779,1,128.9828550957144,88.7589472534088,-0.8392128812018415,71.44901732220121,81.76653536557532,12.819479376876318,50.95209194466705
2,0.08230695588323553,1,603.211589178,0,98.39719828132283,100.1323875910815,1.691398897845617,74.938641452484,59.667421256538795,6.123077495046591,45.13859438207867
