run,obj_vals,opt_converged,opt_runtime,is_best_vec,param_1,param_2,param_3,param_4,param_5,param_6,param_7
1,0.08169809905958375,1,740.204279615,1,129.17629834670933,82.48768205590738,6.275905435543623,82.11034590870811,86.31276660086245,8.065323197969333,58.470621832146804
2,0.08183446419877359,1,236.2783233,0,145.3864458398108,75.17588996406933,6.290880130408269,80.46631590775354,125.45378851959671,13.620644153780972,59.78124230095283
