run,obj_vals,opt_converged,opt_runtime,is_best_vec,param_1,param_2,param_3,param_4,param_5,param_6,param_7
1,0.058641885727454546,1,195.540935631,0,164.28316369508664,84.60587372356352,4.305700567546816,45.96339464666161,27.21436753462414,14.280108676179928,84.90365741886501
2,0.05864090078384317,1,408.522740408,1,166.0077222782271,84.01291384402509,4.413818748602739,46.09244853680334,27.205583661343525,14.261594400605361,85.20022559264036
3,0.0586418912035158,1,524.148671389,0,164.63418491161505,84.4840524288311,4.328106971613503,45.99131807324979,27.197968809439992,14.29273776216921,84.96485893395999
4,0.058640912029185505,1,422.349105012,0,166.1458605829705,83.96420344468804,4.418969057344597,46.11121265445451,27.20725385029618,14.254147650468127,85.22513594086341
