run,obj_vals,opt_converged,opt_runtime,is_best_vec,param_1,param_2,param_3,param_4,param_5,param_6,param_7
1,0.055408506726466626,1,405.251663514,0,69.31849041335167,106.78485825051261,-6.773759867554999,43.62655296954744,32.24786720533617,15.011635367652046,17.29078899270837
2,0.05540850672571121,1,283.605924422,0,69.31641980109974,106.78468458889229,-6.773725612735882,43.626363122238644,32.24788699498532,15.01151622451406,17.29030632718359
3,0.05657572168253363,1,732.777821564,0,134.70111055901603,96.63974105652423,1.4643657276664965,48.28362771430953,34.22958828760655,13.850934942678771,17.460761010451165
4,0.05540840953040114,1,308.676346665,1,69.72096129385484,106.81723156748737,-6.7802317865578985,43.65628613498176,32.249252755012414,15.009119567638638,17.38238660624137
