run,obj_vals,opt_converged,opt_runtime,is_best_vec,param_1,param_2,param_3,param_4,param_5,param_6,param_7
1,0.07514440941394393,1,1471.726315611,0,159.85131773219385,46.121555402903596,-61.83430527951419,127.74977318509325,67.05909964400149,24.37445922187696,57.33852651193221
2,0.07514421880042539,1,545.694957617,1,160.28594038904697,45.92814587924338,-62.01139061821549,127.84169875297795,67.09311120873905,24.38598536665083,57.36967681644149
