run,obj_vals,opt_converged,opt_runtime,is_best_vec,param_1,param_2,param_3,param_4,param_5,param_6,param_7
1,0.09053401943678394,1,363.733679803,1,92.84783255772015,95.6080558890245,-19.382554620546202,118.18212542491106,79.71183212043545,6.431325450522427,45.22509636680792
2,0.09113065585379397,1,231.343008055,0,118.07987008777802,82.13273115578151,-16.999276731728674,137.5924380117246,87.9904507399062,13.466534226369431,47.55093011047828
