run,obj_vals,opt_converged,opt_runtime,is_best_vec,param_1,param_2,param_3,param_4,param_5,param_6,param_7
1,0.05682475227798326,1,622.318989979,1,102.8588227841779,46.94602291388791,-1.1381149206532573,74.56495484444446,44.75938007515747,53.162059620596835,26.737930445619636
2,0.05682480066326944,1,440.676952244,0,102.84261326885597,46.955168399366336,-1.139204179753424,74.46255460224909,44.76674000768764,53.12239582659322,26.73701851780226
3,0.05682482995643892,1,775.041139834,0,102.72592058009243,47.00188763108175,-1.1274470701461854,74.59424820636353,44.839262988971946,53.22257589210896,26.72591403551116
4,0.05682479328291618,1,644.379566003,0,102.85019797773002,46.951253183940295,-1.1397163821557017,74.46191616409199,44.7783723526328,53.12821909899321,26.73763421159741
