iteration,param_1,param_2,param_3,param_4,param_5,param_6,param_7
1,104.07136036712114,138.29012821991563,0.0,70.96828965968469,57.11769019765545,14.552293011209006,36.58118763793918
2,117.20559440696829,74.44190483085829,0.0,55.4674533230761,69.98663932239997,18.350463421782965,26.11578762250124
3,51.07478996289516,76.04637144333037,0.0,28.117476298099497,70.02801531839928,14.001915568771295,18.91532115735421
4,61.705964846565195,89.79619333067654,0.0,59.402268570588404,40.67485528479808,18.420895890223463,31.49657683760758
