run,obj_vals,opt_converged,opt_runtime,is_best_vec,param_1,param_2,param_3,param_4,param_5,param_6,param_7
1,0.05806380469327874,1,1256.367607465,0,108.11566817916979,41.1653091474745,0.1991753832734026,77.12170255472317,43.6030658228652,57.92883602474934,26.56210179805258
2,0.05806379769538379,1,2200.978277581,0,108.124311740054,41.16050927686389,0.19931081158117164,77.12108546472376,43.60324435324726,57.928491435043576,26.561852825279647
3,0.058063716014382094,1,764.140224229,0,108.18213677112334,41.137851666927546,0.20402840613944612,77.27609735796713,43.68009820377508,58.038535714968575,26.566810507234095
4,0.058056737423758845,0,3621.793705665,1,105.83922904887201,41.83564244724066,-0.06832596247521962,76.93215683016753,43.73282319499331,59.833029741901996,26.453113054112933
