run,obj_vals,opt_converged,opt_runtime,is_best_vec,param_1,param_2,param_3,param_4,param_5,param_6,param_7
1,0.08091072033003623,1,1033.131576954,0,139.65056120187805,76.55753970758936,-9.941964991562973,131.5306126517759,42.70165359398864,45.61302098195223,53.58134775703659
2,0.0809105314871717,1,1965.734410714,1,138.74916195350553,76.98169008286648,-9.752999315106647,130.54822033972303,42.63931865606347,45.850256136208635,53.4548774981805
