run,obj_vals,opt_converged,opt_runtime,is_best_vec,param_1,param_2,param_3,param_4,param_5,param_6,param_7
1,0.0755214191324646,1,425.162493621,0,66.74030808287168,112.47986029677192,-15.29452828474422,61.85332112711882,85.6944670999246,12.781334794132757,43.79947195058882
2,0.07549307739257716,1,611.797619026,1,67.82560938721416,110.94837458192293,-16.48279752994465,59.79709451614629,140.42371862236294,9.84056457662664,44.124029181425556
