run,obj_vals,opt_converged,opt_runtime,is_best_vec,param_1,param_2,param_3,param_4,param_5,param_6,param_7
1,0.07523835030451394,1,677.938047472,1,66.52770632529622,115.4704368321482,-15.787292170217178,49.758724359505194,72.48386918851517,16.59248011533656,39.24764208315518
2,0.07523835316508129,1,558.337427633,0,66.49932586181654,115.48614544991881,-15.78949002478649,49.79746189373533,72.3600974765357,16.46744792242758,39.24342722397762
