run,obj_vals,opt_converged,opt_runtime,is_best_vec,param_1,param_2,param_3,param_4,param_5,param_6,param_7
1,0.08518558448876863,1,407.658657669,1,135.7314260131413,69.9502563133185,-12.720564161519404,87.93513382387782,45.749825726295775,35.471905923569665,45.65596624182956
2,0.08518585299232809,1,2410.458713395,0,135.03433414071347,70.20244967226677,-12.9904284252731,87.73956319662933,45.74943528275818,35.594124002708774,45.55516895650006
