run,obj_vals,opt_converged,opt_runtime,is_best_vec,param_1,param_2,param_3,param_4,param_5,param_6,param_7
1,0.08403929745913277,1,425.125486221,1,157.9229468908847,59.62184616567731,-25.23273895639498,96.89852320881467,52.77475617168744,36.374328886486325,55.65392468610267
2,0.08403930214679614,1,357.55050282,0,157.7096475830484,59.681401222038154,-25.318711315329438,96.67917648895924,52.744983015936086,36.32111170507412,55.62137393467566
