run,obj_vals,opt_converged,opt_runtime,is_best_vec,param_1,param_2,param_3,param_4,param_5,param_6,param_7
1,0.08018928630260236,1,200.59891627,0,107.79848565388797,112.08270468951275,4.149945584083523,119.1951048641942,72.4655381060445,23.569658295512536,51.01225246920923
2,0.080151191046106,1,309.785364329,1,114.2253103719289,109.24289896604718,3.7273525932197007,143.74573383393874,66.4831701799057,22.310472759726846,53.28547236375633
