run,obj_vals,opt_converged,opt_runtime,is_best_vec,param_1,param_2,param_3,param_4,param_5,param_6,param_7
1,0.08060863424273594,1,235.659696534,0,52.47193647361844,71.08977017118535,7.520896957178342,32.77348579997974,40.89053106100377,10.338562704884062,31.30788869379308
2,0.08060768750925569,1,162.45747244,1,52.05459386648269,71.33017361289082,7.468057146199702,32.962622370109536,40.909500633123436,10.242076764455602,31.225951185020218
