run,obj_vals,opt_converged,opt_runtime,is_best_vec,param_1,param_2,param_3,param_4,param_5,param_6,param_7
1,0.0806267522387455,1,235.118918557,0,68.66948507051546,67.10746857651594,9.294019641235728,37.769205451183865,41.138599430252206,11.661194680658904,31.871469694685047
2,0.08062120334733129,1,260.721026694,1,68.42112755001126,67.12996197236194,9.280486352892293,37.578679440454586,41.35303722321945,11.463489875726061,31.80621624485235
