run,obj_vals,opt_converged,opt_runtime,is_best_vec,param_1,param_2,param_3,param_4,param_5,param_6,param_7
1,0.060024387574406535,1,235.228265856,0,100.58104307777084,54.77516751099779,0.14717240950446508,111.89424230218978,38.266190078362754,5.50478662604971,23.167083976797915
2,0.05997517029584489,1,274.324271818,0,101.82317126571789,54.725491066705914,-0.19689002551525597,113.57155564700275,38.88682005773872,5.549506137520545,23.436099408679674
3,0.059897097385056504,1,385.732943812,1,101.35236853864672,54.88298887353461,0.09474511151334547,141.38656851555788,40.89172492302913,3.986932452818379,23.426978523689993
4,0.060084000379878814,1,190.297837019,0,99.61021624004293,55.52356873523572,-0.2943394293941278,111.90003444652503,37.82956062876928,6.412990532079235,23.329624029415047
