{
    "fe_w2": 0.0,
    "delta": 0.9,
    "mu": 63.60699788427368,
    "fe_late": 0.0,
    "fe_w1": 0.0,
    "fe_w3": 0.0,
    "beta_e": 332.78938937002806,
    "prob_respond_alpha": 1.0,
    "gamma_01_factor": 1.0,
    "fe_w4": 0.0,
    "sigma_dt": 4.5926461500796885,
    "alpha": 661.4099895325912,
    "fe_early": -4.807577769646535,
    "beta_l": 399.75482271335045,
    "gamma": 89.94074025126855,
    "prop_to_wage": 0.0
}
