run,obj_vals,opt_converged,opt_runtime,is_best_vec,param_1,param_2,param_3,param_4,param_5,param_6,param_7
1,0.08351949817358373,1,577.626798853,0,261.94106984920234,10.752493033468042,-25.923617997071613,103.93863502011483,149.12522684130198,27.898176625868597,60.42164898710638
2,0.08328415080404257,1,1950.39047275,1,262.8270235716822,10.500424268632488,-25.968538999418005,95.0208886368641,210.41845571495918,26.607585358343446,60.52661228273721
