run,obj_vals,opt_converged,opt_runtime,is_best_vec,param_1,param_2,param_3,param_4,param_5,param_6,param_7
1,0.08912405260462165,1,370.198905138,0,147.20304450768293,55.96236135621068,-16.987689041456473,70.14058487652811,50.50393229634868,32.85836241844331,55.95891188700271
2,0.08912405241894741,1,329.540743266,1,147.1864868418452,55.96589417104037,-16.9901609655992,70.13999385452513,50.52745837117879,32.85579028160064,55.95835770614957
