run,obj_vals,opt_converged,opt_runtime,is_best_vec,param_1,param_2,param_3,param_4,param_5,param_6,param_7
1,0.08013337684964812,1,322.500095101,1,156.302924825184,71.52419842226857,-39.85265566325551,114.97226287939928,67.50647184767811,21.351491104521735,56.468308083081
2,0.08013359551993389,1,429.048649338,0,151.04023507044678,73.37109260853394,-40.59921970839402,111.94064697660464,66.61895636162001,21.510988403365815,56.41585983123114
