run,obj_vals,opt_converged,opt_runtime,is_best_vec,param_1,param_2,param_3,param_4,param_5,param_6,param_7
1,0.09083477971196931,1,415.613913253,0,35.554498043438954,88.73296710576469,-3.0357424074994444,73.46455772012861,181.2515492034722,13.87535931563056,42.65251522980756
2,0.09076112809485061,1,295.17743363,1,38.27694649394107,87.99819441396914,-1.9751446313191237,70.4470881364147,179.92146759627676,13.001282916344199,42.90292807977119
