run,obj_vals,opt_converged,opt_runtime,is_best_vec,param_1,param_2,param_3,param_4,param_5,param_6,param_7
1,0.09232792289855335,1,457.663334736,1,20.09311020057623,92.62775613155536,-4.555637733909415,190.34557146062826,210.2794654764952,90.57668788497783,40.59096290513521
2,0.09242620050387342,1,158.878774486,0,32.61940095962612,88.99283909618687,-3.1768440529648925,114.19012378675893,151.4045959891846,30.83802878454551,46.78767547580055
