{
    "fe_w2": 0.0,
    "delta": 0.9,
    "mu": 58.541160916508105,
    "fe_late": 0.0,
    "fe_w1": 0.0,
    "fe_w3": 0.0,
    "beta_e": 556.114457788898,
    "prob_respond_alpha": 1.0,
    "gamma_01_factor": 1.0,
    "fe_w4": 0.0,
    "sigma_dt": 1.0665534151367815,
    "alpha": 985.7507525234757,
    "fe_early": 6.2033021898749166,
    "beta_l": 638.1061354867447,
    "gamma": 58.255667122501926,
    "prop_to_wage": 0.0
}
