run,obj_vals,opt_converged,opt_runtime,is_best_vec,param_1,param_2,param_3,param_4,param_5,param_6,param_7
1,0.07815826028606106,1,948.750425233,1,116.14505332460395,81.21475498895171,-11.218356118810968,70.1246729730643,69.57403949061762,21.30086729761782,56.729645134361355
2,0.07815908189682227,1,336.744646939,0,117.226092171099,80.75164098418517,-11.018750068670919,69.4118803640183,69.82469461450857,20.932928493973254,56.864521993690666
