run,obj_vals,opt_converged,opt_runtime,is_best_vec,param_1,param_2,param_3,param_4,param_5,param_6,param_7
1,0.0685831699684012,1,534.73325576,0,145.2906206258616,52.64627139904729,5.67486202749816,184.82389279153364,24.25672174091849,11.838574964460651,68.95196285190103
2,0.0685925922416028,1,384.572870543,0,142.6036103888211,53.823108175866786,5.681105294331851,179.56172347159605,24.136843250111124,11.876898238956553,68.50997055585349
3,0.06857860471454195,1,275.339354177,0,143.32132091527683,53.008913999841845,5.627057231458768,182.98733772588756,24.19802218686329,11.501410628606223,68.3626951609679
4,0.0684762376681864,1,383.962047503,1,139.9307357353779,54.53457884214453,5.298819596983083,269.95095054878726,24.258993258366978,11.727217094929077,68.14067683117325
