run,obj_vals,opt_converged,opt_runtime,is_best_vec,param_1,param_2,param_3,param_4,param_5,param_6,param_7
1,0.07906671111715213,1,432.836346318,1,97.89529147415058,63.96355819204881,-11.994447953833893,382.3310634804561,80.40112658585477,117.24639572781031,53.09781800080658
2,0.07919275974511285,1,409.685019151,0,98.42012100327572,64.0111076888447,-11.514433109396132,327.6147404293111,80.37659448279226,127.94179115144453,53.164188179931685
