run,obj_vals,opt_converged,opt_runtime,is_best_vec,param_1,param_2,param_3,param_4,param_5,param_6,param_7
1,0.08047295809208611,1,499.58886773,0,81.25297634886171,67.86607325326031,-15.660352288431595,617.4690732077038,95.58976513052662,256.9421278160846,60.75424484093423
2,0.08044109926860193,1,531.316844293,1,81.45801781485373,67.79582811982115,-15.837777093989596,640.7460710364721,94.63696316257396,248.7585987492395,60.78990904560059
