run,obj_vals,opt_converged,opt_runtime,is_best_vec,param_1,param_2,param_3,param_4,param_5,param_6,param_7
1,0.080851691371211,1,516.671895974,1,102.86924290986991,105.85161901069755,11.248114008311768,43.481237035318365,49.8396211846673,13.8017866098751,52.43499194819704
2,0.08085406286267224,1,444.50702285,0,103.15598395503098,106.24778208705516,11.738679298053437,43.51067206144588,49.925649388101135,13.684031246067114,52.56993578527202
