run,obj_vals,opt_converged,opt_runtime,is_best_vec,param_1,param_2,param_3,param_4,param_5,param_6,param_7
1,0.08040455596910086,1,531.021919359,0,93.98543546098077,106.91785503580009,12.803621852627998,46.553275196325345,48.92821690687173,13.448862747664718,53.11911058411942
2,0.08039729160600043,1,565.251496081,1,91.36821275558277,107.68242955268111,12.596071347782262,45.65404020542033,49.59897873863603,13.195602314567418,52.33202829874524
