run,obj_vals,opt_converged,opt_runtime,is_best_vec,param_1,param_2,param_3,param_4,param_5,param_6,param_7
1,0.09202553335028141,1,483.776842607,1,148.9808717398266,73.37176944381153,20.87512800656968,93.25558356870904,52.37564695375228,22.36452058347824,36.49455204602103
2,0.0920355121590479,1,240.049870058,0,148.8903012542223,73.41701914931899,20.843983843228052,93.42186823558191,52.32325709184478,22.06910183666495,36.475104602904686
