run,obj_vals,opt_converged,opt_runtime,is_best_vec,param_1,param_2,param_3,param_4,param_5,param_6,param_7
1,0.08645010259908018,1,255.791767766,0,126.3047694526824,63.681081748715364,-35.512373772085894,71.68321796338992,56.342661209547884,4.862741130110151,44.04408112028068
2,0.08488084184908787,1,323.532909018,1,132.5655053842217,61.74047159578362,-33.96255084863694,104.2765637924197,58.73919525545833,2.6732410183294166,45.71250546774594
