run,obj_vals,opt_converged,opt_runtime,is_best_vec,param_1,param_2,param_3,param_4,param_5,param_6,param_7
1,0.08573142746864286,1,542.634119179,0,52.81277804653556,116.12001933227903,10.250043891889987,53.94965889750554,56.08098973290905,17.350941567684167,41.70609619170567
2,0.08558393448790033,1,473.451975164,1,50.89057971485012,116.72100930888386,9.736653818357858,53.69825450413471,55.36900654740237,16.210864889777685,41.09786709334773
