run,obj_vals,opt_converged,opt_runtime,is_best_vec,param_1,param_2,param_3,param_4,param_5,param_6,param_7
1,0.08042080680707542,1,624.374706818,1,141.04697082285878,77.99560608160333,-0.014830244590174603,121.43124786398253,85.38173495840545,31.42031087336811,62.9979627309419
2,0.08042107619147898,1,1091.488858531,0,141.29863602408267,77.91817262599848,0.01971321817865454,122.31767918411919,86.0616302827727,31.475263206001866,63.02531157861084
