run,obj_vals,opt_converged,opt_runtime,is_best_vec,param_1,param_2,param_3,param_4,param_5,param_6,param_7
1,0.08107140226228769,1,1662.427642728,0,139.1746467457101,85.38378034829097,-5.365657415774462,80.07061489813263,77.04754365275215,30.030981112968686,60.54379797642134
2,0.08107139405389449,1,1368.936871494,1,139.23590749051993,85.36960526442441,-5.357790207640996,80.08627824952784,77.05550061534525,30.033412430274655,60.551343344375226
