run,obj_vals,opt_converged,opt_runtime,is_best_vec,param_1,param_2,param_3,param_4,param_5,param_6,param_7
1,0.09257355935627745,1,435.371593734,0,133.25367485222262,51.79926039576417,-16.653970009467294,278.02273244612877,109.50579435111882,242.05423606889255,55.28101250448587
2,0.09257355935627037,1,433.23275351,1,133.25366287444993,51.79925652365173,-16.65396705921526,278.0220050624511,109.50580353223432,242.0547073191072,55.28101368322559
