run,obj_vals,opt_converged,opt_runtime,is_best_vec,param_1,param_2,param_3,param_4,param_5,param_6,param_7
1,0.08154775521644396,1,457.779972532,0,104.60752130420077,40.18225212415988,2.9402681999748763,47.69624520270685,68.63583447947029,11.980427342727534,30.71676902940687
2,0.08154746647825852,1,397.832728469,1,103.9760294148099,40.32659766841491,2.7710178918716433,47.46773166607178,69.81446271430123,11.939789836428739,30.719452045637055
