run,obj_vals,opt_converged,opt_runtime,is_best_vec,param_1,param_2,param_3,param_4,param_5,param_6,param_7
1,0.0826252389581098,1,788.442175554,0,83.52905303344778,39.06687313228135,1.6174726808319961,41.539098550391984,89.4011574742028,10.578060204155532,29.627797442476304
2,0.082624823322671,1,499.511690893,1,83.18475710414435,39.18559584208067,1.5689659287170186,41.95730610401331,90.46788745339946,10.630797202781169,29.606848548679363
