run,obj_vals,opt_converged,opt_runtime,is_best_vec,param_1,param_2,param_3,param_4,param_5,param_6,param_7
1,0.09322865878102057,1,384.884927975,0,320.48123073102204,16.843251398843048,-0.2005369015934612,155.69283900070283,64.5123539259152,88.98732461710114,64.67962681549446
2,0.09139549458231236,1,449.865042746,1,313.47299805905294,16.413242342370175,-12.335116908568745,117.84413838088405,66.2669856120113,8.055811031983511,66.2349522576528
