run,obj_vals,opt_converged,opt_runtime,is_best_vec,param_1,param_2,param_3,param_4,param_5,param_6,param_7
1,0.09294711528439646,1,125.120119172,1,258.66533034089906,11.466408085047785,-8.663435716931863,124.84973340101482,78.07877940932161,1.0,65.2036495427129
2,0.09476532061600061,1,334.441599362,0,213.83496144557122,17.69036178210313,-13.225666876779512,123.50229333167125,66.09309059001508,1.0460487048200797,61.78185955528001
