run,obj_vals,opt_converged,opt_runtime,is_best_vec,param_1,param_2,param_3,param_4,param_5,param_6,param_7
1,0.08297709429321962,0,3666.701085689,0,124.82803595485717,80.00685563920084,-15.145434803198219,39.54070628554911,84.88150583238013,22.354874755065754,56.51630225879141
2,0.08297660530921326,1,1149.947063573,1,125.38986755915037,79.8155944181135,-15.13207699399992,39.58220644378567,84.8999177831245,22.337120685651882,56.58387493648686
