run,obj_vals,opt_converged,opt_runtime,is_best_vec,param_1,param_2,param_3,param_4,param_5,param_6,param_7
1,0.08753027284659595,1,490.746105165,1,146.46392071504422,78.29928159982175,-19.434993049700783,99.91030062761362,67.43933924270411,6.856926416015531,41.561419574886436
2,0.08904048300605215,1,611.780159509,0,142.57441570939815,78.98642479253952,-20.61211177680891,83.30107261769109,163.08086361533117,5.339486458979381,41.39717725485782
