run,obj_vals,opt_converged,opt_runtime,is_best_vec,param_1,param_2,param_3,param_4,param_5,param_6,param_7
1,0.06623754083897158,1,563.74048521,0,121.78806566948018,112.51881874857602,-4.803274576681147,42.88472679499477,152.47271803142849,15.193431253905608,49.53159180748068
2,0.06624465770769222,1,379.03961518,0,121.86770567634115,112.40128686477748,-4.773311078157866,42.79649619223185,154.36877130773001,15.88279302750675,49.49430475161086
3,0.06624148338325242,1,213.976644918,0,121.38660873571011,112.489789327343,-4.784201740587791,43.141312293229085,153.09800804664982,15.097678769689825,49.413614439263405
4,0.06614450738488276,1,1372.267341123,1,122.52229091209317,112.31833036837482,-4.748252208618169,43.17323593438859,133.24180292436645,14.804324042944373,49.630990310105894
