iteration,param_1,param_2,param_3,param_4,param_5,param_6,param_7
1,77.54626973387761,133.0768522571911,0.0,46.137938411883425,52.48516465749393,21.997674355625943,15.063803496895817
2,108.97359433324402,62.141937689716485,0.0,53.412818933273044,26.98299205850943,16.06457771979453,28.405224616519682
3,130.72442712994194,92.64749194052602,0.0,55.806456131642236,66.04711379730483,19.651018394711773,16.856642407359836
4,116.57469833161534,60.45462279225461,0.0,32.80880248745114,40.56039451105596,36.369024620795926,19.08861037835224
