run,obj_vals,opt_converged,opt_runtime,is_best_vec,param_1,param_2,param_3,param_4,param_5,param_6,param_7
1,0.08288400911461925,1,977.028000637,0,122.97613475596351,78.04582234553313,-10.285051416234317,77.36992352789254,75.20906624158113,28.42903667002394,52.9604053542907
2,0.08288377781178873,1,1592.625034789,1,122.4671191641372,78.19275907743281,-10.31139245935827,76.97301805055467,74.35589470090099,28.12775896404763,52.858238410502665
