run,obj_vals,opt_converged,opt_runtime,is_best_vec,param_1,param_2,param_3,param_4,param_5,param_6,param_7
1,0.08164011007613929,1,740.504622085,1,122.34193529642079,69.76943460268832,-9.035820084580939,110.45034419898577,94.34101045277222,35.090320018193474,55.24151476907749
2,0.08164011181181745,1,560.090583998,0,122.33633929285647,69.77196786112182,-9.035253239549125,110.36084310672037,94.26799564797197,35.051078712932274,55.24105611390529
