{
    "fe_w2": 0.0,
    "delta": 0.9,
    "mu": 54.30660392614651,
    "fe_late": 0.0,
    "fe_w1": 0.0,
    "fe_w3": 0.0,
    "beta_e": 630.0350552861009,
    "prob_respond_alpha": 1.0,
    "gamma_01_factor": 1.0,
    "fe_w4": 0.0,
    "sigma_dt": 70.6503801414433,
    "alpha": 453.9163270915541,
    "fe_early": -42.09432517107219,
    "beta_l": 369.422981457677,
    "gamma": 75.62259392475039,
    "prop_to_wage": 0.0
}
