run,obj_vals,opt_converged,opt_runtime,is_best_vec,param_1,param_2,param_3,param_4,param_5,param_6,param_7
1,0.0832692989676553,1,772.593661373,1,87.75102069849045,87.15449843838027,-26.07292266338674,65.12927202520929,78.03497366302823,12.630760010394246,46.29282685112367
2,0.10035438605907299,0,7229.467068402,0,129.45702294182317,116.55825312925346,0.7807939926133075,53.01802779010444,73.26789347458578,31.30316504173032,15.333512717231658
