run,obj_vals,opt_converged,opt_runtime,is_best_vec,param_1,param_2,param_3,param_4,param_5,param_6,param_7
1,0.08373448493208269,1,391.5421568,1,77.58082058538055,81.62909075099608,-21.0120203491614,87.66919356227366,62.383246435659196,7.406602636454535,44.87866531380669
2,0.11404837072823423,0,7238.241741957,0,129.00459507683868,115.72652852519849,1.125772616947363,53.42122471594556,73.34360318178163,31.237790281376643,15.28993791332258
