run,obj_vals,opt_converged,opt_runtime,is_best_vec,param_1,param_2,param_3,param_4,param_5,param_6,param_7
1,0.08055889502203845,1,608.801158585,1,96.62827277368562,94.42339105750752,-24.956759560192317,87.83334968978495,60.36029132193267,45.933011746718265,53.3420596565419
2,0.08076133113257168,0,3650.93639688,0,62.23190612601959,116.14694823815799,-17.003402576831213,86.95054012562888,57.90602779720248,48.95989742090317,48.07738992645284
