run,obj_vals,opt_converged,opt_runtime,is_best_vec,param_1,param_2,param_3,param_4,param_5,param_6,param_7
1,0.08122026022441851,1,372.356823934,1,78.68132354557746,85.83386499818494,-24.52445493191485,178.60678279962326,79.1184830710938,72.80766352451113,54.34289054438276
2,0.08122499204850799,1,211.029050641,0,78.45484942543814,85.79547570432594,-24.565281983544693,172.074246569589,79.41253775274203,64.76270620910182,54.22177936177644
