iteration,param_1,param_2,param_3,param_4,param_5,param_6,param_7
1,98.01612594870322,139.17621457040985,0.0,51.27922928339981,32.128879722280395,15.454202263991856,34.37505966762973
2,77.37378664100883,129.75316610358382,0.0,32.276076768631235,62.520017542833486,19.419382002230176,17.290101065983762
3,90.9980996801055,69.69271838511688,0.0,43.11490112126546,35.394018226209205,34.36261934721263,21.477453518062585
4,126.9002562124924,109.3453989583232,0.0,46.518213846147596,59.321684050477906,36.73303361202825,28.8028965957447
