run,obj_vals,opt_converged,opt_runtime,is_best_vec,param_1,param_2,param_3,param_4,param_5,param_6,param_7
1,0.09013329061792727,1,574.165103476,1,117.02405701907725,79.19103571580158,-0.8319777015116164,67.71276123431107,51.90336641215914,22.047086210759808,60.50171844629703
2,0.09013749189267847,1,1082.854335985,0,114.45371360579274,80.70082401668425,0.03466984371258032,68.62208043102265,51.46513385450274,22.16540560084769,59.731753904614905
