run,obj_vals,opt_converged,opt_runtime,is_best_vec,param_1,param_2,param_3,param_4,param_5,param_6,param_7
1,0.08867846548471328,1,999.460243116,0,94.03526940314585,95.41903858729556,-1.423752655635348,66.01885478962447,62.73599134600885,25.719855653166803,67.44916120103186
2,0.08864314038428447,0,3626.317138065,1,87.86142419981896,100.0250075362917,0.8304766268405447,69.96946280246463,58.87881708766645,25.435617934918543,65.56102241853077
