{
    "fe_w2": 0.0,
    "delta": 0.9,
    "mu": 50.939851465943754,
    "fe_late": 0.0,
    "fe_w1": 0.0,
    "fe_w3": 0.0,
    "beta_e": 301.50483604388955,
    "prob_respond_alpha": 1.0,
    "gamma_01_factor": 1.0,
    "fe_w4": 0.0,
    "sigma_dt": 14.866452815360683,
    "alpha": 401.9452341251487,
    "fe_early": -9.52853630332487,
    "beta_l": 216.58802951846832,
    "gamma": 85.80634660847822,
    "prop_to_wage": 0.0
}
