run,obj_vals,opt_converged,opt_runtime,is_best_vec,param_1,param_2,param_3,param_4,param_5,param_6,param_7
1,0.07873854100758237,1,242.4761573,1,103.93793926659022,71.28594436398544,-32.60899927947153,99.4342435140741,86.40729030598072,7.6943275725801605,48.059381437154514
2,0.11754160079684567,0,7238.705633995,0,128.3144051577503,114.81080597613881,0.11112783118166837,55.11535290553999,74.31368798048283,30.927325215897415,15.415049816300744
