run,obj_vals,opt_converged,opt_runtime,is_best_vec,param_1,param_2,param_3,param_4,param_5,param_6,param_7
1,0.07813156655913236,1,292.223710429,1,35.57543393565909,76.10069943909808,-5.951800558900702,75.03868051558563,64.36343477911474,1.1063882062034505,27.283817356559815
2,0.08105377282560292,1,312.077208573,0,54.691128906701685,71.46344197765762,-1.283264370258149,51.15711469765012,64.07195236605553,7.318268964760433,37.44189471372929
