run,obj_vals,opt_converged,opt_runtime,is_best_vec,param_1,param_2,param_3,param_4,param_5
1,0.08811305649788047,1,50.229241796,0,326.8157153984334,73.12413073147154,107.24862458522782,33.34451678308675,108.06168664495391
2,0.08811162594329423,1,52.117816461,1,327.984912632632,73.52617466754832,109.39181095699078,34.05964351654126,108.42831432268815
