run,obj_vals,opt_converged,opt_runtime,is_best_vec,param_1,param_2,param_3,param_4,param_5,param_6,param_7
1,0.08512064602786315,1,210.822922002,0,69.78728030641145,114.60865150170761,0.7856393156219462,77.55330360005361,145.55154099685612,16.298965677092138,56.03005458866422
2,0.08443212879239265,1,470.735114197,1,68.6048445998992,115.26235198004201,0.6553802955023404,68.71196853944285,167.4729165081437,9.192208206884173,55.61476611475614
