run,obj_vals,opt_converged,opt_runtime,is_best_vec,param_1,param_2,param_3,param_4,param_5,param_6,param_7
1,0.07649491212821914,1,580.399043352,0,77.26613452356085,87.46044929892315,-5.207326814920763,55.14957554814291,74.34958212470121,10.030997759224103,34.96447080535311
2,0.07647314672666831,1,434.405902547,1,70.38451851583129,88.4766267514203,-7.126833314314495,53.15001005291415,71.28326683347453,10.408844394455082,33.63049097420172
