run,obj_vals,opt_converged,opt_runtime,is_best_vec,param_1,param_2,param_3,param_4,param_5,param_6,param_7
1,0.07620380563453744,1,543.794649907,1,88.0756938381513,80.84510081191252,-0.20118338195208726,66.87152144779435,87.88580379752344,8.251387240003021,37.9123315790416
2,0.07627293236634618,0,3648.43489085,0,86.86715791008153,80.34746579166827,-1.0913187438552236,68.217185427439,90.28889244694034,8.371671251423745,37.483368003931524
