run,obj_vals,opt_converged,opt_runtime,is_best_vec,param_1,param_2,param_3,param_4,param_5,param_6,param_7
1,0.07642921265752826,0,7239.596572687,0,167.40290066249023,54.34613770102737,19.57657349361384,141.3398522575354,34.299210592867986,32.79639668809554,52.41699259702148
2,0.0752938060943833,1,1922.629115357,1,186.50082845495945,49.62008272620575,26.61916260998375,465.5394991302141,40.451049548215586,48.90644063151224,53.943148092037845
