run,obj_vals,opt_converged,opt_runtime,is_best_vec,param_1,param_2,param_3,param_4,param_5,param_6,param_7
1,0.07671992279336133,1,400.167598232,0,176.93089064402207,51.402956163573386,16.682118437154994,164.13911218491987,41.17471417717358,37.88593350521705,46.734733628801216
2,0.07671992279279875,1,416.415441755,1,176.9305685206348,51.40308924711969,16.68213264464823,164.14582738123835,41.17468130628706,37.88557895050005,46.73477685747616
