run,obj_vals,opt_converged,opt_runtime,is_best_vec,param_1,param_2,param_3,param_4,param_5,param_6,param_7
1,0.0867954983418874,1,2690.016834233,0,119.16136086972742,89.67196290924193,-31.466841696992425,53.206757679168085,59.30890302967534,8.019809157753153,66.30470695218392
2,0.08666727946663558,1,160.082310038,1,127.67605645654783,87.89345205316306,-28.75952319794793,53.03108399211051,56.03910789611639,9.320627896901776,67.82055903274194
