run,obj_vals,opt_converged,opt_runtime,is_best_vec,param_1,param_2,param_3,param_4,param_5,param_6,param_7
1,0.08769368784400153,1,546.078969401,0,93.3044802155182,112.58873508229722,-17.303824170396783,48.93406737937648,49.959305885164085,14.75191983219443,51.130793780657086
2,0.08769107366990171,1,408.695165059,1,95.07036627847435,111.63763946513622,-17.558163372111434,48.76601544573079,49.98603432885004,14.981523668632374,51.46303739218186
