run,obj_vals,opt_converged,opt_runtime,is_best_vec,param_1,param_2,param_3,param_4,param_5,param_6,param_7
1,0.08092862724298107,1,511.82386851,1,246.81383690273717,14.219641975467862,-58.77803157353729,127.81378515786892,61.615462836311785,11.456973324674825,57.038769478952254
2,0.08105749305385528,1,335.733889175,0,216.5390847327221,19.107095218402257,-52.5298602998392,117.04653322094796,60.9534468267051,11.870633188341353,55.41384561895532
