run,obj_vals,opt_converged,opt_runtime,is_best_vec,param_1,param_2,param_3,param_4,param_5,param_6,param_7
1,0.08325630013440417,1,416.085434094,0,148.1175629575685,76.61719608905467,-33.97745154764972,91.5039666234882,101.35895750074505,26.67833968895839,49.38096462648663
2,0.08319850940161945,1,800.359157866,1,151.1969771670551,74.75354090539311,-34.280669134774485,80.78888224764012,189.86652179020032,28.912526128494914,49.92806921280173
