run,obj_vals,opt_converged,opt_runtime,is_best_vec,param_1,param_2,param_3,param_4,param_5,param_6,param_7
1,0.07852074321336545,1,3534.918270664,1,107.58772171421549,89.35431731444348,-5.821911437888587,52.248884192249925,62.389405830459346,5.7784289142842,69.11346069186628
2,0.078928456477086,1,406.620834514,0,108.36271370047102,89.99309996155861,-5.92295190909552,50.64945376075874,73.09158538720007,5.468050021477611,69.55680806837456
