run,obj_vals,opt_converged,opt_runtime,is_best_vec,param_1,param_2,param_3,param_4,param_5,param_6,param_7
1,0.09113377819681086,1,1028.989699345,1,262.49837994441594,34.792118530887585,30.26385692421629,85.98990769185083,53.27091281924918,29.080495844012543,51.913895265178155
2,0.09114215559305229,1,801.055257918,0,254.61221275049706,35.58910452402249,29.67560247616958,85.08551424562572,53.222386960103876,29.319540981690388,51.29033947782123
