run,obj_vals,opt_converged,opt_runtime,is_best_vec,param_1,param_2,param_3,param_4,param_5,param_6,param_7
1,0.08580574165050951,1,918.471168821,1,130.7954463793759,98.51266525504933,9.186392416112117,657.3027260102435,72.42470145016114,74.93237422626751,69.2404208602739
2,0.08580825868760188,1,661.420550327,0,130.7023857210938,98.62075432092041,9.245704363500634,656.525569432393,73.22916249312608,76.2342988955042,69.25302434459557
