run,obj_vals,opt_converged,opt_runtime,is_best_vec,param_1,param_2,param_3,param_4,param_5,param_6,param_7
1,0.08438204430516566,1,543.777513778,1,124.50064141033434,88.47465322044543,7.858618301152023,166.75270999660623,53.05725367599077,39.641971622792006,53.63487124198671
2,0.08438204963219884,1,448.63111515,0,124.49926257737688,88.47338621458192,7.856784570832708,166.79471770623203,53.081322389239524,39.66672611971203,53.63557970773893
