iteration,param_1,param_2,param_3,param_4,param_5,param_6,param_7
1,102.97085643365307,123.24172385432873,0.0,63.000330697700704,45.08122766786896,29.973515376365246,36.27514985860033
2,139.49906599028765,118.91962777124667,0.0,71.0926761996894,69.14649112781993,14.294550803459154,36.44650990285729
3,77.70147427980359,71.06429482200396,0.0,72.79612837085519,45.825483902403754,19.223473924298734,24.189886201840512
4,62.29416282229283,71.1310209398827,0.0,66.0942351048734,63.97442076564121,23.507010234100807,29.812938459568315
