run,obj_vals,opt_converged,opt_runtime,is_best_vec,param_1,param_2,param_3,param_4,param_5,param_6,param_7
1,0.00199970762771225,1,226.754401728,0,35.972272141914914,76.83361571228242,0.45049084266037454,25.211946209063736,76.30270433751339,19.484227011125636,89.96956880848539
2,0.0019997076277678727,1,227.913644082,0,35.97224160570023,76.8336094492346,0.45047787696331354,25.211945104764926,76.30260421828962,19.484226682856598,89.96956501811235
3,0.0019997076277076145,1,250.867555216,1,35.97227067984224,76.83361657941605,0.45049009418529556,25.21194486166311,76.30271933171319,19.48422663095376,89.96956787171534
4,0.0019997076277205746,1,227.620701123,0,35.97226901678874,76.8336165436635,0.45048945176082433,25.211947449878593,76.30265501973798,19.484226924133775,89.96956753818489
