{
    "fe_w2": 0.0,
    "delta": 0.9,
    "mu": 52.41214199422367,
    "fe_late": 0.0,
    "fe_w1": 0.0,
    "fe_w3": 0.0,
    "beta_e": 377.91968991293754,
    "prob_respond_alpha": 1.0,
    "gamma_01_factor": 1.0,
    "fe_w4": 0.0,
    "sigma_dt": 19.130963446458125,
    "alpha": 614.4577766982778,
    "fe_early": 0.17630288183656437,
    "beta_l": 317.9695663162387,
    "gamma": 89.01885281985555,
    "prop_to_wage": 0.0
}
