run,obj_vals,opt_converged,opt_runtime,is_best_vec,param_1,param_2,param_3,param_4,param_5,param_6,param_7
1,0.08518651398522925,1,498.462587335,0,115.10254960389051,91.58463013870171,-11.28772933604288,53.968290695684914,48.185106338022315,31.525178475746465,32.99487498105698
2,0.08518649506274374,1,480.030647572,1,115.2217541562357,91.54244117519292,-11.28636526115237,53.96294535686283,48.17462650748389,31.518268831843997,33.00931926658952
