run,obj_vals,opt_converged,opt_runtime,is_best_vec,param_1,param_2,param_3,param_4,param_5,param_6,param_7
1,0.08465772275087641,1,605.577002627,1,135.79844807259633,72.8704379664125,-17.371812834392106,77.60680974116964,48.23590829894001,30.960533555574642,38.04027288878352
2,0.08466163726542245,1,397.052280493,0,135.60327357379282,72.9429842382511,-17.417150356872593,77.55248226710822,48.31884249757925,30.731950656982004,38.02849985952104
