run,obj_vals,opt_converged,opt_runtime,is_best_vec,param_1,param_2,param_3,param_4,param_5,param_6,param_7
1,0.07571288790467033,1,867.918878338,1,88.31445164724663,78.52370037570806,-49.412599075555406,80.5424557838531,77.97871419842265,28.60934549287613,51.10588974393553
2,0.1010281859525983,0,7221.548197622,0,128.25019281034938,115.51040128286638,1.5782488249325801,53.72510518024948,73.01755770937899,31.50559417379189,15.183315617964878
