run,obj_vals,opt_converged,opt_runtime,is_best_vec,param_1,param_2,param_3,param_4,param_5,param_6,param_7
1,0.07621007813014187,1,436.849343663,1,97.74951189917421,87.3232227745543,-53.85343215459234,77.23597094856584,74.46435813507601,27.503645980736724,50.45531782571292
2,0.08983128806254616,0,7256.857735208,0,130.1946733448511,118.41946054379872,0.42926258244144894,52.61523007216479,72.97411189241774,31.39950913136149,13.387044631948832
