run,obj_vals,opt_converged,opt_runtime,is_best_vec,param_1,param_2,param_3,param_4,param_5,param_6,param_7
1,0.09230676901139184,1,590.364101931,0,100.94253632133514,78.60704524756018,-18.174889666451588,100.8390671902506,91.11345564717405,25.828037024259746,55.29251437330734
2,0.09230597169895469,1,391.283468314,1,100.39179048406379,78.80737253915409,-18.09905979672125,100.9075371087488,91.12803747084811,25.816063607678476,55.16671047235653
