run,obj_vals,opt_converged,opt_runtime,is_best_vec,param_1,param_2,param_3,param_4,param_5,param_6,param_7
1,0.08139228734192383,1,4948.144417449,0,173.58711051059794,39.46760286892343,-5.746484850925835,64.8464212102051,61.92440012281472,42.55430059786979,47.55867174461354
2,0.08138687331051092,1,374.255516846,1,173.70595038889311,39.66563375277386,-5.7663220316206,65.95075897744952,61.21314727980716,41.89583658798742,47.678603682892025
