run,obj_vals,opt_converged,opt_runtime,is_best_vec,param_1,param_2,param_3,param_4,param_5,param_6,param_7
1,0.07793063169758478,1,268.718265441,0,84.03847891357724,42.00922923002794,-1.5493917909530859,54.53209854871589,28.925484059566,69.3521615403712,34.32422418949847
2,0.07777483986063781,1,181.726600018,1,78.06025010883583,42.268934611970046,-1.2460867139196838,40.66293245197177,49.864655946704794,17.65317010054353,33.18471251049948
