run,obj_vals,opt_converged,opt_runtime,is_best_vec,param_1,param_2,param_3,param_4,param_5,param_6,param_7
1,0.07819021642854522,1,296.785292789,1,72.51591782856124,38.890110874703396,0.7918807831502525,34.481815561389766,55.22658127749534,16.216803153610602,32.807307075871805
2,0.07819401452906503,1,202.370990457,0,72.07498995772126,39.016523104154786,0.6590212253898535,34.74535085820261,55.64912490162441,15.03333421601872,32.82166216309403
