run,obj_vals,opt_converged,opt_runtime,is_best_vec,param_1,param_2,param_3,param_4,param_5,param_6,param_7
1,0.0035513863812106326,1,221.563947386,0,122.0304625132735,125.87352768186025,0.17313810246614666,78.02055252888766,26.48877840832375,25.147820154880996,75.52066526578093
2,0.003551384748693252,1,267.361881942,1,122.05329737681382,125.86737787899003,0.17529396286906224,78.03013325957856,26.487033134319493,25.149926955393394,75.52666208886488
3,0.0035516620379358655,1,242.283077111,0,121.89890250265287,125.94614771713552,0.17341887334611158,78.14365966171098,26.463457249862092,25.182172028429818,75.50021491622938
4,0.0035513847588438956,1,219.147828472,0,122.05577368892796,125.86594471354303,0.17542369533708305,78.02914569445579,26.48713055423886,25.14993165830612,75.52699406670268
