iteration,param_1,param_2,param_3,param_4,param_5,param_6,param_7
1,64.02539035458693,64.61958343834652,0.0,35.288475286072355,41.81007567664621,26.12564384460505,14.513989060372499
2,65.49674884650291,69.19608207172222,0.0,27.791614807901748,73.89395316392242,20.0273276267077,21.629095787598356
3,128.58134310261343,78.37079260917842,0.0,52.11918475618433,53.173791037090325,35.459299435894145,24.593429819205017
4,119.71757878318631,58.98359813861171,0.0,34.19263961556652,36.65317530456084,35.88542982387579,28.256468256803945
