run,obj_vals,opt_converged,opt_runtime,is_best_vec,param_1,param_2,param_3,param_4,param_5,param_6,param_7
1,0.0032696026297099647,1,332.389521228,0,116.88390433454421,129.91786079195668,-0.3734508768936753,81.80610091649623,25.511540365100842,24.543564322647345,75.58814377030663
2,0.003269602194241224,1,286.755057719,1,116.87424506241697,129.9202024346118,-0.37353181635582605,81.80463453187191,25.511555541789154,24.543595829454393,75.58540332203336
3,0.003269620821499748,1,213.85045799,0,116.80937805915356,129.9370889482383,-0.3737188474310767,81.80700596682493,25.51059295522919,24.542973156700338,75.56713353166356
4,0.003269603045526078,1,399.304985364,0,116.88757440082375,129.9174434015041,-0.3734830522777165,81.80787907841011,25.51168022343913,24.54365114063116,75.58950686669336
