run,obj_vals,opt_converged,opt_runtime,is_best_vec,param_1,param_2,param_3,param_4,param_5,param_6,param_7
1,0.08318602837796185,1,465.717908246,1,183.47338025076374,87.6786163934374,10.45806907809439,146.15459780975783,66.32693290075197,20.089231775427486,50.2346055601307
2,0.083201397994582,1,215.113628914,0,183.92523488955942,87.60671788099359,10.781452766877655,150.72652308447596,67.0343044218692,21.12345669770509,50.220391085241104
