run,obj_vals,opt_converged,opt_runtime,is_best_vec,param_1,param_2,param_3,param_4,param_5,param_6,param_7
1,0.08502471282795299,0,3625.340564834,1,199.39896740124942,57.827910556886295,4.520414144655368,73.05664283401194,79.04392033072607,29.884248202374046,54.04298279695392
2,0.08503171867503631,1,482.015582462,0,209.39379100086498,56.3237610056277,6.522899663795847,81.34888136794244,69.64543957042093,32.198417415666476,54.24739414819546
