run,obj_vals,opt_converged,opt_runtime,is_best_vec,param_1,param_2,param_3,param_4,param_5,param_6,param_7
1,0.08650111929653252,1,2745.894427487,1,192.48853762478154,63.428068052288296,-0.7616114406292962,96.54662250937366,44.23982540058436,36.18915395314769,35.36097733280305
2,0.08650232723474792,1,608.625655132,0,192.14968089192305,63.50871348240254,-1.0195840253207866,95.2094645207129,44.67767380754945,34.59051635657494,35.390672757779924
