run,obj_vals,opt_converged,opt_runtime,is_best_vec,param_1,param_2,param_3,param_4,param_5,param_6,param_7
1,0.08066841605596133,1,507.846415704,1,158.97336207300634,57.18826230377388,10.071993274279084,107.15411002980487,63.31164620965579,4.511486809774807,40.833258009165164
2,0.08150922535547044,1,766.189582929,0,165.74805738861755,55.70529135294972,11.45819784731499,110.13275520425779,59.75588836017001,8.34077759318403,41.16830172834222
