run,obj_vals,opt_converged,opt_runtime,is_best_vec,param_1,param_2,param_3,param_4,param_5,param_6,param_7
1,0.0817370656582255,1,582.174574265,0,214.9355531624136,60.73017503461496,18.307418072917372,80.59448123505902,58.584958422030965,14.444519585172982,43.27316703706591
2,0.08170825686971932,1,457.405680202,1,168.36951454197748,69.9436881878793,7.4112957434464635,89.46471348253242,56.20170534889036,9.559046465518067,40.69133000834684
