run,obj_vals,opt_converged,opt_runtime,is_best_vec,param_1,param_2,param_3,param_4,param_5,param_6,param_7
1,0.08599524308869333,1,515.125034005,0,56.74107523846795,123.04994941301631,-23.51799221142426,61.52604382335878,59.79736725028629,1.8368822242080898,75.78088688393514
2,0.08330242669124364,1,229.717685385,1,62.31826391305033,118.95208034544689,-24.489354575581107,54.54942940771832,51.62394340012693,10.960777773718924,80.35890437329519
