run,obj_vals,opt_converged,opt_runtime,is_best_vec,param_1,param_2,param_3,param_4,param_5,param_6,param_7
1,0.083124874732189,1,423.602552436,0,61.841905044985566,123.97932701880595,-21.277895966746684,46.867920634466145,53.436851900868696,15.147428890146044,70.70931474827596
2,0.08312465386485596,1,518.594789018,1,61.66145400809735,124.02680169656914,-21.35868943647105,46.816390878509566,53.56912632920923,15.259274871165353,70.70945013863403
