run,obj_vals,opt_converged,opt_runtime,is_best_vec,param_1,param_2,param_3,param_4,param_5,param_6,param_7
1,0.0635002885388074,1,310.336135752,1,34.24527650671576,81.76913758914283,-4.24768687128201,129.2700754786907,99.6551205722251,6.593449372688628,58.12308243808272
2,0.06361803605215009,1,309.953335202,0,36.09718044257349,80.9516755182611,-3.850266615286848,111.82142320500783,129.72200887837042,20.456745508900585,59.42853275796785
3,0.06359506532411952,1,311.619135713,0,35.00031798897068,82.72071326832004,-3.836907895826374,186.73096866361382,91.81740959600947,30.711951142858094,59.696869453809114
4,0.06368351702397783,1,310.039700521,0,33.67909956083901,83.37916029635079,-4.004727227746358,106.75988254873822,103.46301658667224,10.18262353725033,58.139959041718164
