run,obj_vals,opt_converged,opt_runtime,is_best_vec,param_1,param_2,param_3,param_4,param_5,param_6,param_7
1,0.08172567700501818,0,7234.032713785,0,162.38648047633825,51.15210298394559,14.144511678187998,312.871127457832,60.77896176066327,94.61622724186081,39.97523572840926
2,0.08172562355880932,0,7227.235485954,1,159.45818162365535,51.6149552214102,13.329413171227477,323.8117012086406,62.92075140511605,97.12343511759236,39.81903762509151
