run,obj_vals,opt_converged,opt_runtime,is_best_vec,param_1,param_2,param_3,param_4,param_5,param_6,param_7
1,0.08133530075278389,1,208.451452158,1,154.36693224221287,53.494578098135534,10.399523288551638,219.23696774841255,52.81951098361823,74.544899745888,36.088526511912264
2,0.08133530078652952,1,381.75254361,0,154.37163768730633,53.49372612319458,10.40099677410379,219.20687827471832,52.82084858663598,74.55251885032213,36.08880831433965
