run,obj_vals,opt_converged,opt_runtime,is_best_vec,param_1,param_2,param_3,param_4,param_5,param_6,param_7
1,0.08598511183164831,1,182.191192844,0,211.875800594897,24.80711114978869,28.315257244654145,75.76326370661506,68.69300212017032,5.658640786211399,52.40153373804678
2,0.08466232963231578,1,220.875904035,1,260.9574044171953,15.181028470598058,29.994404230186408,84.65568673681942,78.54633975321448,1.000001861614528,58.98453063192771
