{
    "fe_w2": 0.0,
    "delta": 0.9,
    "mu": 50.900397129206404,
    "fe_late": 0.0,
    "fe_w1": 0.0,
    "fe_w3": 0.0,
    "beta_e": 1461.1494075098499,
    "prob_respond_alpha": 1.0,
    "gamma_01_factor": 1.0,
    "fe_w4": 0.0,
    "sigma_dt": 11.027965586564024,
    "alpha": 492.2659492243587,
    "fe_early": -6.038185191869819,
    "beta_l": 269.7413233657135,
    "gamma": 90.25619736336193,
    "prop_to_wage": 0.0
}
