run,obj_vals,opt_converged,opt_runtime,is_best_vec,param_1,param_2,param_3,param_4,param_5,param_6,param_7
1,0.07946528037172776,1,308.658301169,0,105.18648912403062,65.21670716989162,-19.75377318381392,96.68716278975324,85.3225461120139,15.996162764347885,43.664752214389765
2,0.0788393457906781,1,178.483730202,1,102.36827492994672,65.6532424674789,-19.75771355333904,108.06198042431376,73.82102367257029,7.853508982971649,43.01191734491516
