run,obj_vals,opt_converged,opt_runtime,is_best_vec,param_1,param_2,param_3,param_4,param_5,param_6,param_7
1,0.07927239823162836,0,3635.111259453,0,107.37968234820875,63.02667207924738,-16.454663456046084,96.7704414983212,61.97429363449144,13.034766784316965,39.87962992571872
2,0.07926377283613965,1,446.700342629,1,107.3648042873299,62.89863908004952,-16.57229741276176,94.53427092163035,61.69558244834428,12.965210792057682,39.86520411020197
