{
    "fe_w2": 0.0,
    "delta": 0.9,
    "mu": 49.449479180547215,
    "fe_late": 0.0,
    "fe_w1": 0.0,
    "fe_w3": 0.0,
    "beta_e": 1339.2409756850889,
    "prob_respond_alpha": 1.0,
    "gamma_01_factor": 1.0,
    "fe_w4": 0.0,
    "sigma_dt": 77.24457842272649,
    "alpha": 722.251208292433,
    "fe_early": 26.542975536133657,
    "beta_l": 269.4796205601738,
    "gamma": 83.2562919777503,
    "prop_to_wage": 0.0
}
