run,obj_vals,opt_converged,opt_runtime,is_best_vec,param_1,param_2,param_3,param_4,param_5,param_6,param_7
1,0.08292783402900758,0,3637.722346678,1,147.59348578106054,51.44714517036625,-1.0067576902103512,103.11723473460808,48.16163836152627,12.181943541180544,47.019682925698575
2,0.0829346265993391,1,289.798354565,0,147.05119397599128,51.59545546296651,-0.8169738277423035,104.042142463652,48.349985982568924,13.697409952593002,46.89161471370603
