run,obj_vals,opt_converged,opt_runtime,is_best_vec,param_1,param_2,param_3,param_4,param_5,param_6,param_7
1,0.08227393498676586,1,423.80252867,0,148.85004978343733,49.983875825074726,-0.20851640267662605,100.9418404704902,55.96917380859449,14.89993312747266,53.91455668541532
2,0.0822547783609534,1,221.675848543,1,151.17279826069364,49.170908976681375,0.6839579929592481,103.05946041752163,56.75686268847646,12.88183813099237,54.125144257993384
