run,obj_vals,opt_converged,opt_runtime,is_best_vec,param_1,param_2,param_3,param_4,param_5,param_6,param_7
1,0.07817526137201021,1,145.983132754,1,135.6871125877857,85.21508750954396,6.7626529440742225,66.5186682521619,73.82886789034822,7.334987038060206,69.23548138158228
2,0.1211227872524436,0,7250.21644874,0,129.99259655995505,118.03035893818499,0.8704166589421397,52.684811274117386,72.8954186923074,31.093006644364504,13.401705079805735
