run,obj_vals,opt_converged,opt_runtime,is_best_vec,param_1,param_2,param_3,param_4,param_5,param_6,param_7
1,0.07790207113502051,1,2010.613030464,0,151.47677171598514,98.4422853614192,5.915887382222618,65.7214334799452,77.63518856307351,12.466930021345481,69.7133070487783
2,0.07789796285344289,1,2720.264540661,1,152.7484587983138,98.11949121362126,6.085525283821564,65.83072078423459,77.59479541214507,12.46974356166865,69.8983067812042
