run,obj_vals,opt_converged,opt_runtime,is_best_vec,param_1,param_2,param_3,param_4,param_5,param_6,param_7
1,0.04830631725072269,1,426.149345924,0,113.95128471238614,89.63116067874525,-12.01337000742991,40.305312630911686,35.89435480424715,32.34952901879719,22.050899524813055
2,0.048306317256740304,1,376.977124544,0,113.94653179342426,89.63197474149487,-12.013010037673611,40.304618617225664,35.89493128548885,32.35082361665254,22.050385734029792
3,0.0483063172495709,1,327.451543398,1,113.94977082071158,89.63134451058112,-12.01315960251009,40.304978742716266,35.89465353466871,32.35005780430166,22.050661553662014
4,0.048306317257762646,1,379.174316754,0,113.94501161920795,89.63232390756052,-12.01304005740116,40.30485752732951,35.89452640116721,32.349670126831086,22.050321482040214
