iteration,param_1,param_2,param_3,param_4,param_5,param_6,param_7
1,147.60623600888104,88.85069752980542,0.0,44.17291152942136,27.66040842441458,32.7821596827951,34.12304068268217
2,54.828015697022124,71.49863382644784,0.0,58.27898925845274,59.15333519838243,31.294570308302696,29.76223378750048
3,130.01022354582125,85.0890126523672,0.0,69.65775257749807,35.053033423894036,34.7883017086263,15.03353843727595
4,68.98091976679483,82.31358329941297,0.0,64.51824776722202,58.60160009839539,30.903341699133648,23.220472734051402
