run,obj_vals,opt_converged,opt_runtime,is_best_vec,param_1,param_2,param_3,param_4,param_5,param_6,param_7
1,0.0533128489686374,1,436.91814247,1,121.5661923455304,72.7761090588803,0.2621417625750149,22.544437210322496,50.32204336487601,6.5573883325235744,30.725259968505373
2,0.05331288052123799,1,3252.712674477,0,121.53063606916793,72.76929106172823,0.24250439716277145,22.53783850925549,50.321522820082144,6.56345638862794,30.719422378011174
3,0.053313127026445646,1,466.011527131,0,121.24190035561114,72.84758245562574,0.25544146847724225,22.485626767936996,50.245291891274206,6.554172225918387,30.6777773995219
4,0.05331317184295856,1,424.564354072,0,121.30656999626935,72.83527922931142,0.25282276653105656,22.495071851049318,50.16331496749297,6.565751672058447,30.695777688111246
