run,obj_vals,opt_converged,opt_runtime,is_best_vec,param_1,param_2,param_3,param_4,param_5,param_6,param_7
1,0.051709778767408385,1,784.926001149,0,114.12346210628874,74.01866777746368,-0.5290744645210299,20.881130433431743,52.1635663246396,6.055984886733472,30.570203748790483
2,0.051696868853897404,1,967.910717932,1,112.33750357935043,74.44160667872397,-0.5734240311835629,20.88903673205415,50.36512773604256,6.094051070403718,30.334931613720922
3,0.05170994892479604,1,376.504702507,0,113.73030615695913,74.09320910334574,-0.5281987997616593,20.906174023662693,51.06029275375181,6.074253899054081,30.50669737162231
4,0.05169791496718889,1,539.010185049,0,113.01145598815552,74.23850216621007,-0.5514397805243209,20.990765230590146,50.37717966910737,6.077440064404543,30.412386096828044
