run,obj_vals,opt_converged,opt_runtime,is_best_vec,param_1,param_2,param_3,param_4,param_5,param_6,param_7
1,0.07859204463478958,1,395.110836486,0,50.049564219875144,57.22523101424462,-10.599860364119905,67.9672998022701,50.91117705336089,1.7054752022044652,39.13617589991943
2,0.07807538824708715,1,733.820546104,1,62.50066092867849,55.3017030575077,-8.011829569703469,67.47786392672616,58.215862117434995,1.3511250389323932,41.25898724205161
