run,obj_vals,opt_converged,opt_runtime,is_best_vec,param_1,param_2,param_3,param_4,param_5,param_6,param_7
1,0.07827274153701083,1,698.727371522,0,56.72215599415251,47.23081881800323,-7.129333751339791,66.73042697636582,56.41249793881247,1.006223912825717,41.29198997620477
2,0.07809488814637668,1,364.328154789,1,60.20881014433791,47.804910061139076,-4.2795641468838825,69.50301185715567,58.72400013741165,1.040632651506168,40.42612462783649
