run,obj_vals,opt_converged,opt_runtime,is_best_vec,param_1,param_2,param_3,param_4,param_5,param_6,param_7
1,0.07950916975884266,1,211.676587362,0,93.83862880369198,87.75082557764709,17.209858487860142,172.07770327377085,123.27548720384398,9.665037704535903,41.256031823338226
2,0.07938579707020645,1,422.890081552,1,86.02999291078446,92.13764737088165,16.844869288869138,124.21347936728866,156.09188197740727,1.6244968782832494,40.01533610284015
