run,obj_vals,opt_converged,opt_runtime,is_best_vec,param_1,param_2,param_3,param_4,param_5,param_6,param_7
1,0.07795050120457298,1,325.162860979,0,96.62631883633,96.48693150241502,16.591013384580197,96.12983858074936,107.81968308437452,8.276547215656983,40.33422715869636
2,0.07788820100502197,1,378.6268019,1,102.81735380068908,93.35154001587848,18.450536204316876,138.1832169298876,90.91152177230616,8.7301609403943,41.08206030256425
