run,obj_vals,opt_converged,opt_runtime,is_best_vec,param_1,param_2,param_3,param_4,param_5,param_6,param_7
1,0.08623924543035737,1,730.552452465,1,261.6732630581913,51.71427385601323,-3.8126721284111014,106.36725646917579,79.85782609606233,33.74884311511732,55.505600093189486
2,0.10363583051906537,0,7238.113798427,0,129.25832234580835,116.96284548025403,0.34456762349260256,55.66128263645606,72.85672096506866,31.140666979392957,15.899327802451763
