run,obj_vals,opt_converged,opt_runtime,is_best_vec,param_1,param_2,param_3,param_4,param_5,param_6,param_7
1,0.08362926563247583,1,299.275860762,1,121.36536033561231,69.04117011712611,-5.1543491937269135,45.31848324053875,90.49273082151237,32.43204698151586,68.13440023990738
2,0.0836294435423194,1,735.421323585,0,121.57693271932368,68.97406291242623,-5.132497477782997,45.33935513054822,89.72527186122535,32.30287917734985,68.15856876980978
