run,obj_vals,opt_converged,opt_runtime,is_best_vec,param_1,param_2,param_3,param_4,param_5,param_6,param_7
1,0.0848292465254192,1,597.066137775,1,124.72427559382986,76.6104073302081,-6.448837758180993,40.863346659629144,77.2102644373934,28.71791515095105,61.48700863217166
2,0.0848292569118523,1,2124.828012877,0,124.70805377589664,76.61339127766165,-6.453270394998139,40.85723035284262,77.19864010146499,28.713592283690932,61.47895823810656
