run,obj_vals,opt_converged,opt_runtime,is_best_vec,param_1,param_2,param_3,param_4,param_5,param_6,param_7
1,0.08562538796518972,1,223.711469572,0,80.19193687812135,136.1749140717329,8.43660220460632,103.52505424669678,56.36170260335672,34.04389629451358,54.03740896006578
2,0.08561348814677265,1,481.639490989,1,71.21263665360553,138.1076168587811,10.110383586822932,103.29074764298373,55.58107494517999,36.20004894205914,49.07874858640869
