run,obj_vals,opt_converged,opt_runtime,is_best_vec,param_1,param_2,param_3,param_4,param_5,param_6,param_7
1,0.08480181241300327,1,696.901971658,1,99.17673718674189,122.66887254985946,9.686587788637537,161.0198325468286,53.72301142485375,38.730858826896146,65.33001963220012
2,0.08480409419553658,1,5729.481543701,0,100.05192651742242,122.50356061815505,9.779405344110687,160.9238153776624,53.24458122270077,40.33067564112402,65.5588586330922
