run,obj_vals,opt_converged,opt_runtime,is_best_vec,param_1,param_2,param_3,param_4,param_5,param_6,param_7
1,0.08654707879974512,1,333.929901491,1,119.00280668378736,73.92227952681253,-3.066711537124935,73.04673754504624,52.58438531301548,21.01447211940045,38.78128588889119
2,0.08659411888716252,1,442.768141725,0,118.6691261920299,73.6556174859548,-3.470165233156144,70.9433290045122,52.48220483836776,22.510176312563345,38.84514407539564
