{
    "fe_w2": 0.0,
    "delta": 0.9,
    "mu": 58.20337062949926,
    "fe_late": 0.0,
    "fe_w1": 0.0,
    "fe_w3": 0.0,
    "beta_e": 850.6259012481829,
    "prob_respond_alpha": 1.0,
    "gamma_01_factor": 1.0,
    "fe_w4": 0.0,
    "sigma_dt": 2.358342102403691,
    "alpha": 393.65426556469504,
    "fe_early": -13.181679654684388,
    "beta_l": 417.7589596298052,
    "gamma": 78.06897479105118,
    "prop_to_wage": 0.0
}
