{
    "fe_w2": 0.0,
    "delta": 0.9,
    "mu": 41.47293025085669,
    "fe_late": 0.0,
    "fe_w1": 0.0,
    "fe_w3": 0.0,
    "beta_e": 299.069426145047,
    "prob_respond_alpha": 1.0,
    "gamma_01_factor": 1.0,
    "fe_w4": 0.0,
    "sigma_dt": 12.303998002684574,
    "alpha": 462.4987214468265,
    "fe_early": -15.796208032299473,
    "beta_l": 291.40231778738973,
    "gamma": 76.77840591385605,
    "prop_to_wage": 0.0
}
