run,obj_vals,opt_converged,opt_runtime,is_best_vec,param_1,param_2,param_3,param_4,param_5,param_6,param_7
1,0.07081924933932042,1,644.512069016,1,90.03597624534727,80.88320238626147,-1.7761079304931062,49.54949331510747,81.54791198502888,24.224666783358007,51.967712768112975
2,0.0709184329334434,1,451.623596047,0,87.98434798635884,80.90327144391271,-2.603031187866533,49.369064419224294,78.49274091266099,23.99436295206763,51.70886370121451
