run,obj_vals,opt_converged,opt_runtime,is_best_vec,param_1,param_2,param_3,param_4,param_5,param_6,param_7
1,0.07156806284619788,1,598.243893882,1,81.55392127823403,76.6700097774279,-5.555725423914674,56.473230977248186,94.97417430911602,25.984101664665825,54.18976430947173
2,0.07157121018576706,1,690.879915251,0,81.80345476606729,76.62789462947504,-5.304765741854676,57.55112821476421,92.38363556297219,26.58127145140164,54.177225254540694
