{
    "fe_w2": 0.0,
    "delta": 0.9,
    "mu": 47.5901745835539,
    "fe_late": 0.0,
    "fe_w1": 0.0,
    "fe_w3": 0.0,
    "beta_e": 279.0463004976174,
    "prob_respond_alpha": 1.0,
    "gamma_01_factor": 1.0,
    "fe_w4": 0.0,
    "sigma_dt": 4.323251002840919,
    "alpha": 706.3036290462561,
    "fe_early": 12.824351870889487,
    "beta_l": 497.6241091773242,
    "gamma": 64.55899654786874,
    "prop_to_wage": 0.0
}
