run,obj_vals,opt_converged,opt_runtime,is_best_vec,param_1,param_2,param_3,param_4,param_5,param_6,param_7
1,0.078423030321939,1,516.655157438,1,86.04210278677355,46.18985193445511,-27.93701083439566,40.62734896316484,50.89173889619162,12.99699138359925,37.34401737571289
2,0.07858927683002838,1,246.996157967,0,85.55057256500567,46.22316037967941,-27.327987610799674,42.493414168610094,51.27662428950287,9.450101989783258,37.10305836244192
