{
    "fe_w2": 0.0,
    "delta": 0.9,
    "mu": 71.80465106738743,
    "fe_late": 0.0,
    "fe_w1": 0.0,
    "fe_w3": 0.0,
    "beta_e": 408.9860021622686,
    "prob_respond_alpha": 1.0,
    "gamma_01_factor": 1.0,
    "fe_w4": 0.0,
    "sigma_dt": 21.532085492769404,
    "alpha": 451.668406079227,
    "fe_early": -11.952912599171109,
    "beta_l": 349.94872011806257,
    "gamma": 96.50334240273757,
    "prop_to_wage": 0.0
}
