run,obj_vals,opt_converged,opt_runtime,is_best_vec,param_1,param_2,param_3,param_4,param_5,param_6,param_7
1,0.057578932307665184,1,416.144492861,0,53.422673151925814,97.49602792084278,0.18278438923503654,137.5236192974206,29.41598215134756,31.413289248277792,21.728051586772235
2,0.057579698531011136,1,235.972556451,0,53.511788934725416,97.50292617449523,0.16773885857174733,132.82305554962784,29.400595477615614,29.45176523185028,21.724348536491846
3,0.057572652134172383,1,300.566583911,1,52.21323258326384,97.6877786621711,0.0864873380988689,177.7791387001147,29.351343729511925,34.91692718461245,21.532609060392968
4,0.05759572964138781,1,302.2255308,0,53.0625480106307,97.6112734596212,0.2007005827289482,135.36188288588386,29.600100271345624,32.59014773421447,21.66224812800495
