run,obj_vals,opt_converged,opt_runtime,is_best_vec,param_1,param_2,param_3,param_4,param_5,param_6,param_7
1,0.07586418606756208,0,3663.502249826,1,93.31047362548031,100.28940686211492,-1.7653253700719584,68.10667685088804,44.84182578983205,16.74934043607686,53.13140425845874
2,0.07590088700125379,0,3644.71415191,0,88.97365765379976,103.1059017088271,-0.1798652520503019,75.07712658795393,44.62012176665338,16.47217050870283,52.75993261696422
