run,obj_vals,opt_converged,opt_runtime,is_best_vec,param_1,param_2,param_3,param_4,param_5,param_6,param_7
1,0.07461906497215484,1,187.771899016,1,76.63776449076713,99.17599345652197,-1.8204000963253535,269.21644201123024,43.69525379104301,13.585002083184213,51.6113811411437
2,0.07492593681360729,1,282.498218445,0,75.79509626729038,101.50176327227199,0.14802209457866378,142.37905267832375,44.494830784305144,13.279488664735522,51.065886356429615
