run,obj_vals,opt_converged,opt_runtime,is_best_vec,param_1,param_2,param_3,param_4,param_5,param_6,param_7
1,0.08518830133010136,0,7220.680500803,0,135.6062397068649,58.43485687268769,-19.494381111123644,235.34767151493114,81.88375994601807,99.54521671936325,52.668511660277126
2,0.08230282656490365,0,7236.252627869,1,131.36126849316528,60.28748958244794,-19.236670394631098,116.8357068647377,56.53227841575979,28.324360261862953,50.45850259310898
