run,obj_vals,opt_converged,opt_runtime,is_best_vec,param_1,param_2,param_3,param_4,param_5,param_6,param_7
1,0.07022040426154627,1,482.940594764,0,125.8104263720968,75.12937780642721,2.729285047806368,74.12426214422953,47.92330545332265,15.622512100172298,37.73058743001297
2,0.07036179820046162,1,218.69989965,0,128.84579643275023,74.31588318822853,3.467515745840243,85.28586544565519,46.88208614919856,14.957302927892368,37.483564133640684
3,0.07025441632651017,1,443.278701137,0,126.82976467307154,74.93995446060327,2.4829284169358203,72.70129625442559,48.03017352660675,15.715214757346859,37.69986908095117
4,0.07021137827590816,1,195.681687955,1,114.81385917679702,77.06401628166866,0.4397302315704015,75.26107144674528,46.80770162048264,15.299138664378258,36.640260150505476
