run,obj_vals,opt_converged,opt_runtime,is_best_vec,param_1,param_2,param_3,param_4,param_5,param_6,param_7
1,0.07575721328344971,1,130.937709181,0,86.25846801609389,89.2029979072119,-0.17667025332601471,68.14996718449854,80.85913427724418,14.867432487722795,43.45080964623384
2,0.07572079240025875,1,333.036578391,1,84.77732886273054,90.26356125082236,0.6275805912761898,69.25830515070965,75.04007802267837,14.136578571978733,42.800852722722695
