run,obj_vals,opt_converged,opt_runtime,is_best_vec,param_1,param_2,param_3,param_4,param_5,param_6,param_7
1,0.07660627458667837,1,533.871386214,1,72.03516171568404,101.9439148227255,2.9478090148115172,77.35456384665257,89.17663208940928,14.507641408624407,44.235912156383655
2,0.07672164303335027,1,743.12897883,0,71.40215610210926,102.2575109447042,2.748894539863417,72.89099523917743,101.64819111932817,13.762166479678113,44.047518935173805
