run,obj_vals,opt_converged,opt_runtime,is_best_vec,param_1,param_2,param_3,param_4,param_5,param_6,param_7
1,0.08391228787302027,1,303.355354839,1,33.767718603850646,52.77483666029957,-14.605684692278858,33.43857259890073,53.782606945730784,8.185886252168412,25.31503149628636
2,0.08391229552276708,1,343.077117097,0,33.70060144690521,52.7870354218175,-14.589929855018244,33.47209861372303,54.29233231718492,8.172303143210305,25.311848953195327
