run,obj_vals,opt_converged,opt_runtime,is_best_vec,param_1,param_2,param_3,param_4,param_5,param_6,param_7
1,0.0830647628821924,1,365.489741942,1,40.99613386791257,58.346541757936905,-15.42647219353474,35.7288655461047,54.99234429233497,8.975518561613956,27.153531977925656
2,0.0830647652665118,1,305.826087282,0,41.029557880793924,58.33594843044224,-15.42332054290715,35.72934053532894,55.00856068932497,8.975343570520241,27.16100638109386
