run,obj_vals,opt_converged,opt_runtime,is_best_vec,param_1,param_2,param_3,param_4,param_5,param_6,param_7
1,0.07419040148233252,1,449.145009936,0,77.82979089159073,45.667002342743984,1.0375210721237311,41.349858071300346,33.88982253152083,12.256278344306216,33.76057131633514
2,0.0741904014823122,1,409.293276371,1,77.82976898198659,45.66701985958343,1.0375151757233372,41.34987738563043,33.88982977694694,12.256312449564824,33.76057261336515
