run,obj_vals,opt_converged,opt_runtime,is_best_vec,param_1,param_2,param_3,param_4,param_5,param_6,param_7
1,0.0741638467370545,1,286.155052692,1,71.28666541320003,40.0911477420452,4.526665721649514,39.4931723038718,33.19796259552986,11.861926758270819,31.783928627034623
2,0.07416396731238804,1,250.106722669,0,71.49270577242471,40.05619929255708,4.59737865258907,39.49221816927899,33.177186094308894,11.884904267427807,31.8075710633918
