run,obj_vals,opt_converged,opt_runtime,is_best_vec,param_1,param_2,param_3,param_4,param_5,param_6,param_7
1,0.08158173397283554,1,514.970272813,1,60.9948344781127,93.27024893356938,6.5550151318195855,393.34958687842027,48.31956145252749,341.35818520755373,47.37422692972218
2,0.08162192729017939,1,587.995832116,0,58.209576821261095,93.90109771120265,6.364009275453157,846.44314876284,46.34162228455872,359.47680364726295,38.801353137050384
