{
    "fe_w2": 0.0,
    "delta": 0.9,
    "mu": 49.84382998093407,
    "fe_late": 0.0,
    "fe_w1": 0.0,
    "fe_w3": 0.0,
    "beta_e": 532.691694895763,
    "prob_respond_alpha": 1.0,
    "gamma_01_factor": 1.0,
    "fe_w4": 0.0,
    "sigma_dt": 24.632632271381237,
    "alpha": 655.6208962784533,
    "fe_early": -8.162608444532525,
    "beta_l": 378.6510098085764,
    "gamma": 57.259940662399416,
    "prop_to_wage": 0.0
}
