run,obj_vals,opt_converged,opt_runtime,is_best_vec,param_1,param_2,param_3,param_4,param_5,param_6,param_7
1,0.08415242622288122,1,1917.916141976,0,104.63168427410447,68.40924251644887,-11.381172358787452,53.49185164798291,56.48169103985841,9.885184030092152,37.10426429135959
2,0.08414618496527057,1,1491.340495507,1,99.24015319409976,70.89326640755675,-9.285616718409482,52.04041470387487,55.02025129306895,10.073391313415822,35.33483471590419
