run,obj_vals,opt_converged,opt_runtime,is_best_vec,param_1,param_2,param_3,param_4,param_5,param_6,param_7
1,0.08548438047092356,1,169.632209517,0,102.413785381908,70.05213707439431,-14.044553245927766,60.24827158436161,63.21360422131513,5.5888789328434525,41.657262990736136
2,0.08511747098811633,1,691.986026568,1,90.38642524824607,77.23761915256766,-7.630957210129447,52.36105705526546,55.64867664122982,9.052428380734526,36.36419138186561
