{
    "fe_w2": 0.0,
    "delta": 0.9,
    "mu": 57.96120844209658,
    "fe_late": 0.0,
    "fe_w1": 0.0,
    "fe_w3": 0.0,
    "beta_e": 451.06850941246375,
    "prob_respond_alpha": 1.0,
    "gamma_01_factor": 1.0,
    "fe_w4": 0.0,
    "sigma_dt": 10.003567137642337,
    "alpha": 1124.2281373590029,
    "fe_early": 7.449502248435762,
    "beta_l": 321.574120360552,
    "gamma": 42.962501736548084,
    "prop_to_wage": 0.0
}
