run,obj_vals,opt_converged,opt_runtime,is_best_vec,param_1,param_2,param_3,param_4,param_5,param_6,param_7
1,0.08446197964674526,1,591.303932247,1,164.04309933939476,73.44399580878304,-0.13059436342839909,54.823661960766835,53.99267633569837,36.6869165152299,44.91969034470758
2,0.0844619914955307,1,389.335190552,0,164.25185212490024,73.39868319131156,-0.043035197579163346,54.83490937761372,54.01130759059191,36.69573829540932,44.93278229253308
