iteration,param_1,param_2,param_3
1,60.990834064886144,54.08333761069946,33.67148859548206
2,30.514261578752844,32.207069444424086,23.724327064829478
