iteration,param_1,param_2,param_3,param_4,param_5,param_6,param_7
1,66.62495971901336,86.52505449960654,0.0,53.185302912807316,35.577978205940056,16.061996600005152,14.530946546462314
