run,obj_vals,opt_converged,opt_runtime,is_best_vec,param_1,param_2,param_3,param_4,param_5,param_6,param_7
1,0.08142517897240548,1,443.163772259,1,51.84392445872863,59.96013283469311,-10.349404026417481,43.46112421118041,39.30660455508053,11.741289279403185,27.98934454024741
2,0.0814252268616678,1,331.628882193,0,51.8698877310741,59.982240542337124,-10.363373340472727,43.50007427689166,39.342549136726106,11.734075635319469,28.007453410628855
