run,obj_vals,opt_converged,opt_runtime,is_best_vec,param_1,param_2,param_3,param_4,param_5,param_6,param_7
1,0.08062481176597089,1,343.279476301,1,94.15136567569269,105.11702122921588,-12.412322458361807,63.09436010292947,86.35220395758198,6.621183297414855,59.910091436421034
2,0.08064611436922103,1,613.431662681,0,98.9274941090806,102.01712941615693,-12.691074935322405,81.02979959121029,63.6651466898617,6.347867296664685,60.995848475843324
