run,obj_vals,opt_converged,opt_runtime,is_best_vec,param_1,param_2,param_3,param_4,param_5,param_6,param_7
1,0.08347987241117583,1,363.383480212,1,97.72220801302767,107.37119018258971,-9.276115171878052,54.49804230982051,70.24413292665434,11.563421676829787,47.133249023912576
2,0.08347988310704553,1,316.696665538,0,97.80094783879136,107.34820672498428,-9.265791977587348,54.498283119981146,70.24472879965127,11.573560385969767,47.145515230667144
