run,obj_vals,opt_converged,opt_runtime,is_best_vec,param_1,param_2,param_3,param_4,param_5,param_6,param_7
1,0.0916241935674593,1,865.476777513,1,120.66414075790941,79.53716733588048,-16.4737128195092,51.97759525907925,111.96006471905507,19.448523188237576,57.4475029922364
2,0.09162419356909815,1,935.864885718,0,120.66372185090364,79.5372646526314,-16.473674841163824,51.97771800057483,111.96382623880918,19.448569737614015,57.44742646152547
