run,obj_vals,opt_converged,opt_runtime,is_best_vec,param_1,param_2,param_3,param_4,param_5,param_6,param_7
1,0.09159789336760718,1,373.824432898,1,112.18307625475047,67.21411643072706,-24.59008955839396,73.77333941488648,227.00095485511702,13.821233478550148,59.4405647652877
2,0.09160860607456975,1,234.097333929,0,110.47223698207938,67.92566684073444,-24.16605433223495,74.47045741388065,91.36080939070833,17.098260859544517,59.69160372165235
