run,obj_vals,opt_converged,opt_runtime,is_best_vec,param_1,param_2,param_3,param_4,param_5,param_6,param_7
1,0.09037456904130889,1,489.466069314,1,55.7147090146206,85.99674740124141,-8.915075766207268,525.4951138727805,90.38330728372641,595.4557373183171,64.61556266934602
2,0.09040062897152512,1,666.034519187,0,57.57448044287224,84.85567578621875,-10.138181204053176,516.7932666002889,128.92638540811492,516.8742592694489,66.20367616506095
