run,obj_vals,opt_converged,opt_runtime,is_best_vec,param_1,param_2,param_3,param_4,param_5,param_6,param_7
1,0.07767746530365352,1,358.811926746,1,173.73201802418114,27.470890373364945,-7.320956310888672,72.6949473241839,71.34828861903202,14.776725273960059,46.90452992530392
2,0.07767757687300095,1,1621.453240635,0,173.35171945044777,27.554000475708616,-7.139931022837538,72.65839505824914,71.35648108858825,14.79483347479675,46.806876378833074
