run,obj_vals,opt_converged,opt_runtime,is_best_vec,param_1,param_2,param_3,param_4,param_5,param_6,param_7
1,0.08632015800086543,1,502.779267551,1,427.37987807034654,11.19089455294183,24.2346300397624,85.9828881717201,54.12749227186543,12.027176330198532,75.1948568939237
2,0.08632045910617583,1,426.185103,0,434.67188104408905,10.439205276611728,24.94413526958656,86.75283006380072,54.371650570704254,12.082267710042402,75.6063087034049
