run,obj_vals,opt_converged,opt_runtime,is_best_vec,param_1,param_2,param_3,param_4,param_5,param_6,param_7,param_8
1,0.07762364929009029,1,180.965667766,0,76.75264703471645,61.963643781013864,107.79154693661447,6.286201966816857,105.66478290089587,98.18840723572796,6.842625041011116,48.54832001005059
2,0.07704948219968312,1,431.165738215,1,84.7827688456274,61.765242331663764,102.75622788299482,6.362755505294828,121.92050698201014,111.54777007033857,11.902771125986824,49.18886263353179
