{
    "fe_w2": 0.0,
    "delta": 0.9,
    "mu": 37.2506144429731,
    "fe_late": 0.0,
    "fe_w1": 0.0,
    "fe_w3": 0.0,
    "beta_e": 338.455449052417,
    "prob_respond_alpha": 1.0,
    "gamma_01_factor": 1.0,
    "fe_w4": 0.0,
    "sigma_dt": 2.7044175968494066,
    "alpha": 432.70388468033383,
    "fe_early": -1.2750495870089933,
    "beta_l": 423.08784608174824,
    "gamma": 76.89064913989613,
    "prop_to_wage": 0.0
}
