run,obj_vals,opt_converged,opt_runtime,is_best_vec,param_1,param_2,param_3,param_4,param_5
1,0.0807360125536342,1,91.109378711,0,294.60365662873227,104.8410293133088,65.9127580117592,24.95731396014575,63.11192059222166
2,0.0807359466275458,1,504.132275971,1,294.59602187175483,104.83728783887109,65.98524092138426,24.838158642251763,63.112932381893344
