run,obj_vals,opt_converged,opt_runtime,is_best_vec,param_1,param_2,param_3,param_4,param_5,param_6,param_7
1,0.06939756272595887,1,362.065413879,1,73.7699229902004,62.13527886779078,17.741286065892993,120.0952126989692,31.295559000665946,53.94000798082483,29.729418593779688
2,0.0694210034394646,1,120.192723399,0,74.30304105671772,62.05751112782139,17.81565962239162,88.42502051475837,31.43001221467222,50.28924828248928,29.77116297672035
