run,obj_vals,opt_converged,opt_runtime,is_best_vec,param_1,param_2,param_3,param_4,param_5,param_6,param_7
1,0.07706640625540696,1,957.205884617,0,156.58244760967773,67.90597778153534,3.1261977176144438,67.69657276034344,67.11463148939313,13.768056675961642,59.42406733600167
2,0.07706640493279132,1,2264.737953789,1,156.56167347879847,67.91734243707853,3.1281455114940475,67.70512869964031,67.10446038424098,13.770915696767807,59.423602104773764
