run,obj_vals,opt_converged,opt_runtime,is_best_vec,param_1,param_2,param_3,param_4,param_5,param_6,param_7
1,0.06466241684640898,1,993.230740661,0,83.53217809670831,110.58664602791674,-0.5915764697632595,52.247056922201445,105.41282352400178,25.80679670330697,65.9608075851025
2,0.06466213863270956,1,554.064380238,0,83.68305861765359,110.52867518575407,-0.6250929776470391,52.22797116562097,107.27289405047249,25.72700082473868,66.03723158158012
3,0.06466212568351021,1,506.875163229,1,83.7262759284301,110.5245725513273,-0.6362752634632125,52.207756019865094,108.2637384116728,25.683512126134737,66.06883916836223
4,0.06466230116500352,1,634.694400549,0,83.68273063069448,110.52415598104693,-0.641383483147316,52.210647619251255,108.92431328175705,25.67102608944362,66.05257403825296
