run,obj_vals,opt_converged,opt_runtime,is_best_vec,param_1,param_2,param_3,param_4,param_5,param_6,param_7
1,0.060863001370488716,1,1642.72607839,0,80.22531529153237,124.11801277496927,-1.3602383907225783,54.09239107299984,130.54512088952524,26.489016302174697,75.87300031844774
2,0.060715617071922,1,234.929560618,0,80.34755126950475,123.84117090372679,-1.5551390410790802,53.634238237191916,167.34308668328276,26.17145346606161,75.95741714819779
3,0.06064349202656197,1,485.516587414,1,77.16819213415916,124.00444649910656,-2.710543286807524,51.13388073011132,712.3175310584058,25.087878912432497,74.76246584055058
4,0.060863014154407105,1,1233.237916198,0,80.11297739938489,124.15775939882785,-1.3620628694558936,54.07737365746173,130.99068064756472,26.44263398473881,75.8307691779771
