run,obj_vals,opt_converged,opt_runtime,is_best_vec,param_1,param_2,param_3,param_4,param_5,param_6,param_7
1,0.058584438844216574,1,746.999042468,0,147.52367427849447,97.15531022506745,-4.235510090889518,82.76677898972878,34.88824397424915,46.806923579746794,35.830564226093905
2,0.058584415646110194,1,457.87826312,0,147.32156246378096,97.19655006555433,-4.2188129920583215,82.81184948042659,34.904892688239116,46.748626257097946,35.80496653910151
3,0.05858442381738778,1,525.540257383,0,147.32456295263188,97.19363452008753,-4.219395133607091,82.89331365705442,34.912066275625506,46.77850084649394,35.804911924789955
4,0.05858439755499047,1,711.883025417,1,147.7509362487498,97.11004500123094,-4.2458466743084085,82.88525443088879,34.9190524025419,46.77687363183005,35.85821739219969
