iteration,param_1,param_2,param_3,param_4,param_5,param_6,param_7
1,94.25499710868554,80.73435582018526,0.0,34.36064492616453,45.98818832805512,33.60059565487502,18.44881518379769
2,70.56215169571345,89.75287799783047,0.0,71.77935013497758,73.4318093267865,28.121932151317953,27.05195549600742
3,142.31404811314064,101.5655390372808,0.0,73.14030559269582,49.729302382940894,34.11857145523235,19.988218561041027
4,128.56498425124184,125.58038873885823,0.0,63.45039306648139,68.62529821828744,19.636475515377985,19.038231083296164
