run,obj_vals,opt_converged,opt_runtime,is_best_vec,param_1,param_2,param_3,param_4,param_5,param_6,param_7
1,0.0016531569205369895,1,353.572680959,1,158.01014860568213,26.827162324415404,0.3000889435134795,138.2422638032115,53.731599369706935,32.72562232774648,79.18626312282522
2,0.0016531573176639049,1,448.077325535,0,158.0202659328537,26.826172486501672,0.30229271858058604,138.21594178486967,53.73297020689131,32.72763767302988,79.18691957111564
3,0.0016531569964164244,1,330.853305336,0,158.01859354224817,26.826261344470293,0.30223399217146124,138.22490060815076,53.7326535866497,32.727198230439306,79.1868372697447
4,0.001653157391363635,1,430.054109554,0,158.0193888978928,26.826331686001343,0.30195520412727644,138.21400667558032,53.73291184728255,32.727629150603036,79.1867967587388
