run,obj_vals,opt_converged,opt_runtime,is_best_vec,param_1,param_2,param_3,param_4,param_5,param_6,param_7
1,0.08153089229211644,1,933.338565209,1,126.69312912377667,82.34732275237384,-36.658124601772805,105.58163045629219,94.21485479553478,65.46477841990246,59.61445112479108
2,0.1008150429329245,0,7235.248713283,0,129.35394616656666,116.97408625838084,1.1527839949638365,54.73601691269581,73.23622024615761,32.9833776628422,15.243198868787797
