run,obj_vals,opt_converged,opt_runtime,is_best_vec,param_1,param_2,param_3,param_4,param_5,param_6,param_7
1,0.08185793369476849,1,204.621949763,1,95.22776495603283,74.70293476725162,-28.027887411204958,149.99767691965855,116.22859307777061,80.28535735335602,57.42915281661305
2,0.08188634530384864,1,604.032999257,0,94.12254578854201,75.29934352516672,-28.092042755369157,181.61223425787438,107.7183430294127,88.07075057797172,57.45669988556469
