run,obj_vals,opt_converged,opt_runtime,is_best_vec,param_1,param_2,param_3,param_4,param_5,param_6,param_7
1,0.08427356938274042,1,343.639570163,1,72.11731411338897,76.89064913989613,-1.2750495870089933,56.409241508736166,70.51464101362471,2.7044175968494066,37.2506144429731
2,0.0844151961889731,1,321.955820837,0,67.84023789727162,78.39483656857773,-0.6413724711802244,50.32343705313624,73.99561627470358,8.342173520779639,36.12765727175317
