run,obj_vals,opt_converged,opt_runtime,is_best_vec,param_1,param_2,param_3,param_4,param_5,param_6,param_7
1,0.08490668350868147,1,389.091352655,0,323.4733058442539,21.945733290061224,-17.16356741817732,102.19699447356368,96.43286977671515,9.512876700668228,63.59009209121065
2,0.08486331912371507,1,385.192851198,1,357.1621236059,17.901144232643063,-17.66212738426149,107.81452798141524,102.56123931356016,10.718753171707773,66.4980419427104
