obj_vals,opt_results,opt_runtime,param_1,param_2,param_3
0.0805766286224428,1,81.228549331,70.21823476137261,46.69359398879972,17.875012063541124
