obj_vals,opt_results,opt_runtime,param_1,param_2,param_3
0.08057741700529403,1,94.104895049,70.95487679860366,46.53806653628008,17.787725744561808
