obj_vals,opt_results,opt_runtime,param_1,param_2,param_3
0.08078091229472396,1,59.069987618,61.48230550204908,60.522484266552354,22.877095918814728
