obj_vals,opt_results,opt_runtime,param_1,param_2,param_3
0.08065829011928118,1,378.165648018,64.38666359996698,51.495005145562324,20.42039622115435
