obj_vals,opt_results,opt_runtime,param_1,param_2,param_3
0.0805768247752074,1,524.606415421,70.18421386110866,46.685632832766494,18.02725409795046
