obj_vals,opt_results,opt_runtime,param_1,param_2,param_3
0.08057690749547645,1,953.126665356,70.52792235364008,46.63357011116528,17.831905299511924
