obj_vals,opt_results,opt_runtime,param_1,param_2,param_3
0.08065829011928115,1,315.623832774,64.38666415654458,51.49500477212902,20.420395022633862
