obj_vals,opt_results,opt_runtime,param_1,param_2,param_3
0.08057690257142784,0,1847.35056307,70.14060216021295,46.65737714273289,18.039461037935233
