obj_vals,opt_results,opt_runtime,param_1,param_2,param_3
0.08065829011928159,1,420.616176634,64.38666392521996,51.49500362639538,20.42040266737955
