obj_vals,opt_results,opt_runtime,param_1,param_2,param_3
0.08057684706030979,1,76.94387796,70.55366640905345,46.70335173098034,17.859030326667263
