obj_vals,opt_results,opt_runtime,param_1,param_2,param_3
0.08065829011928195,1,494.185828945,64.38666385981547,51.49500649575039,20.420388518020303
