obj_vals,opt_results,opt_runtime,param_1,param_2,param_3
0.0805768146948176,1,826.146508262,70.19811062677313,46.695143925973824,18.029245958480868
