obj_vals,opt_results,opt_runtime,param_1,param_2,param_3
0.08065829011928108,1,572.855932103,64.38666412073414,51.49500476055601,20.420395095002405
