obj_vals,opt_results,opt_runtime,param_1,param_2,param_3
0.08057684950967949,1,665.147375284,70.15166748097035,46.662537330090615,18.014314034960286
