obj_vals,opt_results,opt_runtime,param_1,param_2,param_3
0.0806582901192815,1,441.090666892,64.38666358080256,51.495005425255044,20.420394532044714
