obj_vals,opt_results,opt_runtime,param_1,param_2,param_3
0.0806582901192816,1,410.228743029,64.3866640069775,51.49500583043873,20.420389622905184
