obj_vals,opt_results,opt_runtime,param_1,param_2,param_3
0.08065829011928136,1,405.289822682,64.38666364701716,51.495005498920435,20.420393349881714
