obj_vals,opt_results,opt_runtime,param_1,param_2,param_3
0.08065829011928159,1,411.420075449,64.3866638381515,51.49500612226226,20.420388805879856
