obj_vals,opt_results,opt_runtime,param_1,param_2,param_3
0.08065829011928169,1,461.587202202,64.3866641612449,51.49500515376261,20.42039356718133
