obj_vals,opt_results,opt_runtime,param_1,param_2,param_3
0.08057743444708114,1,1634.115089073,70.97538877177057,46.51022376371294,17.776440138835326
