obj_vals,opt_results,opt_runtime,param_1,param_2,param_3
0.08057718753871301,0,1836.749984232,70.0934109749557,46.63895402302621,18.1524760347725
