obj_vals,opt_results,opt_runtime,param_1,param_2,param_3
0.08057677504210593,1,76.001054218,70.51852757313203,46.85288660667827,17.918557878699875
