obj_vals,opt_results,opt_runtime,param_1,param_2,param_3
0.0819486116127086,1,30.211273948,53.71863682060108,68.60998574074036,17.12213847596838
