obj_vals,opt_results,opt_runtime,param_1,param_2,param_3
0.08065829011928087,1,432.394516346,64.3866641051906,51.49500475553433,20.4203953156391
