obj_vals,opt_results,opt_runtime,param_1,param_2,param_3
0.0805767843182182,1,420.23030208,70.43877005748115,46.665678717103276,17.845941528247508
