obj_vals,opt_results,opt_runtime,param_1,param_2,param_3
0.08079009172364426,1,105.41145086,61.91478920664371,61.48266995494871,22.671765491303802
