obj_vals,opt_results,opt_runtime,param_1,param_2,param_3
0.0806582901192817,1,432.968893791,64.3866638110186,51.49500376677863,20.420402806132856
