obj_vals,opt_results,opt_runtime,param_1,param_2,param_3
0.08084492544127285,1,91.831807629,64.55420699603845,63.45507564369226,24.215156845661614
