obj_vals,opt_results,opt_runtime,param_1,param_2,param_3
0.08065829011928177,1,555.822361782,64.38666359840761,51.49500508397842,20.42039632480696
