obj_vals,opt_results,opt_runtime,param_1,param_2,param_3
0.08083690789947551,1,66.239225183,64.24966030484033,63.00393038369165,24.1988382134462
