obj_vals,opt_results,opt_runtime,param_1,param_2,param_3
0.08057740076020221,1,96.376135775,70.90845196500997,46.481164576386774,17.766002242587742
