obj_vals,opt_results,opt_runtime,param_1,param_2,param_3
0.0805767064063992,1,59.818708501,70.16798766337095,46.66433978058086,17.9203316053735
