obj_vals,opt_results,opt_runtime,param_1,param_2,param_3
0.08057665355302233,1,74.098150852,70.19997443593826,46.681590302572346,17.87743137347019
