obj_vals,opt_results,opt_runtime,param_1,param_2,param_3
0.08065829011928136,1,412.252726774,64.38666372486017,51.495005329019406,20.4203954393677
