obj_vals,opt_results,opt_runtime,param_1,param_2,param_3
0.08065829011928116,1,538.569494048,64.38666339244709,51.49500655807651,20.42038981044086
