obj_vals,opt_results,opt_runtime,param_1,param_2,param_3
0.08078176467178273,1,61.593256098,61.43008850762608,60.1522657798447,23.086561592336455
