obj_vals,opt_results,opt_runtime,param_1,param_2,param_3
0.08057733381849586,1,71.976542255,70.84394711021446,46.536986775420424,17.788988627598183
