obj_vals,opt_results,opt_runtime,param_1,param_2,param_3
0.08065829011928141,1,546.925855021,64.3866639831161,51.49500523433528,20.42039407280651
