obj_vals,opt_results,opt_runtime,param_1,param_2,param_3
0.0807799981737167,1,74.949662597,61.147298484465935,60.17072347982887,22.754246244553467
