obj_vals,opt_results,opt_runtime,param_1,param_2,param_3
0.0806582901192815,1,433.92727696,64.3866639564729,51.49500508523041,20.420394469650603
