obj_vals,opt_results,opt_runtime,param_1,param_2,param_3
0.08065829011928154,1,401.145618987,64.38666359035464,51.49500476828091,20.42039790823341
