obj_vals,opt_results,opt_runtime,param_1,param_2,param_3
0.08057684007331806,1,687.759273302,70.13440275051838,46.64740804105992,17.977799733825176
