obj_vals,opt_results,opt_runtime,param_1,param_2,param_3
0.08057682903899284,1,630.867436743,70.17891264051347,46.682004590420135,18.026372927537956
