obj_vals,opt_results,opt_runtime,param_1,param_2,param_3
0.08065829011928136,1,357.722493159,64.38666406268517,51.4950050121024,20.42039421788421
