obj_vals,opt_results,opt_runtime,param_1,param_2,param_3
0.08057734050946608,1,60.95418919,70.79206180416367,46.49197132239594,17.772033359107002
