obj_vals,opt_results,opt_runtime,param_1,param_2,param_3
0.08065829011928131,1,446.667431779,64.38666395893094,51.49500599127531,20.42038947378086
