obj_vals,opt_results,opt_runtime,param_1,param_2,param_3
0.08065829011928163,1,465.933920179,64.38666403164868,51.49500515862403,20.4203939802736
