obj_vals,opt_results,opt_runtime,param_1,param_2,param_3
0.08065829011928148,1,394.562865728,64.38666391977135,51.49500586485269,20.420390031535742
