obj_vals,opt_results,opt_runtime,param_1,param_2,param_3
0.08065829011928145,1,496.429241574,64.38666356499986,51.49500530965539,20.420395824898215
