obj_vals,opt_results,opt_runtime,param_1,param_2,param_3
0.0805766809180788,1,102.234291298,70.1941962258752,46.683432005954444,17.935792008896254
