obj_vals,opt_results,opt_runtime,param_1,param_2,param_3
0.08057716106566368,1,108.770695135,70.75150126931716,46.6138412815847,17.82069605218122
