obj_vals,opt_results,opt_runtime,param_1,param_2,param_3
0.08065829011928102,1,397.731937662,64.38666414771265,51.49500509099878,20.420393787583286
