obj_vals,opt_results,opt_runtime,param_1,param_2,param_3
0.08065933820236951,1,67.109901818,64.7090691177544,50.82187836921112,20.64113210840085
