obj_vals,opt_results,opt_runtime,param_1,param_2,param_3
0.08057660759375672,1,83.449875208,70.2386853431778,46.70779414420932,17.879933234447556
