obj_vals,opt_results,opt_runtime,param_1,param_2,param_3
0.08065878373686364,1,337.467347119,64.9698424612293,50.85132171754144,20.034055539502955
