obj_vals,opt_results,opt_runtime,param_1,param_2,param_3
0.08065878373686367,1,202.705475229,64.9698423080269,50.85132181079548,20.03405549417159
