obj_vals,opt_results,opt_runtime,param_1,param_2,param_3
0.08057723955889841,0,1708.436009585,70.82328173302501,46.66198248656789,17.838517349400227
