obj_vals,opt_results,opt_runtime,param_1,param_2,param_3
0.08057668130683067,1,724.746082991,70.22012663525383,46.703376431810874,17.961826130721995
