obj_vals,opt_results,opt_runtime,param_1,param_2,param_3
0.0805765628450341,1,87.301002464,70.30720340078402,46.75396079509761,17.882811363973026
