obj_vals,opt_results,opt_runtime,param_1,param_2,param_3
0.08057658234656247,1,115.849178597,70.3718005101032,46.79513496152284,17.898053310854
