obj_vals,opt_results,opt_runtime,param_1,param_2,param_3
0.08065829011928137,1,490.811950015,64.38666349279539,51.49500576830639,20.42039354344795
