obj_vals,opt_results,opt_runtime,param_1,param_2,param_3
0.08085449721512393,0,1909.16431945,61.035492765144724,58.77409648955621,22.285238722360514
