obj_vals,opt_results,opt_runtime,param_1,param_2,param_3
0.08065829011928156,1,415.094586012,64.3866638651709,51.49500594949884,20.42039013946741
