obj_vals,opt_results,opt_runtime,param_1,param_2,param_3
0.08057672556491498,1,738.884245181,70.16408853929906,46.66318672963784,17.935249619436764
