obj_vals,opt_results,opt_runtime,param_1,param_2,param_3
0.08065829011928136,1,358.425232308,64.3866635772825,51.495004723339086,20.42039784325154
