obj_vals,opt_results,opt_runtime,param_1,param_2,param_3
0.08057668679263258,1,74.184236687,70.44085472180275,46.75029403322911,17.879301137377286
