obj_vals,opt_results,opt_runtime,param_1,param_2,param_3
0.08057700315041531,1,986.444724915,70.58878429354,46.60487872050266,17.819656726891285
