obj_vals,opt_results,opt_runtime,param_1,param_2,param_3
0.08065829011928125,1,590.94513409,64.38666384954695,51.49500601108884,20.420390667951125
