obj_vals,opt_results,opt_runtime,param_1,param_2,param_3
0.08057666025258967,1,262.802687701,70.23046413083536,46.70948413449913,17.953427641843977
