obj_vals,opt_results,opt_runtime,param_1,param_2,param_3
0.08057742719747692,1,100.749171862,70.96714362157653,46.517551416619355,17.77945078690099
