obj_vals,opt_results,opt_runtime,param_1,param_2,param_3
0.080827065283659,1,72.265025829,63.66279842715563,63.641132037436456,23.08400351647439
