obj_vals,opt_results,opt_runtime,param_1,param_2,param_3
0.08085758595961808,1,44.860069275,61.65232981905259,61.03276253218429,21.673382395117752
