obj_vals,opt_results,opt_runtime,param_1,param_2,param_3
0.08065829011928143,1,528.069966512,64.38666419192957,51.4950050108076,20.420393408000255
