obj_vals,opt_results,opt_runtime,param_1,param_2,param_3
0.08065829011928169,1,478.881154089,64.3866638575979,51.49500609462941,20.420389496597366
