obj_vals,opt_results,opt_runtime,param_1,param_2,param_3
0.08057705091197155,0,1706.479306719,70.11736853464073,46.64726441082406,18.098769033167
