obj_vals,opt_results,opt_runtime,param_1,param_2,param_3
0.08065829011928116,1,503.940240161,64.3866642220758,51.495005218563634,20.420393262024312
