obj_vals,opt_results,opt_runtime,param_1,param_2,param_3
0.08057669573685058,1,82.725436472,70.4569392027129,46.76299305922055,17.88405847777787
