obj_vals,opt_results,opt_runtime,param_1,param_2,param_3
0.0805807640521942,1,83.134369145,69.58115748785023,46.32795829737407,18.951947062784434
