obj_vals,opt_results,opt_runtime,param_1,param_2,param_3
0.08065829011928147,1,533.972631588,64.38666416385206,51.49500444523576,20.42039788577591
