obj_vals,opt_results,opt_runtime,param_1,param_2,param_3
0.08057665374426849,1,496.655318801,70.20585200922159,46.690025805102096,17.923317204705754
