obj_vals,opt_results,opt_runtime,param_1,param_2,param_3
0.08065829011928087,1,374.892503498,64.38666422634748,51.4950047180171,20.420395012167884
