obj_vals,opt_results,opt_runtime,param_1,param_2,param_3
0.08079533559186382,1,76.240509712,62.704304161732985,61.494940317657345,23.549888384436453
