obj_vals,opt_results,opt_runtime,param_1,param_2,param_3
0.08057661155292074,1,54.116213487,70.37324317933539,46.759661401816444,17.884036276944304
