run,obj_vals,opt_converged,opt_runtime,is_best_vec,param_1,param_2,param_3,param_4,param_5,param_6,param_7
1,0.0873774040590947,1,269.893125571,1,48.74412493168835,46.79753337956372,-32.328426423315534,121.27678008363792,48.886264171390046,18.4694653709978,26.387611635136317
2,0.0873790517669543,1,181.360934783,0,47.00142588148911,47.30257380877426,-32.616021685666276,122.19708391331645,47.393430050798706,17.861623224624033,26.112424745671095
