{
    "fe_w2": 0.0,
    "delta": 0.9,
    "mu": 13.149393841951639,
    "fe_late": 0.0,
    "fe_w1": 0.0,
    "fe_w3": 0.0,
    "beta_e": 365.74384143419013,
    "prob_respond_alpha": 1.0,
    "gamma_01_factor": 1.0,
    "fe_w4": 0.0,
    "sigma_dt": 22.62364274512167,
    "alpha": 98.81776020963598,
    "fe_early": 1.0184765257005117,
    "beta_l": 564.2082168190514,
    "gamma": 84.43398023258898,
    "prop_to_wage": 0.0
}
