run,obj_vals,opt_converged,opt_runtime,is_best_vec,param_1,param_2,param_3,param_4,param_5,param_6,param_7
1,0.08062190477479912,1,389.823947819,0,83.06136698706231,98.9374222016067,-23.335135647172812,54.92470033682081,51.30399212032959,13.929134201015733,44.77882893455297
2,0.08062188904336832,1,322.795153266,1,83.01962668980002,98.89363638447473,-23.418247725585577,54.91771367090289,51.301202440477155,13.928828106088025,44.76362774144729
