run,obj_vals,opt_converged,opt_runtime,is_best_vec,param_1,param_2,param_3,param_4,param_5,param_6,param_7
1,0.0811092948306696,0,3667.117546484,0,125.92977478904044,102.06938231428977,-9.621288483880408,50.24347988110101,55.84344460907733,32.90122073934051,63.12397332714917
2,0.08110506944249277,1,3042.027185711,1,130.43541294728053,100.2885826187554,-9.692917827398258,50.4000264714441,55.89025900913108,33.07800184119632,63.57455188162859
