run,obj_vals,opt_converged,opt_runtime,is_best_vec,param_1,param_2,param_3,param_4,param_5,param_6,param_7
1,0.07053089481199096,1,132.546486115,1,91.16870164985599,51.4322457551707,-29.330572346574776,59.770532566135635,111.2366210163795,32.60891817731122,54.05432072654208
2,0.07054883694291667,1,317.327224011,0,89.48516694639666,52.078799233082215,-30.66252663202892,63.64154335552002,108.1184108620034,33.170582259810345,54.07536485459171
