run,obj_vals,opt_converged,opt_runtime,is_best_vec,param_1,param_2,param_3,param_4,param_5,param_6,param_7
1,0.08670977526659182,0,7231.567378809,0,170.56017016185527,56.418096684404695,7.162176505349005,96.05641369688124,31.537235040041967,53.81075174206109,57.78036537260357
2,0.08580710792853742,0,7235.556722751,1,145.59815473606727,59.226637150413566,-3.1475338006039166,75.21850451108212,46.92941826066988,41.68358717608184,55.26314317487767
