run,obj_vals,opt_converged,opt_runtime,is_best_vec,param_1,param_2,param_3,param_4,param_5,param_6,param_7
1,0.08043362018137884,1,423.710847828,1,101.89670166925396,84.05355542882839,-2.664206630641892,58.64203981540438,64.78094591768154,24.21244790659153,42.38841566948765
2,0.08043595359156802,0,3635.797617556,0,101.20015007082074,83.97781955637393,-3.0131678763033087,58.637377146090635,64.9456356284497,24.63044819978321,42.30003608020451
