run,obj_vals,opt_converged,opt_runtime,is_best_vec,param_1,param_2,param_3,param_4,param_5,param_6,param_7
1,0.0028886117518322945,1,227.866564797,1,112.74786877476326,31.15287422120866,-0.17393763279396998,100.59565006379519,28.64243426921846,24.701964042969067,20.87311959441112
2,0.0028886117550647396,1,192.533246456,0,112.74765779583596,31.152932502608063,-0.1739511988607782,100.59650088181739,28.64238090116629,24.702043761556958,20.873102352293067
3,0.002888611752209002,1,191.4702858,0,112.74782338649517,31.15288573761608,-0.17394259142807564,100.59550855142265,28.642445509368454,24.701930276818,20.873115340252507
4,0.002888611753096271,1,193.36302736,0,112.74732664336759,31.153029601215017,-0.17396981912442672,100.59573376057703,28.6424181753301,24.701967508074166,20.87306865664264
