run,obj_vals,opt_converged,opt_runtime,is_best_vec,param_1,param_2,param_3,param_4,param_5,param_6,param_7
1,0.07763399195871877,1,166.062421369,0,92.21442581039037,66.73001713054819,-8.006026138268872,244.73773923287482,124.92816487566209,51.35686995824457,40.37961136150485
2,0.0776282823380466,1,635.660066011,1,92.79685179818073,66.05292165139664,-7.6414503015426245,241.03956680955062,121.10968375626676,53.17385232808293,40.36381171799074
