run,obj_vals,opt_converged,opt_runtime,is_best_vec,param_1,param_2,param_3,param_4,param_5,param_6,param_7
1,0.08565258671096525,1,718.20344716,0,169.62296492029637,44.32458624258637,6.248087076638067,60.46867927524473,42.82106894255613,10.904747469599734,49.35960477363885
2,0.08551144063471068,1,311.00754812,1,181.32345006183996,41.57190281159275,8.115621150398574,52.95639283734087,43.383692533876065,8.335314822225538,50.38966726794579
