run,obj_vals,opt_converged,opt_runtime,is_best_vec,param_1,param_2,param_3,param_4,param_5,param_6,param_7
1,0.08583145066443333,1,519.727946894,1,172.09136240057273,39.59957166275569,9.394765109685062,48.268676354420265,43.08055730173269,6.798955076509503,53.09777750074745
2,0.0861840619576602,1,442.010300827,0,143.2450664991897,47.95048781664247,5.188746476754119,43.379453688596314,42.09167725009652,6.6984529184169155,50.39594947992763
