run,obj_vals,opt_converged,opt_runtime,is_best_vec,param_1,param_2,param_3,param_4,param_5,param_6,param_7
1,0.08140654527416508,1,723.699154489,1,200.92032357710687,51.53440660318925,-25.031191376884422,80.8750118915996,75.0937497374197,28.006839691344275,60.386587930095956
2,0.08142823770578475,1,409.08074128,0,201.13510511923664,51.711086165973605,-24.811190458034925,82.31046708140408,72.53120336500794,28.5663651182657,60.40946343074919
