run,obj_vals,opt_converged,opt_runtime,is_best_vec,param_1,param_2,param_3,param_4,param_5,param_6,param_7
1,0.07184280371595764,1,181.820155366,0,49.65490809366411,60.01696818035256,-4.956168414699158,52.951314678464755,103.97523368333466,7.889498164889235,33.37279990221753
2,0.0717192394386709,1,439.759496616,1,49.95540101215082,59.543868720878784,-5.818547017910019,49.36506724820786,132.08459636626822,6.79080609854089,33.64880738264204
