run,obj_vals,opt_converged,opt_runtime,is_best_vec,param_1,param_2,param_3,param_4,param_5,param_6,param_7
1,0.07763693530946594,1,306.51401153,0,56.68187681826406,37.76157782044166,-25.59931175287555,79.7763052375396,32.66403660539547,16.23299609141972,31.42767692081471
2,0.0774115164227032,1,482.443982431,1,53.70952910317742,40.233919127807866,-25.18838261717328,106.70964523411637,31.61796388737924,17.75744671647689,31.505777952233768
