run,obj_vals,opt_converged,opt_runtime,is_best_vec,param_1,param_2,param_3,param_4,param_5,param_6,param_7
1,0.07639135555628375,1,194.618592245,1,59.925211540213795,48.74467157966529,-24.751765063825623,106.80560687515849,33.5822300345438,19.58957756311993,33.23684412053011
2,0.07643999427983302,1,215.409839111,0,57.595916173626144,49.21821510703708,-24.961724508713495,94.5143455895084,33.04876402445528,20.780113965456422,32.79324216230267
