{
    "fe_w2": 0.0,
    "delta": 0.9,
    "mu": 64.68720543256157,
    "fe_late": 0.0,
    "fe_w1": 0.0,
    "fe_w3": 0.0,
    "beta_e": 1875.2079452205471,
    "prob_respond_alpha": 1.0,
    "gamma_01_factor": 1.0,
    "fe_w4": 0.0,
    "sigma_dt": 22.954233633166545,
    "alpha": 616.9384321281298,
    "fe_early": -8.854434903627496,
    "beta_l": 220.37329534178772,
    "gamma": 68.89035952218822,
    "prop_to_wage": 0.0
}
