run,obj_vals,opt_converged,opt_runtime,is_best_vec,param_1,param_2,param_3,param_4,param_5,param_6,param_7
1,0.0020793459280406407,1,217.849990014,0,169.2420008466086,123.78713177354277,-0.5848007049951165,44.74642738709856,74.96422524219908,30.29963973501986,72.33299593238146
2,0.002079345927983458,1,219.452524942,0,169.24200273752362,123.78713225002261,-0.5848008628822998,44.746427386681034,74.96422937845544,30.299638152335614,72.33299669305657
3,0.002079345927995797,1,218.051698888,0,169.24208498462386,123.78712047407139,-0.5848019216979142,44.74643391719533,74.96423248158969,30.299630942723038,72.33301467578084
4,0.0020793459279801222,1,268.803571385,1,169.2420260909583,123.78712778548551,-0.5848010546501022,44.74642840146554,74.96423167855545,30.299638413685148,72.33300137304467
