{
    "fe_w2": 0.0,
    "delta": 0.9,
    "mu": 40.84375147606227,
    "fe_late": 0.0,
    "fe_w1": 0.0,
    "fe_w3": 0.0,
    "beta_e": 2813.739074836334,
    "prob_respond_alpha": 1.0,
    "gamma_01_factor": 1.0,
    "fe_w4": 0.0,
    "sigma_dt": 582.3239017506293,
    "alpha": 495.04522633808836,
    "fe_early": 0.46534907945734877,
    "beta_l": 918.5355880701534,
    "gamma": 60.29660015324517,
    "prop_to_wage": 0.0
}
