run,obj_vals,opt_converged,opt_runtime,is_best_vec,param_1,param_2,param_3,param_4,param_5,param_6,param_7
1,0.08067816540856988,1,614.774028765,0,81.55072636539454,100.80299293700847,8.309649306880207,74.11075534037847,40.56806425685886,21.9774653762299,42.29327840109638
2,0.08067692618923274,1,502.655121184,1,80.97985545966452,101.01095947915547,8.111075007651298,75.3010658943244,40.57258349729901,21.940984909533093,42.15718356238575
