run,obj_vals,opt_converged,opt_runtime,is_best_vec,param_1,param_2,param_3,param_4,param_5,param_6,param_7
1,0.08077230508667443,1,278.365094848,1,94.46322818298566,88.29261443263594,5.442734615561548,75.47416089890017,40.828074125497615,22.697911443319857,40.02142666385785
2,0.08077334008012818,1,591.680564889,0,94.26902485056915,88.00108740472382,5.265669599423504,75.34905320551994,40.79863436989027,22.626151300666276,39.89523673608171
