run,obj_vals,opt_converged,opt_runtime,is_best_vec,param_1,param_2,param_3,param_4,param_5,param_6,param_7
1,0.07561053569437827,1,278.935589889,1,290.81438194617317,13.466639232752252,-13.710235008375898,79.69147388509775,74.61138091274962,20.061193062540912,60.07894158519854
2,0.0756112311052073,1,786.147604598,0,283.21694482123763,15.062145741300968,-12.612610183400472,86.25632144980487,67.89369404433418,23.883622564251638,59.64400593929768
