run,obj_vals,opt_converged,opt_runtime,is_best_vec,param_1,param_2,param_3,param_4,param_5,param_6,param_7
1,0.0012996713619435945,1,231.533157887,0,126.59425039794934,26.642047470209675,0.14942058929400356,75.03494424138168,37.18079619118753,9.244670780099435,55.29030396660677
2,0.001299670470325127,1,344.672610923,1,126.59711475607828,26.640932738652165,0.14966031678640315,75.03615997787696,37.18032011071973,9.24483937272089,55.290710960308836
3,0.0012996704882504773,1,251.545042839,0,126.59718973075555,26.640884713909553,0.14963182897668204,75.03579016437496,37.180154390402805,9.2449287442989,55.29073805056361
4,0.0012996711210919577,1,343.597605493,0,126.59670705311186,26.64109158654363,0.14961068347819387,75.0343916358414,37.18026476934556,9.244714054189062,55.29063050563928
