run,obj_vals,opt_converged,opt_runtime,is_best_vec,param_1,param_2,param_3,param_4,param_5,param_6,param_7
1,0.07742747264602612,1,380.80790662,0,110.02956755029035,90.11899774056262,14.310948000324393,108.47901905001737,132.8718875076693,16.50371243504346,57.86399475114392
2,0.07732008118799479,1,142.084657138,1,96.66470930993576,94.77936909751574,9.027701352840712,108.2346348995727,116.08930536625166,22.03317125187048,55.26847779835543
