run,obj_vals,opt_converged,opt_runtime,is_best_vec,param_1,param_2,param_3,param_4,param_5,param_6,param_7
1,0.07619539159339042,1,988.334043066,1,126.07716324253278,94.86597082691839,7.26764458826391,76.48961721930262,81.91160707379493,14.441654190775445,57.03978814957699
2,0.07647014016138357,1,139.83437355,0,106.46682513009046,100.55559873539146,5.768650350078339,75.24545847172152,84.12903469547659,14.892538798299384,53.689509225360666
