run,obj_vals,opt_converged,opt_runtime,is_best_vec,param_1,param_2,param_3,param_4,param_5,param_6,param_7
1,0.08168392902367054,1,1316.727118292,1,78.74583344991204,107.06295194817,3.6725608043776092,205.5529362314758,67.20288155612046,5.812934005581779,57.88933537919996
2,0.0817350670624967,1,507.230021119,0,85.4535453125211,101.0259840416527,1.8500162596307206,110.30669986226403,91.42725128901658,9.054981838829928,59.61386234679833
