run,obj_vals,opt_converged,opt_runtime,is_best_vec,param_1,param_2,param_3,param_4,param_5,param_6,param_7
1,0.05347027576634629,1,209.031818872,1,60.4645641465994,60.86787181920061,-0.33667558867497255,108.00506286656795,34.77893749085532,55.454913566706935,93.34212064228134
2,0.05347173204846938,1,570.114294793,0,59.65015315044681,61.58138713504246,-0.3588842843636724,114.40380216518726,34.42556100397144,55.904224721983184,93.06932318317068
3,0.053473521552884,1,250.477779023,0,60.39784209934774,60.904751620852785,-0.2934322057715125,112.63061948133395,34.50068278765963,57.49766016109552,93.32611275085473
4,0.05347083810432752,1,253.106778733,0,59.76777217468376,61.43100535882166,-0.3198257857112096,112.97855027555049,34.41132565086795,55.22651094113803,92.99202985449114
