run,obj_vals,opt_converged,opt_runtime,is_best_vec,param_1,param_2,param_3,param_4,param_5,param_6,param_7
1,0.07684852204629056,1,376.183270866,1,146.47495384728376,68.83192462432518,5.560616370005384,61.57986944354427,66.44544814940213,13.430324626897205,58.43605479214346
2,0.07684852207926156,1,395.195881664,0,146.4723186093945,68.83279015581546,5.560399411591147,61.581714880749374,66.44303861719797,13.430409892928624,58.435690313436346
