run,obj_vals,opt_converged,opt_runtime,is_best_vec,param_1,param_2,param_3,param_4,param_5,param_6,param_7
1,0.077537750305802,1,422.332001596,1,146.49265720014026,76.80078298132396,0.743848589569832,52.56327944648213,64.48065415723795,17.496017493300535,57.6951801052422
2,0.07753777439756412,1,495.795811384,0,146.58129682121256,76.80320798068854,0.7423800052518347,52.55358488931555,64.50060230056329,17.469138806548607,57.73061982009132
