run,obj_vals,opt_converged,opt_runtime,is_best_vec,param_1,param_2,param_3,param_4,param_5,param_6,param_7
1,0.07891131200336994,1,637.139505814,0,40.303703834805766,61.489052464564566,5.793677580485936,48.23627785695242,53.69331283553494,16.798675248669298,23.52158035690716
2,0.07889297725082933,1,420.925790392,1,40.15103459801871,61.50625319733556,5.7466124060114625,51.068985798143025,51.880002847825,16.502999417064107,23.485290636108807
