run,obj_vals,opt_converged,opt_runtime,is_best_vec,param_1,param_2,param_3,param_4,param_5,param_6,param_7
1,0.07823131924530688,1,1644.607610315,1,62.05090578812103,60.808138918662706,7.491329190368458,53.7621849160653,48.53449696724207,17.502353450053583,28.793202614251264
2,0.07830719175580945,1,299.26645947,0,63.45251448891844,60.509000076133674,8.25654517631731,54.53220591911148,49.518406469220345,31.290320640374116,29.00677442962012
