{
    "fe_w2": 0.0,
    "delta": 0.9,
    "mu": 46.675242147784985,
    "fe_late": 0.0,
    "fe_w1": 0.0,
    "fe_w3": 0.0,
    "beta_e": 361.38025644947487,
    "prob_respond_alpha": 1.0,
    "gamma_01_factor": 1.0,
    "fe_w4": 0.0,
    "sigma_dt": 12.933551508722465,
    "alpha": 712.475538390032,
    "fe_early": -1.9238882054291562,
    "beta_l": 528.2810493405401,
    "gamma": 62.764680110122896,
    "prop_to_wage": 0.0
}
