run,obj_vals,opt_converged,opt_runtime,is_best_vec,param_1,param_2,param_3,param_4,param_5,param_6,param_7
1,0.08441273930944791,1,319.627957294,1,212.9384269742169,43.9534549291475,6.235582170839072,69.56202064267036,69.80318500858858,9.21025799028669,62.98794085730708
2,0.12330740704237986,0,7235.942906125,0,129.65628015412167,117.58668803764114,0.8437529959883285,54.99347205205026,72.940651211493,30.026405531368603,15.601517360281829
