run,obj_vals,opt_converged,opt_runtime,is_best_vec,param_1,param_2,param_3,param_4,param_5,param_6,param_7
1,0.09155076908859072,1,543.867075175,0,59.35924197924019,73.19525021458158,-24.917062830299713,59.62017402967426,47.179415497902355,18.451382078035092,37.9882896366564
2,0.09152342853999852,1,472.649521269,1,61.14135281593705,72.53167184206757,-25.029116420958406,63.08658762734895,46.708149599862345,18.710874723105146,38.13721010057549
