run,obj_vals,opt_converged,opt_runtime,is_best_vec,param_1,param_2,param_3,param_4,param_5,param_6,param_7
1,0.08332220494925859,1,251.839036114,0,125.28578324470142,52.65208043928714,-16.85410156593105,87.12937038761609,54.03347786436492,5.700354231599843,39.76673378458146
2,0.08259064188212832,1,743.876584231,1,119.83900755439221,54.34404677335382,-18.53346826937352,96.72821717206345,57.40419797535188,3.1725915149562067,41.01180913355271
