run,obj_vals,opt_converged,opt_runtime,is_best_vec,param_1,param_2,param_3,param_4,param_5,param_6,param_7
1,0.08572149425037245,1,702.946350869,0,122.89946312794208,46.84948379099689,-31.860473630520232,91.01659434501708,59.28439584897184,1.0,44.09875664549066
2,0.08488090442909121,1,608.368713038,1,121.69522415064463,46.227460307294265,-32.414831485781185,115.7130647177008,60.87230434901884,1.0,43.95297391742307
