run,obj_vals,opt_converged,opt_runtime,is_best_vec,param_1,param_2,param_3,param_4,param_5
1,0.07951850058836286,1,77.980512799,1,334.7196886723083,109.88848412372934,136.70491746774323,9.089767465472299,78.76020024998809
2,0.07953574456778814,1,58.818072616,0,332.8172198537345,115.17019811661325,126.60738448817872,8.896932218715511,78.74398150197771
