run,obj_vals,opt_converged,opt_runtime,is_best_vec,param_1,param_2,param_3,param_4,param_5,param_6,param_7
1,0.08903712659942449,1,879.098320807,0,64.26426937203414,93.82609406116924,7.226611192163681,84.6819885883123,46.25211386729753,33.47966781076789,41.877423382011976
2,0.08903079648828778,1,728.323500081,1,62.9487392621534,94.45280646406871,6.939683356304168,81.3427503822686,47.00398956232656,32.30369799645395,41.58653443996403
