run,obj_vals,opt_converged,opt_runtime,is_best_vec,param_1,param_2,param_3,param_4,param_5,param_6,param_7
1,0.08771805174261187,1,253.702501687,0,52.37373842197162,98.70829528318869,5.485016575660904,76.66663550298003,51.79054947631816,25.744504642134583,43.337144421160716
2,0.08769346636592328,1,732.497006874,1,52.17712496062496,99.05799056867802,5.567690207711193,81.86606812850009,51.625243568637345,20.662718378007412,42.82794399650777
