obj_vals,opt_results,opt_runtime,param_1,param_2,param_3,param_4,param_5,param_6,param_7
0.08278988161780364,1,1388.054667905,110.06511487772198,84.94462177529955,13.308470384946167,76.32944219509689,49.77191275985833,21.65522861503913,53.50970194151183
