obj_vals,opt_results,opt_runtime,param_1,param_2,param_3,param_4,param_5,param_6,param_7
0.08278995602659217,1,3201.485039982,109.79235597736458,85.0207701560202,13.278982009213422,76.29797260922776,49.761470872966306,21.65050096081805,53.40632592490094
