obj_vals,opt_results,opt_runtime,param_1,param_2,param_3,param_4,param_5,param_6,param_7
0.08278990819580809,1,1244.882512383,110.38485152131179,84.8441794629146,13.340261189548817,76.3943088524444,49.80130432093655,21.63139103881349,53.62692514513141
