obj_vals,opt_results,opt_runtime,param_1,param_2,param_3,param_4,param_5,param_6,param_7
0.082832939741929,1,348.267405576,106.61932332364073,85.99290263566772,12.88863566146335,78.52166484482592,47.890485493963865,21.417410936679282,52.31349418215454
