obj_vals,opt_results,opt_runtime,param_1,param_2,param_3,param_4,param_5,param_6,param_7
0.08278990482998089,1,1033.537749682,110.3759609870655,84.8551833690933,13.342907392830336,76.36588295076325,49.78242438427538,21.618671388806725,53.6236852280335
