obj_vals,opt_results,opt_runtime,param_1,param_2,param_3,param_4,param_5,param_6,param_7
0.0828254451897533,1,444.219475859,109.7948405031628,85.04835918564591,13.268026668242495,78.86011329708076,48.14698058214846,21.118777905301958,53.43924062710474
