obj_vals,opt_results,opt_runtime,param_1,param_2,param_3,param_4,param_5,param_6,param_7
0.08278996750639292,1,1142.841662125,109.76561997454564,85.02878701170211,13.27629709207736,76.3021400828294,49.766828699683735,21.653392868772215,53.39642646239814
