obj_vals,opt_results,opt_runtime,param_1,param_2,param_3,param_4,param_5,param_6,param_7
0.08282924723767512,1,576.872831941,107.43010838275518,85.74523116405909,13.031555014831111,78.60307787879323,47.966083569242,21.139139483991563,52.55382855692462
