obj_vals,opt_results,opt_runtime,param_1,param_2,param_3,param_4,param_5,param_6,param_7
0.08279001689043518,1,2015.50588942,109.67166776926373,85.05447526316928,13.265498513438004,76.28903226414792,49.762129926456296,21.64699768910219,53.36118852219363
