obj_vals,opt_results,opt_runtime,param_1,param_2,param_3,param_4,param_5,param_6,param_7
0.08278993232346188,1,1400.265222541,109.85098395644273,85.0031742232266,13.286023102228656,76.31285672612825,49.76867560088972,21.65773086053257,53.42736066777111
