obj_vals,opt_results,opt_runtime,param_1,param_2,param_3,param_4,param_5,param_6,param_7
0.08283165391790767,1,323.861764029,106.80459883256516,85.88623080419337,12.979482624648115,78.27887350459923,48.02478048197921,20.912305213557985,52.25624285193747
