obj_vals,opt_results,opt_runtime,param_1,param_2,param_3,param_4,param_5,param_6,param_7
0.08282559107752342,1,624.974444901,109.41026517231293,85.15496796023405,13.242512274124856,78.88816856847215,48.15156602166204,21.142889594188194,53.27527605895384
