obj_vals,opt_results,opt_runtime,param_1,param_2,param_3,param_4,param_5,param_6,param_7
0.08282573545271639,1,524.6915452,110.02543717775038,84.97918975582402,13.306109025336738,79.12094187973628,48.105726896062706,21.217861477083318,53.515538892979926
