obj_vals,opt_results,opt_runtime,param_1,param_2,param_3,param_4,param_5,param_6,param_7
0.08278989077739163,1,2364.859237452,110.0102793126459,84.95822034831521,13.305270407437986,76.31244255237473,49.767191060377776,21.6582449029087,53.48466757028304
