obj_vals,opt_results,opt_runtime,param_1,param_2,param_3,param_4,param_5,param_6,param_7
0.08278999380316292,1,1162.850420308,109.71331046434987,85.04279707233763,13.27030970365158,76.29183950139641,49.76148411650838,21.649271060340425,53.37641830142313
