obj_vals,opt_results,opt_runtime,param_1,param_2,param_3,param_4,param_5,param_6,param_7
0.08282548912693673,1,709.080348498,109.62516840437767,85.09706627433036,13.271522758835108,78.91657733924588,48.157697199645796,21.143184688117735,53.35187222903386
