obj_vals,opt_results,opt_runtime,param_1,param_2,param_3,param_4,param_5,param_6,param_7
0.08279000587951742,1,2047.020680906,109.69510471281788,85.04811006120227,13.268251601360163,76.29897721818023,49.768704108742206,21.641548514780645,53.37010154487294
