obj_vals,opt_results,opt_runtime,param_1,param_2,param_3,param_4,param_5,param_6,param_7
0.08278991179086576,1,1899.646583342,109.91713470311176,84.98493292841145,13.295814722977843,76.30529865356135,49.75913230626883,21.657429683299274,53.448985913116815
