obj_vals,opt_results,opt_runtime,param_1,param_2,param_3,param_4,param_5,param_6,param_7
0.08278998117430972,1,1491.443463081,109.7389950810634,85.03563478851207,13.27285597875232,76.29709823999517,49.766115792574475,21.649560447527048,53.386537574446315
