obj_vals,opt_results,opt_runtime,param_1,param_2,param_3,param_4,param_5,param_6,param_7
0.08296024277753596,1,195.11663417,107.11893268730302,85.7437182668152,12.95261995655172,78.23141590463,47.38279525171179,22.230140492215828,52.41670302701067
