obj_vals,opt_results,opt_runtime,param_1,param_2,param_3,param_4,param_5,param_6,param_7
0.08278991294808223,1,1450.1469619,110.39706575875856,84.84432368120835,13.34036714371639,76.35620072014035,49.78325706999449,21.616234657122565,53.63420885149415
