obj_vals,opt_results,opt_runtime,param_1,param_2,param_3,param_4,param_5,param_6,param_7
0.08278996765350086,1,1601.052519762,109.7653612859767,85.02833938313323,13.27602658172613,76.30543364508183,49.76859698610344,21.65367914144372,53.396592144491386
