obj_vals,opt_results,opt_runtime,param_1,param_2,param_3,param_4,param_5,param_6,param_7
0.08278987680810573,1,1053.510204987,110.17890594826554,84.91110047579524,13.322575742495136,76.35444567457947,49.78228245749014,21.647179682193066,53.54937295248517
