obj_vals,opt_results,opt_runtime,param_1,param_2,param_3,param_4,param_5,param_6,param_7
0.08284612555090494,1,345.911960991,112.61415776406831,84.14031068859222,13.551024885283235,77.91728723813232,47.44735972498457,22.09166413473309,54.408220698380276
