obj_vals,opt_results,opt_runtime,param_1,param_2,param_3,param_4,param_5,param_6,param_7
0.08299371394204896,1,246.05848947,101.37315419204532,87.78030342089836,12.717118851988046,75.67778240042513,45.951372986151284,18.473571610605145,50.79634270354223
