obj_vals,opt_results,opt_runtime,param_1,param_2,param_3,param_4,param_5,param_6,param_7
0.08282637731610622,1,379.503842481,109.10308340825404,85.22667770301615,13.21556441225733,78.96691831356242,47.96834072338732,21.236304666840493,53.14366957577074
