obj_vals,opt_results,opt_runtime,param_1,param_2,param_3,param_4,param_5,param_6,param_7
0.08282545440446895,1,404.628953432,109.99319159410385,84.98914274855949,13.30533547195751,78.99915565809766,48.19280205690527,21.1579185988565,53.49679179374525
