obj_vals,opt_results,opt_runtime,param_1,param_2,param_3,param_4,param_5,param_6,param_7
0.08282624120775389,1,275.953487667,108.87332351151878,85.27312029067045,13.18715814229045,78.8127034435409,48.17550465509753,20.978252360595327,53.047575906967474
