obj_vals,opt_results,opt_runtime,param_1,param_2,param_3,param_4,param_5,param_6,param_7
0.0827899747877327,1,1692.087565662,109.75086176828748,85.03255726009864,13.274386934264884,76.30068364029965,49.767569323164565,21.653213026276315,53.390954210355865
