obj_vals,opt_results,opt_runtime,param_1,param_2,param_3,param_4,param_5,param_6,param_7
0.08278994308841757,1,1157.389835184,109.82448315627471,85.01208357184144,13.285173936193297,76.30782841886034,49.76714219948139,21.653394527047677,53.41549861748398
