obj_vals,opt_results,opt_runtime,param_1,param_2,param_3,param_4,param_5,param_6,param_7
0.08280578705997584,1,403.464180746,105.38418198415995,86.30561485944477,12.771589445920348,75.44226768000227,50.14295934897214,21.57516666480016,51.79092229198059
