obj_vals,opt_results,opt_runtime,param_1,param_2,param_3,param_4,param_5,param_6,param_7
0.08278998067451582,1,1487.192078155,109.73927138430639,85.03579836786022,13.274187847337867,76.30417737983171,49.7692165840762,21.65246044403612,53.38547310899476
