obj_vals,opt_results,opt_runtime,param_1,param_2,param_3,param_4,param_5,param_6,param_7
0.08295067190926614,1,301.231133468,109.47286979411241,85.11469203355318,13.209808554295467,79.16710616278044,48.776409767659956,17.46413875174711,53.28451422943696
