obj_vals,opt_results,opt_runtime,param_1,param_2,param_3,param_4,param_5,param_6,param_7
0.08279013108462793,1,1126.986013465,109.50257494009676,85.1029818533564,13.245138251038568,76.27491748465471,49.761922372883504,21.639409012801657,53.30040324580992
