obj_vals,opt_results,opt_runtime,param_1,param_2,param_3,param_4,param_5,param_6,param_7
0.08278988257910452,1,1910.466402827,110.05854486373303,84.94441138625515,13.309377305939783,76.33777469509806,49.77936723273886,21.662668590256253,53.50443686058457
