obj_vals,opt_results,opt_runtime,param_1,param_2,param_3,param_4,param_5,param_6,param_7
0.08279001522953404,1,1791.025779561,109.67424009357326,85.05410507920377,13.265786178134514,76.29051903938557,49.76312802856162,21.647992973866177,53.36227326813215
