obj_vals,opt_results,opt_runtime,param_1,param_2,param_3,param_4,param_5,param_6,param_7
0.08629876425440042,0,3666.062012769,64.82175135862093,104.64388773904116,5.794911665521513,66.0135301022321,65.62294187918633,28.785329138217605,39.92338654972651
