obj_vals,opt_results,opt_runtime,param_1,param_2,param_3,param_4,param_5,param_6,param_7
0.08278997802539946,1,1266.496779125,109.74430363518698,85.03445315401751,13.27324423339191,76.29227138613773,49.761613256894044,21.650887442489633,53.388873352523106
