obj_vals,opt_results,opt_runtime,param_1,param_2,param_3,param_4,param_5,param_6,param_7
0.08278990614590653,1,1148.391461385,109.9387352708391,84.9800937131791,13.295458773320393,76.31444269590506,49.7738950659545,21.664508518710335,53.461218409741754
