obj_vals,opt_results,opt_runtime,param_1,param_2,param_3,param_4,param_5,param_6,param_7
0.08297073587474661,1,204.652762854,108.80118410867702,85.27638534221308,13.236156908296925,78.11578991054999,46.68666822790606,22.303538218140506,52.9316854957384
