obj_vals,opt_results,opt_runtime,param_1,param_2,param_3,param_4,param_5,param_6,param_7
0.0827899302333006,1,1775.786114723,109.85802157468375,85.00310191986871,13.286839621891776,76.31196420092034,49.769575722708296,21.654301877524734,53.43090554210206
