obj_vals,opt_results,opt_runtime,param_1,param_2,param_3,param_4,param_5,param_6,param_7
0.0827898815040933,1,800.563289188,110.18690348665801,84.90776309115125,13.320438406594478,76.37873331383705,49.79961406343029,21.659217872073324,53.555845712044636
