obj_vals,opt_results,opt_runtime,param_1,param_2,param_3,param_4,param_5,param_6,param_7
0.08278987907696853,1,716.660318543,110.15205721287921,84.92093245759388,13.316242188509245,76.32672449182003,49.779935179566806,21.650578739140133,53.544330940534586
