obj_vals,opt_results,opt_runtime,param_1,param_2,param_3,param_4,param_5,param_6,param_7
0.08299087658652973,1,325.872722217,100.71755466104356,87.68599430227204,12.221937729456828,74.85697488252008,49.4659111810781,23.420599538237543,50.04114654292034
