obj_vals,opt_results,opt_runtime,param_1,param_2,param_3,param_4,param_5,param_6,param_7
0.08279000072638817,1,2205.850936662,109.70047366222026,85.0467497313917,13.268664608565997,76.28872797771189,49.76019056327694,21.64818157033506,53.37227137130372
