obj_vals,opt_results,opt_runtime,param_1,param_2,param_3,param_4,param_5,param_6,param_7
0.08278987708172983,1,1093.910483256,110.14285431025034,84.92096485233787,13.318114354889506,76.35230226571254,49.785486308039,21.655000285371777,53.53648259458678
