obj_vals,opt_results,opt_runtime,param_1,param_2,param_3,param_4,param_5,param_6,param_7
0.08278994334353093,1,1021.175783306,109.82260124556309,85.01216865255239,13.283948174396347,76.31107032768986,49.76939809980131,21.656692110629002,53.415733055121095
