obj_vals,opt_results,opt_runtime,param_1,param_2,param_3,param_4,param_5,param_6,param_7
0.08282721430625083,1,453.634100792,108.22040187288313,85.50188735465836,13.115609018286971,78.90353151299985,48.107860788178165,20.94676771342751,52.83138647257781
