obj_vals,opt_results,opt_runtime,param_1,param_2,param_3,param_4,param_5,param_6,param_7
0.08315274161054582,1,197.338149824,110.4544564556489,84.9227484938363,13.339012372320422,78.61153540421964,46.993416904973905,15.644612311949972,53.47058528629521
