obj_vals,opt_results,opt_runtime,param_1,param_2,param_3,param_4,param_5,param_6,param_7
0.08278998457790515,1,713.099391929,109.7328367153845,85.03767823854282,13.271887273677784,76.2830778712176,49.75498322911076,21.647736317065885,53.38476925391377
