obj_vals,opt_results,opt_runtime,param_1,param_2,param_3,param_4,param_5,param_6,param_7
0.08278993555102342,1,1408.408142102,109.84219248948932,85.00749739900252,13.284771153835534,76.30639850194531,49.76465477222889,21.656107176583294,53.425105671200825
