obj_vals,opt_results,opt_runtime,param_1,param_2,param_3,param_4,param_5,param_6,param_7
0.08279002327782146,1,1603.971411658,109.66139442678175,85.05731441095104,13.264839704031163,76.2864634480659,49.762556995632764,21.647634133120548,53.356711769809564
