obj_vals,opt_results,opt_runtime,param_1,param_2,param_3,param_4,param_5,param_6,param_7
0.08278997954539259,1,2067.680601602,109.74081292985524,85.03508162856927,13.273290542586052,76.29912429183292,49.76538849246559,21.651594158240403,53.38709600650312
