obj_vals,opt_results,opt_runtime,param_1,param_2,param_3,param_4,param_5,param_6,param_7
0.08278988516150872,1,948.977169145,110.27959091005,84.88161958043175,13.331769731225446,76.36700053750447,49.78524070086873,21.634231000084153,53.588336639291114
