obj_vals,opt_results,opt_runtime,param_1,param_2,param_3,param_4,param_5,param_6,param_7
0.08278996829946987,1,1512.080480515,109.76673620234986,85.02747930872079,13.277571914510125,76.28993226507356,49.756836799574515,21.648361003344277,53.39463993703965
