obj_vals,opt_results,opt_runtime,param_1,param_2,param_3,param_4,param_5,param_6,param_7
0.08283913601537322,1,395.152710373,105.47064084987969,86.33572499988665,12.843230057496823,78.7826118483567,47.69199799613328,21.29902178391133,51.85156163189948
