obj_vals,opt_results,opt_runtime,param_1,param_2,param_3,param_4,param_5,param_6,param_7
0.08278998861593911,1,1563.132424446,109.72342604666646,85.04014961039269,13.27123793651718,76.28880889952472,49.75871554349812,21.648542758396385,53.38060411144199
