obj_vals,opt_results,opt_runtime,param_1,param_2,param_3,param_4,param_5,param_6,param_7
0.08288481069650182,1,309.406387116,102.44892900327672,87.19135621908389,12.534048267482193,76.90067474532644,47.05307420674445,19.324673898877553,50.57480284251594
