iteration,param_1,param_2,param_3,param_4,param_5,param_6,param_7
1,86.8208252847689,111.58036362885369,0.0,37.25540408120643,39.1976990503193,35.57274883868269,25.215054790967407
2,84.24812856943393,96.57748203068465,0.0,54.61630253455132,44.57252934636554,19.835204568504455,27.3104285808685
3,130.472865400622,69.21987322803675,0.0,39.9686607701276,68.80248760066297,18.266091250584644,16.664146943835213
4,149.27678068766198,121.23831143298848,0.0,41.25203539421278,67.41324133150526,28.498326276430674,13.986338774653317
