run,obj_vals,opt_converged,opt_runtime,is_best_vec,param_1,param_2,param_3,param_4,param_5,param_6,param_7
1,0.06767387221990792,1,593.124081726,0,165.38615019702246,100.44423065928133,9.810108700194036,34.61686111349162,71.54071935235919,10.908911094436675,67.31118118907825
2,0.06767504802187066,1,715.355667917,0,166.5320530924588,100.16192677847228,9.97538333827822,34.718056931000184,71.61788992009889,10.920582257214841,67.4427591047469
3,0.06767372701102996,1,671.183838306,1,165.844214449282,100.32484574074758,9.853683502375599,34.69707693314773,71.24479064630835,10.937605762487692,67.35160577898537
4,0.10498027825901003,0,3634.353784965,0,148.58553370233136,119.6044770845372,1.6290344372482712,41.213648529209166,67.19083945184698,27.22310923062608,17.68736278109196
