run,obj_vals,opt_converged,opt_runtime,is_best_vec,param_1,param_2,param_3,param_4,param_5,param_6,param_7
1,0.0704766514277601,1,526.170912965,0,89.6512076894937,57.70356278909925,-1.3474034700609605,62.1215413878771,96.83237313386337,20.533271092136108,36.239420482342794
2,0.07047658867391116,1,386.483784851,1,89.53741647335586,57.759149694592594,-1.35926857439814,62.182031563403335,97.37980430779113,20.565844966485518,36.23601055374804
