run,obj_vals,opt_converged,opt_runtime,is_best_vec,param_1,param_2,param_3,param_4,param_5,param_6,param_7
1,0.0861229680021109,1,1604.711085907,1,392.4609578654292,0.0,30.92757072287629,270.48624429158974,73.22839404646173,155.07906139715928,78.13379028483212
2,0.08615603149054274,1,1023.385095407,0,395.4635377317603,0.0,32.44778244467676,249.8172969155671,74.68475908113695,153.85049586476464,78.34946728953707
