run,obj_vals,opt_converged,opt_runtime,is_best_vec,param_1,param_2,param_3,param_4,param_5,param_6,param_7
1,0.08413573999754968,0,7227.586111067,0,489.31909515109913,0.0,30.17499200755367,268.2286775360874,60.2662009642948,134.5440650355737,79.77163106906795
2,0.08400634215676492,0,7229.316304397,1,496.67621036190707,0.0,33.33223446246532,634.3707912187673,54.45661023464721,171.36233810218988,80.30741266009773
