run,obj_vals,opt_converged,opt_runtime,is_best_vec,param_1,param_2,param_3,param_4,param_5,param_6,param_7
1,0.07814067979479791,1,547.406124393,1,107.66183710187728,80.64901763436674,-0.38579155209527566,294.7582815002908,93.42575324112393,93.55195524740192,57.351232697398906
2,0.07815780227659938,1,538.497038648,0,100.85989201342026,82.06930558160897,-2.770064080959275,173.51311352694694,89.78647627008692,43.58614582128012,56.22315018581646
