run,obj_vals,opt_converged,opt_runtime,is_best_vec,param_1,param_2,param_3,param_4,param_5,param_6,param_7
1,0.09167285255820916,1,318.0191504,0,110.70735112174405,84.66532139575335,-23.802696301173,56.631827941142504,42.24428576086522,13.188914774034053,54.82192674013759
2,0.09162847631958387,1,581.987403736,1,113.73758917711474,83.9194496564021,-22.89453853967288,57.21317366073928,41.08233362921923,14.917876322222632,55.28832034365179
