run,obj_vals,opt_converged,opt_runtime,is_best_vec,param_1,param_2,param_3,param_4,param_5,param_6,param_7
1,0.09307312380791208,1,835.213741494,1,111.29171771915172,98.36280538630048,-12.5784680834628,46.043008985244406,43.86595818738616,16.814587710656895,48.755126580792485
2,0.09307323976019291,0,3652.519231837,0,111.3928759538204,98.34458412432123,-12.55662057237915,45.98322103126277,43.89374417487967,16.82771338005841,48.7699409006664
