{
    "fe_w2": 0.0,
    "delta": 0.9,
    "mu": 47.33687730152878,
    "fe_late": 0.0,
    "fe_w1": 0.0,
    "fe_w3": 0.0,
    "beta_e": 673.77403725368,
    "prob_respond_alpha": 1.0,
    "gamma_01_factor": 1.0,
    "fe_w4": 0.0,
    "sigma_dt": 2.9034152540365485,
    "alpha": 618.1395177283347,
    "fe_early": -4.240248820196715,
    "beta_l": 353.6731574509411,
    "gamma": 66.63356689173912,
    "prop_to_wage": 0.0
}
