run,obj_vals,opt_converged,opt_runtime,is_best_vec,param_1,param_2,param_3,param_4,param_5,param_6,param_7
1,0.08831282444365951,1,253.743884666,0,79.2482306669894,117.89781765909218,11.267925521066653,42.68086400535708,97.29393133929793,6.207488722669119,41.407827182351085
2,0.08817802335671607,1,409.078777461,1,86.81759322201232,113.03447663197848,11.262067418619264,46.008732973067474,94.67697774913316,5.5029890715976055,43.068501116267825
