run,obj_vals,opt_converged,opt_runtime,is_best_vec,param_1,param_2,param_3,param_4,param_5,param_6,param_7
1,0.08815536437705328,1,304.720979755,0,76.95272844715977,123.11501637964238,3.298481326364726,40.90548900589174,63.543431382896635,9.87425992047001,36.57391609790077
2,0.08815535546070405,1,729.612848477,1,76.97666625925632,123.09250993261635,3.296854647037302,40.90838811454101,63.60640116947594,9.876197566840517,36.57801854094308
