{
    "fe_w2": 0.0,
    "delta": 0.9,
    "mu": 32.845856393340654,
    "fe_late": 0.0,
    "fe_w1": 0.0,
    "fe_w3": 0.0,
    "beta_e": 289.59963391923316,
    "prob_respond_alpha": 1.0,
    "gamma_01_factor": 1.0,
    "fe_w4": 0.0,
    "sigma_dt": 18.10718436192728,
    "alpha": 337.49078605043155,
    "fe_early": -6.463458481140078,
    "beta_l": 231.26943269419243,
    "gamma": 71.44311689614759,
    "prop_to_wage": 0.0
}
