run,obj_vals,opt_converged,opt_runtime,is_best_vec,param_1,param_2,param_3,param_4,param_5,param_6,param_7
1,0.07198482561243619,1,986.971058469,1,111.60659202846033,59.02727398172261,-6.897658009894904,76.76222785417266,68.21203631006058,19.113789796572384,51.46138026634473
2,0.0720040657103089,1,345.856118642,0,110.7232728994,59.40521809274139,-7.42725201146738,77.13754812061607,67.32348750195622,15.87804156293765,51.33111787239994
