run,obj_vals,opt_converged,opt_runtime,is_best_vec,param_1,param_2,param_3,param_4,param_5,param_6,param_7
1,0.0909018346071812,1,314.455110384,0,70.75374489051384,85.67474311063472,-19.2540479508558,226.42577986853098,61.798226665066665,11.98234815981692,49.215525631056295
2,0.09078531020041267,1,484.146193781,1,71.672528581194,85.49207296671932,-19.71806175203376,157.27906057315292,67.40484922602177,11.394641378779715,49.70234808919417
