run,obj_vals,opt_converged,opt_runtime,is_best_vec,param_1,param_2,param_3,param_4,param_5,param_6,param_7
1,0.08678442481470461,1,166.596800155,1,97.22274454812536,49.53206068779897,9.785884193026556,45.363953647215105,313.84649013797195,29.870226283764772,42.763209275965046
2,0.08683212341610942,1,284.652802985,0,96.45752335295089,49.947062791430504,9.573204050550615,47.349675792190595,501.65852569699734,30.619062453731942,42.71599728551705
