run,obj_vals,opt_converged,opt_runtime,is_best_vec,param_1,param_2,param_3,param_4,param_5,param_6,param_7
1,0.08810013492662644,1,635.520851906,0,35.69253481662139,72.45834871844193,-8.098917353593933,46.21555508998238,46.545952012247284,18.248707645525684,43.19088679760716
2,0.08810013492662576,1,547.776492205,1,35.69252819663132,72.45835587240458,-8.098915096800802,46.2155545093552,46.54595346497706,18.248703780530704,43.19088535692236
