run,obj_vals,opt_converged,opt_runtime,is_best_vec,param_1,param_2,param_3,param_4,param_5,param_6,param_7
1,0.08091694937517284,1,378.718231967,0,91.67294008919312,90.09539691152885,-10.20975153655232,126.86222253466555,53.95129929607215,10.793416636284181,42.05448183727441
2,0.08091692993597774,1,485.067169711,1,91.55400243039298,89.98413334015764,-10.339022947755284,126.5623247148731,53.85759710778647,10.8281504684855,42.02882612462836
