run,obj_vals,opt_converged,opt_runtime,is_best_vec,param_1,param_2,param_3,param_4,param_5,param_6,param_7
1,0.08001474232335265,1,335.728071525,1,79.66936167221424,100.62009133560925,-14.92908593793846,82.89265012505975,48.74679836015675,12.33281936249577,38.92567025865287
2,0.08002359382481687,1,246.98797943,0,74.69018347047276,102.72905735126973,-14.281890670879225,81.94074956483753,48.350297074953545,12.524715152215233,38.111903988203345
