run,obj_vals,opt_converged,opt_runtime,is_best_vec,param_1,param_2,param_3,param_4,param_5,param_6,param_7
1,0.08853711703141223,1,315.972244292,1,104.71557197428126,84.6781925579166,-17.120825475404995,116.93099577549727,49.03893327262721,37.20841526110435,75.31674207531498
2,0.08904317493382681,1,396.52841966,0,101.89752276901416,85.14660512186049,-17.90747352341072,91.65756219484379,68.12664067370324,39.15865034647191,75.4238364820061
