run,obj_vals,opt_converged,opt_runtime,is_best_vec,param_1,param_2,param_3,param_4,param_5,param_6,param_7
1,0.08985962450132957,1,502.755159458,1,131.76585873863084,71.88040963798504,-9.644172086062227,92.94042780417054,41.938633420331044,31.008444174617946,66.42934656434414
2,0.09038840169044839,1,613.55514278,0,128.37257276138828,72.49956186778016,-10.502050683522018,77.02156750829941,60.910455517597754,34.150518076275894,66.94081288627171
