run,obj_vals,opt_converged,opt_runtime,is_best_vec,param_1,param_2,param_3,param_4,param_5,param_6,param_7
1,0.08173958893151165,1,319.452413314,1,250.76016204406483,59.666661454243545,41.84688173230857,100.64301818673681,54.98162200753869,39.888460118085916,50.6500394848826
2,0.08174042083578312,0,3628.976173211,0,250.1768985146801,59.81167224214141,41.83010193818765,100.86756612834903,55.24729566655093,41.36366273373257,50.596696633579334
