run,obj_vals,opt_converged,opt_runtime,is_best_vec,param_1,param_2,param_3,param_4,param_5,param_6,param_7
1,0.08294635804497774,1,340.828821803,1,195.03857225723877,64.90887929286421,27.78516866783048,86.11787932264609,48.624702278275635,36.880346286435554,41.64057328667098
2,0.08294877454821525,1,544.209077316,0,195.12369442583633,64.85146053922597,27.795346063056186,85.18545141525948,48.693257429837985,35.75710649647327,41.611631948093695
