run,obj_vals,opt_converged,opt_runtime,is_best_vec,param_1,param_2,param_3,param_4,param_5,param_6,param_7
1,0.07483205928219898,1,1592.734481863,0,99.17020086318202,91.52004893696189,4.374617945785648,68.45351071780395,91.16872818980562,16.124829951047573,64.9974968307038
2,0.07454529589026793,1,445.21472714,1,101.13653616600934,90.01286513019475,4.2358601788211,63.80039789079498,171.60634175336384,16.11355644785801,65.21165892813862
