run,obj_vals,opt_converged,opt_runtime,is_best_vec,param_1,param_2,param_3,param_4,param_5,param_6,param_7
1,0.08055542229578158,0,7233.19985996,1,146.07808458659608,65.5393055251202,-3.2372129446557105,84.39415087925518,63.37262875248939,30.50501571696159,63.76066193192818
2,0.0809595879904441,1,520.650565045,0,144.25184075791128,69.22096306805634,3.8030213017479677,191.06727606837822,124.64231110575717,204.07062662556643,63.87625333346
