run,obj_vals,opt_converged,opt_runtime,is_best_vec,param_1,param_2,param_3,param_4,param_5,param_6,param_7
1,0.06425668831857333,1,391.009091648,0,140.10065532714628,72.13575274156865,0.44408604397867235,97.07471752172626,40.409087209726664,9.452252930841857,55.70020046069859
2,0.06429240707038941,1,342.436961624,0,133.17472681113514,73.59523288921585,0.8773536684721568,95.17704942016069,40.28725750344734,9.46713828037402,54.167884677202096
3,0.06426734130013453,1,300.042017212,0,137.04985943181006,72.37435145945054,1.0981056266529872,99.17604108826782,40.30608053244655,9.278346209440087,54.72992544086781
4,0.06423243753075185,1,236.029703615,1,140.82780353515682,71.9750729030539,0.8438497714613853,99.16545609143962,40.42754648219097,9.503770813842413,55.64981056803809
