run,obj_vals,opt_converged,opt_runtime,is_best_vec,param_1,param_2,param_3,param_4,param_5,param_6,param_7
1,0.08418054042969242,1,551.228208012,0,102.05302427452438,100.4457603870847,13.26067398966677,194.7940448871525,56.85883981864823,25.232747585420054,47.385718796189686
2,0.08417237391547241,1,1030.195076924,1,101.3247156982465,100.49755439667284,12.900123290306649,195.58743764340943,56.71692522316784,24.156078222395152,47.3575504989664
