run,obj_vals,opt_converged,opt_runtime,is_best_vec,param_1,param_2,param_3,param_4,param_5
1,0.09285578494513284,1,77.998304552,1,279.7528482051401,111.61151918834743,67.5721459409454,27.700239305478014,58.74124759822076
2,0.09285578494513338,1,77.980330036,0,279.7527600835618,111.6112937762553,67.57209750093914,27.70020686506683,58.74122182607645
