run,obj_vals,opt_converged,opt_runtime,is_best_vec,param_1,param_2,param_3,param_4,param_5,param_6,param_7
1,0.08516356982042929,1,439.368878198,0,167.228983122633,60.73935276413408,27.845704392556467,81.3769452032,53.20233738440572,65.86437352760231,38.483006629331776
2,0.08515352599861792,1,353.068679043,1,167.5334602888466,60.76920079984821,27.943388008739074,82.29550974796841,53.35631927431561,62.49067756447385,38.48782700683791
