run,obj_vals,opt_converged,opt_runtime,is_best_vec,param_1,param_2,param_3,param_4,param_5,param_6,param_7
1,0.08509447891934248,1,430.250599419,0,203.27624106929136,59.13877416719367,39.06160165796867,92.53355167754546,66.24670315534318,71.35694539891007,45.95798411792829
2,0.08509283947114915,1,240.025541412,1,202.17804939213022,59.33755325249378,38.75370274964323,93.90127217307464,65.67818433511547,75.06753520074956,45.886301812440024
