iteration,param_1,param_2,param_3,param_4,param_5,param_6,param_7
1,127.12370080336699,54.290741499388005,0.0,66.26021295917515,27.606787352240563,29.151788275597625,28.78622133460114
2,95.03673582146828,78.72591456045754,0.0,63.427881716861066,53.137261690532114,36.85973444238806,20.34545249618265
