run,obj_vals,opt_converged,opt_runtime,is_best_vec,param_1,param_2,param_3,param_4,param_5,param_6,param_7
1,0.08373784396712322,1,494.045688305,1,98.74466250107845,96.94291892477902,12.776707588373192,128.35290136737788,45.920233291049854,39.5332306093008,39.50253941763191
2,0.08374342045123014,1,959.355764797,0,98.86660638568895,96.8598647997715,12.780216481075643,118.17497450272573,45.714439172092426,40.21052509493081,39.478500711845115
