run,obj_vals,opt_converged,opt_runtime,is_best_vec,param_1,param_2,param_3,param_4,param_5,param_6,param_7
1,0.08340835553885313,1,420.256440607,1,97.66247240862234,105.66754460097553,13.605263099097199,151.99077991500548,48.92022810799394,45.35091424912924,45.69330765271264
2,0.08340858919892133,0,3622.681633429,0,97.96981678992563,105.49887129405913,13.697669058487708,152.01236815349276,48.92627122545365,45.34891961454778,45.67271211406574
