iteration,param_1,param_2,param_3,param_4,param_5,param_6,param_7
1,113.14739976230999,96.34456216478358,0.0,42.15196491663082,47.42108595912671,20.092172428312278,27.049382295558043
2,64.79617298974317,84.37854340300562,0.0,47.33610380563572,55.91519990530415,27.30591843643242,32.31744136823432
3,79.84099537220418,76.58991611033828,0.0,50.45026217073867,27.784877772820977,26.213398722557095,36.252707412080696
4,97.96934056947819,103.13650758641906,0.0,48.96147660454182,72.36709382850204,15.47604473513966,19.160328460591426
