run,obj_vals,opt_converged,opt_runtime,is_best_vec,param_1,param_2,param_3,param_4,param_5,param_6,param_7
1,0.05777500379905934,0,3635.452679166,0,73.27570603262403,85.31301195980993,8.460062747296353,46.316690965325215,277.9104773379367,323.2209013111288,73.78110098521933
2,0.05780476812604881,1,368.776440502,0,72.74641926987447,85.43058757100061,8.614997870691155,52.47707687488803,166.47823940701315,350.5100984705805,73.52043285917647
3,0.0577747895030287,1,405.925061666,1,73.31374611626327,85.31946127015944,8.441210691053522,46.20229602531724,282.80533089805743,321.17299658118515,73.75892244188766
4,0.05777520678935218,1,296.686472833,0,73.25593567924334,85.31555393596314,8.456168691588271,46.04962054434034,275.13484424923,323.0191096373615,73.77075621286804
