run,obj_vals,opt_converged,opt_runtime,is_best_vec,param_1,param_2,param_3,param_4,param_5,param_6,param_7
1,0.08507475901690792,1,570.001584709,1,217.92677104676014,17.592338208288464,-17.193672991384705,58.99274842995512,51.61823410671893,14.01333851377741,73.04247358597452
2,0.08507540628959051,1,355.376480977,0,215.89320201517012,17.899607576078747,-17.21006254984133,58.845311908369666,51.6653186071236,13.90198948136304,72.81172873860031
