run,obj_vals,opt_converged,opt_runtime,is_best_vec,param_1,param_2,param_3,param_4,param_5,param_6,param_7
1,0.07484635811878709,1,514.03058401,1,64.43647652505489,47.37266800984394,-16.345515041676133,42.44654488326602,42.54625700870378,51.02579502046773,28.408780359802563
2,0.07484729857326357,1,510.128720359,0,65.57667831591182,47.03594158594668,-15.886735654657379,37.40839871197581,45.784907528937154,54.985019528849314,28.582314212622205
