run,obj_vals,opt_converged,opt_runtime,is_best_vec,param_1,param_2,param_3,param_4,param_5,param_6,param_7
1,0.08765864553566315,1,832.545838037,0,92.08372904939998,64.5108999029846,-10.330507564307004,94.94426605146391,276.06724293997917,439.95605826756724,43.902864176715966
2,0.08359470004900588,1,807.452056656,1,88.46286377730941,65.91215482151071,-22.535051277595787,178.56569084126608,156.71449645654215,6.255736349162643,33.0656316941536
