run,obj_vals,opt_converged,opt_runtime,is_best_vec,param_1,param_2,param_3,param_4,param_5,param_6,param_7
1,0.08221470747218794,1,4036.372142635,0,60.5970480202959,74.93375273524755,-29.207538487568794,237.79681482434404,208.52747195456246,1.0,21.612545593783736
2,0.08088654571271578,1,4901.728460689,1,70.48262439402056,74.88246182247168,-23.271721202802873,184.04238363206773,152.81442544448433,1.000000021164566,20.502318145109783
