{
    "fe_w2": 0.0,
    "delta": 0.9,
    "mu": 56.81597048506445,
    "fe_late": 0.0,
    "fe_w1": 0.0,
    "fe_w3": 0.0,
    "beta_e": 373.95660755004883,
    "prob_respond_alpha": 1.0,
    "gamma_01_factor": 1.0,
    "fe_w4": 0.0,
    "sigma_dt": 14.427844291633386,
    "alpha": 656.1755593981205,
    "fe_early": -43.67888699788403,
    "beta_l": 388.48117379557505,
    "gamma": 64.01093859368993,
    "prop_to_wage": 0.0
}
