{
    "fe_w2": 0.0,
    "delta": 0.9,
    "mu": 55.239696134778434,
    "fe_late": 0.0,
    "fe_w1": 0.0,
    "fe_w3": 0.0,
    "beta_e": 772.6853135210995,
    "prob_respond_alpha": 1.0,
    "gamma_01_factor": 1.0,
    "fe_w4": 0.0,
    "sigma_dt": 25.11285582192608,
    "alpha": 903.8076043441995,
    "fe_early": -35.700777754948774,
    "beta_l": 409.485569605824,
    "gamma": 46.74697924838259,
    "prop_to_wage": 0.0
}
