run,obj_vals,opt_converged,opt_runtime,is_best_vec,param_1,param_2,param_3,param_4,param_5,param_6,param_7
1,0.05078327426169393,1,378.831359035,0,174.04471506822705,65.47225583616856,3.3797531692242955,80.40457701019895,49.2461956369814,10.558077851770992,44.513887280281494
2,0.05078327421743471,1,680.439899527,1,174.0114947467761,65.48084737371819,3.379016168479441,80.40404156073397,49.245651791477115,10.559786308675545,44.510467277908575
3,0.05078327760287486,1,517.906861858,0,173.98484573089615,65.48779128567818,3.378513105460978,80.4278784397649,49.24599966518016,10.547410913735806,44.50774150313265
4,0.05081707868559808,1,312.098151352,0,174.37952801562616,65.27427315503907,3.32999705672967,78.06616968849686,49.825264888334594,10.664300986560345,44.52576598553055
