run,obj_vals,opt_converged,opt_runtime,is_best_vec,param_1,param_2,param_3,param_4,param_5,param_6,param_7
1,0.05134602500863006,1,357.254192337,0,167.22612531550203,69.06847336429975,2.452373339634499,70.55205486586031,46.68635539965882,12.692338479480426,41.97697552386653
2,0.05134602490309862,1,310.488138656,0,167.2392356281809,69.06557592415291,2.4534974239015304,70.55305298701988,46.68741148452332,12.692304896543563,41.97826795098571
3,0.05134626987952715,1,313.109807137,0,166.73193005988225,69.16434448195125,2.4129927471045938,70.45696296233726,46.7849008223741,12.553332669411333,41.92597659653663
4,0.05133506084317198,1,365.203078466,1,168.3116123643116,68.78089762437041,2.4691709024576483,69.68069152278242,47.05703890496952,12.464240807278163,42.087156146738906
