run,obj_vals,opt_converged,opt_runtime,is_best_vec,param_1,param_2,param_3,param_4,param_5,param_6,param_7
1,0.0012691733821288314,1,212.104033591,0,74.63843635198216,51.75536329790595,0.10277063281163826,110.3385409874623,44.82514940350405,24.401358346661453,94.17308008216423
2,0.0012691733851520638,1,258.87371,0,74.63506446401156,51.757585670478605,0.10255684306718155,110.33859087544154,44.82515047513337,24.40124138884441,94.17136772156061
3,0.0012691731330858377,1,267.306550637,1,74.63675596600417,51.75645818552702,0.1026334369297967,110.3383568399715,44.82516542887687,24.400953152877072,94.17222439567414
4,0.001269173999507552,1,236.087916385,0,74.63656376496392,51.75634159848952,0.1024111075930494,110.34604171203796,44.825132015027826,24.401356987762988,94.17221469517767
