run,obj_vals,opt_converged,opt_runtime,is_best_vec,param_1,param_2,param_3,param_4,param_5,param_6,param_7
1,0.08167763783266477,1,921.807600832,1,53.00611216792262,113.14089026264527,-10.305266889560468,85.92983264274336,57.40588791566681,6.036281129788582,39.55879603094695
2,0.08167904447504887,0,3663.396300547,0,53.6076731715033,112.77654790857329,-10.42885786011308,85.77222172986689,57.237341857503694,6.061036167985932,39.737114654508645
