run,obj_vals,opt_converged,opt_runtime,is_best_vec,param_1,param_2,param_3,param_4,param_5,param_6,param_7
1,0.08580401525755033,1,256.401521829,0,317.3183559229082,21.22216918730169,2.935521374257358,92.38243039303737,92.75773368536785,11.487853481342917,54.51911846038624
2,0.0857208250983744,1,332.000498818,1,330.1233991247271,19.56829332243115,4.350582513525691,97.03625320961784,95.07597898220368,10.55054134914242,55.228098462776956
