run,obj_vals,opt_converged,opt_runtime,is_best_vec,param_1,param_2,param_3,param_4,param_5,param_6,param_7
1,0.07515208882740401,1,885.04387993,1,153.71814020424085,46.48430840567635,-26.49222659335298,2858.607352774742,55.36079934899616,50.34974878152516,47.21918216187094
2,0.07515208882978201,1,774.902593406,0,153.71606043181674,46.484550954153235,-26.492413641715466,2858.8327342027087,55.365428322522966,50.35457068408252,47.21905625000073
