run,obj_vals,opt_converged,opt_runtime,is_best_vec,param_1,param_2,param_3,param_4,param_5,param_6,param_7
1,0.08791100049021876,1,348.479043229,0,109.54525393193495,74.40226209102016,14.388456563859664,74.20371622650163,52.311948523211754,23.584808482010533,34.01517476618765
2,0.08785740494793151,1,224.798659522,1,106.54590430850843,75.25661864876804,14.249084213992214,77.52305822991407,51.506254025984006,22.204031089413125,33.32203401890001
