run,obj_vals,opt_converged,opt_runtime,is_best_vec,param_1,param_2,param_3,param_4,param_5,param_6,param_7
1,0.08443177613476731,1,214.311122826,1,183.44353354277095,60.31233906412388,-16.458867952100796,80.7555090941316,61.40197532409815,24.13545286419888,54.982638379639
2,0.10267527628088922,0,7243.077064413,0,130.54450452634828,118.52962054834255,-0.4048063613215094,52.614151341076926,72.64303356493046,31.92886173154351,13.376004629866364
