run,obj_vals,opt_converged,opt_runtime,is_best_vec,param_1,param_2,param_3,param_4,param_5,param_6,param_7
1,0.08221412949830188,1,281.438064781,1,163.0150418793798,50.650644899044664,-10.037747443577967,106.4973538528367,58.76132964779028,17.053087394824214,57.532893782811755
2,0.12103565993950322,0,7227.622111922,0,134.2483368741082,109.22256721979184,1.170739960840755,55.01960183373651,72.42881386991526,29.744266466103614,16.033205253141855
