run,obj_vals,opt_converged,opt_runtime,is_best_vec,param_1,param_2,param_3,param_4,param_5,param_6,param_7
1,0.07740853689174793,1,315.412233528,1,107.51926510994916,100.56245859562439,8.997428280354757,42.27241679466147,59.80862251239066,17.892544443787635,48.81722802106087
2,0.07741287167545892,1,565.188417767,0,106.64318623712644,100.77521986702902,8.740067441808918,42.60761734415071,58.08012420782904,17.05698484714591,48.72418814527344
