run,obj_vals,opt_converged,opt_runtime,is_best_vec,param_1,param_2,param_3,param_4,param_5,param_6,param_7
1,0.07711311830675127,1,299.538377593,0,93.93477403057189,103.26296709334429,8.455152763955745,48.31478523011455,55.38575844367049,10.13352488536108,51.03609121974289
2,0.07690626243827411,1,259.244492061,1,97.61830637565903,102.11065993558903,9.227195480250673,48.883162306774935,55.80203251332129,12.848202703280407,51.875941521551105
