run,obj_vals,opt_converged,opt_runtime,is_best_vec,param_1,param_2,param_3,param_4,param_5,param_6,param_7
1,0.07993512414040817,1,4622.267816793,0,420.7891826886473,6.433494199048181,24.432232384382832,158.00911943593667,56.86014097336999,18.58924129616545,77.2318667735345
2,0.0799348874062114,1,407.088021028,1,425.79408812652963,5.887412167682239,24.541326333499285,151.04873979039473,56.830342893817075,19.25489776019991,77.57638586701866
