run,obj_vals,opt_converged,opt_runtime,is_best_vec,param_1,param_2,param_3,param_4,param_5,param_6,param_7
1,0.0903000667929248,1,252.460804262,1,172.2631673999266,68.28824702162846,6.58488748686439,157.10615918238213,51.66361624220891,31.55436538821279,38.285744935894314
2,0.09031562320309573,1,469.035288581,0,167.19016489358205,69.20658936201136,4.0551716540431215,151.26590929903296,50.71199687635961,30.122876833628776,37.878205694790914
