run,obj_vals,opt_converged,opt_runtime,is_best_vec,param_1,param_2,param_3,param_4,param_5,param_6,param_7
1,0.09078173480467268,1,192.826080313,1,204.6675751069453,63.078761081399016,3.8351926602277504,361.81796978946795,61.14309184019525,32.0607652720578,45.25280174681048
2,0.09085393751545807,1,325.820691709,0,202.2973575834254,63.09207552957187,2.848009134502141,244.61011537568987,59.30029367228607,34.069561924064736,45.13078017645844
