run,obj_vals,opt_converged,opt_runtime,is_best_vec,param_1,param_2,param_3,param_4,param_5,param_6,param_7
1,0.09484658999851414,0,7246.652648235,1,160.78427257126398,51.902732441477355,-4.852270691181388,119.33841179553222,117.58832904168976,20.841063965740798,48.49252346214106
2,0.09485055320463426,0,7238.100142011,0,166.31773581521446,50.47904419252848,-4.517266552954,118.80404454616243,117.37509200604293,20.628525262010065,48.97029736669449
