run,obj_vals,opt_converged,opt_runtime,is_best_vec,param_1,param_2,param_3,param_4,param_5,param_6,param_7
1,0.09666840759556276,0,7236.018425502,0,148.11943023998572,53.98671379109031,-1.7354625106768669,85.77973772539467,61.74975655407398,38.85441570667538,39.22366888810462
2,0.0966656431733961,1,403.288730139,1,157.67892447049644,52.017903775866685,-2.5337455215990925,104.91668517897794,117.2726080248015,34.242051590049996,42.11931148258391
