run,obj_vals,opt_converged,opt_runtime,is_best_vec,param_1,param_2,param_3,param_4,param_5,param_6,param_7
1,0.08498221998414716,0,7246.134911847,0,121.69724604335772,74.96190144551922,8.914641099442976,233.37660805363996,26.407475642132244,23.370391162610108,42.2451698441761
2,0.08496964203864205,1,667.193158368,1,120.90331510736002,74.76489543240378,8.945558972606413,263.2568814209522,30.41878588972788,26.568366438585997,42.08605098707877
