run,obj_vals,opt_converged,opt_runtime,is_best_vec,param_1,param_2,param_3,param_4,param_5,param_6,param_7
1,0.08540416553380033,1,1662.337547335,0,108.65034661149838,83.87053325848088,11.572745293909371,302.465040737045,34.61227927372643,28.882952951788646,46.43708594210012
2,0.08506302922612057,1,5598.696425644,1,106.07478756894291,84.21011273888357,11.819405474680353,599.6528722234842,44.46468078639855,48.34199581525988,45.9180986230795
