run,obj_vals,opt_converged,opt_runtime,is_best_vec,param_1,param_2,param_3,param_4,param_5,param_6,param_7
1,0.08267376324416592,1,268.90756215,1,72.28070672047801,58.508978617146944,-11.888070721188026,100.48141023419102,29.786621833261478,53.70751507080014,37.22836365737708
2,0.08267380994489877,1,228.766358175,0,72.2953616574716,58.51728086619932,-11.88557930954961,100.71854724791793,29.742571664938612,53.74512530382073,37.231672438922224
