run,obj_vals,opt_converged,opt_runtime,is_best_vec,param_1,param_2,param_3,param_4,param_5,param_6,param_7
1,0.08214235153046179,1,269.15900266,1,76.47310504357435,63.627539052683154,-12.087242167490835,103.17901212972426,32.56308500250906,51.68955809961937,35.748548101093974
2,0.08214282434150331,1,730.903933276,0,75.83501996248087,63.86871116798638,-12.210747400697517,102.61776595846692,32.39674021991625,51.33441826030771,35.68813112151976
