run,obj_vals,opt_converged,opt_runtime,is_best_vec,param_1,param_2,param_3,param_4,param_5,param_6,param_7
1,0.07995909225501596,1,546.062182528,0,73.94030673858794,85.132050049868,-17.093605985889432,46.466926397572855,48.05090417589244,12.441744943788848,43.74220100864576
2,0.07993199709058096,1,756.309842047,1,75.7614980327807,85.36677935751678,-16.34211963612332,46.67794831645412,48.16308321227282,12.414984348694523,43.95434032244951
