run,obj_vals,opt_converged,opt_runtime,is_best_vec,param_1,param_2,param_3,param_4,param_5,param_6,param_7
1,0.08047809263588093,1,756.136317335,0,74.3543779105716,94.41458204425534,-13.80731888112831,43.04260813966371,48.44086063412566,15.16945477453788,43.44053124302668
2,0.08047808968446898,1,694.523526184,1,74.35959628326198,94.41437275461931,-13.804684369458265,43.03630540567705,48.429029506014096,15.186424649266147,43.4407470034658
