run,obj_vals,opt_converged,opt_runtime,is_best_vec,param_1,param_2,param_3,param_4,param_5,param_6,param_7
1,0.08956382157504078,1,336.036071809,0,397.56968174817894,19.91679625601978,62.33091684206797,84.38792873650041,221.69541403456176,7.166891321422524,58.99920806878474
2,0.0892798561185952,1,374.665437224,1,410.7853896481423,18.6331290340762,62.582928192598175,84.25334153595485,169.61215914560304,9.051678428038624,59.37303376449873
