run,obj_vals,opt_converged,opt_runtime,is_best_vec,param_1,param_2,param_3,param_4,param_5,param_6,param_7
1,0.07108431010191658,1,500.632059449,0,74.8275396460947,89.14435373197442,-41.509088646723825,73.31223480381378,59.046809974672534,11.311974394910829,50.87275111447808
2,0.0706966393608056,1,527.828075776,1,72.8361033165866,89.5299557842633,-40.99752211585091,78.90905294270856,63.857950049939724,5.420655892746702,50.96680610569032
