{
    "fe_w2": 0.0,
    "delta": 0.9,
    "mu": 46.892263542433774,
    "fe_late": 0.0,
    "fe_w1": 0.0,
    "fe_w3": 0.0,
    "beta_e": 1239.4882630441884,
    "prob_respond_alpha": 1.0,
    "gamma_01_factor": 1.0,
    "fe_w4": 0.0,
    "sigma_dt": 8.257584133775508,
    "alpha": 630.078125306925,
    "fe_early": -5.085226436051521,
    "beta_l": 258.5771884158718,
    "gamma": 67.13519469002058,
    "prop_to_wage": 0.0
}
