run,obj_vals,opt_converged,opt_runtime,is_best_vec,param_1,param_2,param_3,param_4,param_5,param_6,param_7
1,0.07978556045003805,1,259.798347269,1,153.35382069049047,65.00188092077387,-17.392267873170645,87.31603495527875,48.97097140176021,11.970979296310318,64.65018363055898
2,0.1156597207270385,0,7223.904968907,0,128.8109066741132,116.27592737527337,-0.11661900967559792,55.32229659938675,72.61812327894096,31.002953950749017,15.303628533614457
