{
    "fe_w2": 0.0,
    "delta": 0.9,
    "mu": 55.61476611475614,
    "fe_late": 0.0,
    "fe_w1": 0.0,
    "fe_w3": 0.0,
    "beta_e": 412.2718112366571,
    "prob_respond_alpha": 1.0,
    "gamma_01_factor": 1.0,
    "fe_w4": 0.0,
    "sigma_dt": 9.192208206884173,
    "alpha": 411.62906759939517,
    "fe_early": 0.6553802955023404,
    "beta_l": 1004.8374990488621,
    "gamma": 115.26235198004201,
    "prop_to_wage": 0.0
}
