run,obj_vals,opt_converged,opt_runtime,is_best_vec,param_1,param_2,param_3,param_4,param_5,param_6,param_7
1,0.08385679486675716,1,470.237344509,1,104.0592081670229,79.25854699037824,-6.367029672564067,68.2548275223296,48.64003448984089,9.677024065362746,57.31891338462462
2,0.08389688084916355,1,550.799136488,0,103.03581852111782,79.58058524878275,-5.972907366083623,71.47413747662952,49.25675848310941,7.7170011023997125,57.34120447016501
