run,obj_vals,opt_converged,opt_runtime,is_best_vec,param_1,param_2,param_3,param_4,param_5,param_6,param_7
1,0.08342005093527002,1,739.710337268,1,84.49153251063186,99.3436037612502,-6.7212806835281595,68.8674462880201,50.59968315398875,5.236907716985167,67.91340207375245
2,0.08364819780567913,0,3618.915983607,0,91.53723505566383,96.3842420041062,-5.998249804723444,65.07582653747819,53.62417089622466,1.0,51.974823441933836
