iteration,param_1,param_2,param_3,param_4,param_5,param_6,param_7
1,97.72746168885968,92.91783824788787,0.0,74.94003787856343,56.662458910144764,27.755058525727527,29.48478568285879
2,80.9776630015959,65.3086776291579,0.0,44.220370261951786,69.89501505977869,14.326387727984931,35.98238033109879
3,81.85305031419333,148.4625526177164,0.0,33.13799725587681,25.5600115388224,35.330486326920344,34.70168068863768
4,71.43158101306061,149.1137474698495,0.0,68.72149249695613,26.6069279097737,16.49023338716279,27.00358684865688
