run,obj_vals,opt_converged,opt_runtime,is_best_vec,param_1,param_2,param_3,param_4,param_5,param_6,param_7
1,0.05504775073720298,1,275.688310108,0,67.94343411226325,133.75387459444008,4.128709907622954,173.37304021089702,68.43477295351884,57.03416685191165,43.83644000219784
2,0.055045276797987874,1,469.923720122,0,67.22608029593279,133.8662707997766,4.121798496055424,174.5852134969569,68.90180955468753,59.0256992744657,43.61577464561541
3,0.055043959890814134,1,463.490200595,1,67.72153312383058,133.6699482036995,4.155521342202604,178.55015528633743,70.45701578122028,61.8500256307783,43.770906184395216
4,0.055054471640037135,1,295.939515045,0,68.56356709641325,133.68491005713315,4.210943378335523,166.8298190756781,66.86583337744669,55.61593326757504,43.97756415020071
