run,obj_vals,opt_converged,opt_runtime,is_best_vec,param_1,param_2,param_3,param_4,param_5,param_6,param_7
1,0.043887631610297864,1,522.535449506,0,80.9364540916374,104.60905495370415,1.2650345171412276,79.58247239797227,18.0818177922766,4.47800811200521,32.452205427232116
2,0.04390003204942321,1,545.252950509,0,80.78166042602098,104.45360883041181,1.2097295086551567,81.8272160403665,18.057510938587097,4.533480777861039,32.38750205897979
3,0.043885583410837155,1,299.517769647,0,82.7621514245281,104.17658414022179,1.3430979950869988,79.95882214906965,18.11477897407213,4.490524298201816,32.75215716693698
4,0.04388436920570365,1,254.424752793,1,81.02462145278815,104.48924993640244,1.2432211851674342,79.71208542530783,18.068309103308877,4.517506475692932,32.44196507323066
