run,obj_vals,opt_converged,opt_runtime,is_best_vec,param_1,param_2,param_3,param_4,param_5,param_6,param_7
1,0.04674514266960379,1,323.321452048,0,81.63257332727758,102.17479877900232,0.729501914155997,80.0884914762523,18.18112506734796,4.627022575958217,32.43801798537439
2,0.04674732727729526,1,344.797274819,0,80.52002969727806,102.29783362358154,0.8954595362952266,78.82505209143788,18.03996497530594,4.738205937788606,32.15414046584224
3,0.04676465317662853,1,345.793637572,0,81.18220833873742,102.46431628197142,0.7300619254196897,85.33142102566717,18.070062478953812,4.533868293349539,32.423009190686706
4,0.04673871463004378,1,283.349851972,1,80.96744648568249,102.12218387435796,0.6605324636088269,79.10503088228856,18.1271294904393,4.759903456800715,32.28096470501184
