{
    "fe_w2": 0.0,
    "delta": 0.9,
    "mu": 58.45205736956329,
    "fe_late": 0.0,
    "fe_w1": 0.0,
    "fe_w3": 0.0,
    "beta_e": 717.5696810926587,
    "prob_respond_alpha": 1.0,
    "gamma_01_factor": 1.0,
    "fe_w4": 0.0,
    "sigma_dt": 13.919721689738207,
    "alpha": 721.800923902957,
    "fe_early": -7.209949118720267,
    "beta_l": 404.3574896717698,
    "gamma": 67.973035299269,
    "prop_to_wage": 0.0
}
