run,obj_vals,opt_converged,opt_runtime,is_best_vec,param_1,param_2,param_3,param_4,param_5,param_6,param_7
1,0.08119538508236926,0,3632.718140449,1,94.653364501066,108.0316213906328,1.8412389929097426,54.299075156383644,57.39089403727868,10.3359896434622,45.390387370779344
2,0.08207748174674777,1,291.536815381,0,107.80025228279494,102.04407299122178,4.381534508803465,50.69702046508308,58.316340713307625,10.525505966640436,47.48382588191058
