run,obj_vals,opt_converged,opt_runtime,is_best_vec,param_1,param_2,param_3,param_4,param_5,param_6,param_7
1,0.07215436949952067,1,263.112518125,1,43.61624021655909,48.268020213805336,-4.223529709488036,84.0406545581293,32.51485171554222,18.34129488259387,62.452693739525614
2,0.0721560271565391,1,377.428092827,0,43.55862644443176,48.40359729076457,-4.187907712769177,83.00481515943295,32.488646320610876,18.20020522049262,62.47443197693203
3,0.0721548064841539,1,578.67386906,0,43.71840550484464,48.263702819332934,-4.197745890884998,84.47225029962217,32.524121068967176,18.228133006869026,62.513316280518744
4,0.07215483664387812,1,241.344525751,0,43.41386636388694,48.431912883869074,-4.220813391735078,83.84995096720806,32.62789973708304,18.25925295143728,62.37515147013192
