run,obj_vals,opt_converged,opt_runtime,is_best_vec,param_1,param_2,param_3,param_4,param_5,param_6,param_7
1,0.08241021433995933,1,213.078995673,0,137.4205725261809,69.7134898320988,-4.326027602071042,60.582452678894654,84.62802664804204,11.585332921188359,51.1305889312209
2,0.0823703807863946,1,597.503003859,1,141.77935930763175,67.82423701946344,-4.16975844242845,60.211648104060245,83.93636143901591,12.408391365977474,51.14677418127981
