run,obj_vals,opt_converged,opt_runtime,is_best_vec,param_1,param_2,param_3,param_4,param_5,param_6,param_7
1,0.08168012412728093,1,327.607130526,0,172.09710463197723,74.32996874893522,-0.8554681874545206,60.423400024380015,61.56511880411404,13.504789674234209,52.303062934498385
2,0.08168011822640979,1,582.586022714,1,172.65543027385888,74.16936820711702,-0.7746890541148466,60.492290974125616,61.590581920305894,13.500299243676611,52.333034384430654
