run,obj_vals,opt_converged,opt_runtime,is_best_vec,param_1,param_2,param_3,param_4,param_5,param_6,param_7
1,0.0827521363734665,1,562.169633424,0,107.959153850784,105.98438318499687,-16.121067008548483,57.667211419357024,57.86375862209567,31.194151024827576,41.278686573193234
2,0.08274790043407888,1,657.671437792,1,122.32759337737515,99.3370264820009,-17.682068271731676,59.02895014283421,59.27039348859537,30.306951743261166,43.798300988014695
