run,obj_vals,opt_converged,opt_runtime,is_best_vec,param_1,param_2,param_3,param_4,param_5,param_6,param_7
1,0.08201906987521301,1,907.024860076,1,175.48407572465635,68.89573189294943,-26.694796108858544,76.69506662011302,69.82211401251946,29.649720371421417,56.1814142454403
2,0.08204188642683626,1,2671.466076968,0,176.36356814390564,68.85034880606844,-26.44925289538464,77.56821855660176,68.40201871851185,29.94854259685385,56.26291417248581
