run,obj_vals,opt_converged,opt_runtime,is_best_vec,param_1,param_2,param_3,param_4,param_5,param_6,param_7
1,0.08556202110042781,1,389.019989005,1,68.49756778088691,30.224693372094368,-20.54702442601581,64.55170716070437,45.97069237085969,2.665931027017628,26.38893921024389
2,0.08577718276907803,1,693.736981973,0,79.67012296821798,30.684763445323394,-16.42186541479089,69.4489843975179,49.601496778224394,1.3707518975249968,28.176707146735133
