{
    "fe_w2": 0.0,
    "delta": 0.9,
    "mu": 52.87562997664684,
    "fe_late": 0.0,
    "fe_w1": 0.0,
    "fe_w3": 0.0,
    "beta_e": 346.3421879472804,
    "prob_respond_alpha": 1.0,
    "gamma_01_factor": 1.0,
    "fe_w4": 0.0,
    "sigma_dt": 26.586032897401147,
    "alpha": 470.1288440665543,
    "fe_early": -7.98453473393576,
    "beta_l": 533.893397879199,
    "gamma": 76.85624768333476,
    "prop_to_wage": 0.0
}
