{
    "fe_w2": 0.0,
    "delta": 0.9,
    "mu": 63.069373598947514,
    "fe_late": 0.0,
    "fe_w1": 0.0,
    "fe_w3": 0.0,
    "beta_e": 553.0731861147956,
    "prob_respond_alpha": 1.0,
    "gamma_01_factor": 1.0,
    "fe_w4": 0.0,
    "sigma_dt": 20.859155568796997,
    "alpha": 747.6624587075993,
    "fe_early": -25.603605158059572,
    "beta_l": 340.53319446448967,
    "gamma": 78.97697269938219,
    "prop_to_wage": 0.0
}
