run,obj_vals,opt_converged,opt_runtime,is_best_vec,param_1,param_2,param_3,param_4,param_5,param_6,param_7
1,0.08742089276111993,1,1120.113384327,0,132.70783042869164,37.24876197620333,19.694259263696477,83.04782865558653,56.69083425294637,43.47092841109189,38.04525967730652
2,0.08739359481103706,1,593.152036972,1,122.40914195443433,38.31895558978054,17.40406703063025,67.15245499594617,63.30752117021689,24.010733100569173,37.172999379944024
