run,obj_vals,opt_converged,opt_runtime,is_best_vec,param_1,param_2,param_3,param_4,param_5,param_6,param_7
1,0.0009331370832942245,1,225.253017455,0,85.73048664337884,136.38356981913202,0.0438013385045116,81.73376802501865,57.124525473137474,18.399148381731408,69.8473994569346
2,0.0009331370947061627,1,234.696106799,0,85.73016102987924,136.38364372001718,0.043784681144760494,81.73417550986959,57.12413653729805,18.398989323993266,69.84730742348845
3,0.0009331370816558753,1,202.463744303,0,85.73042370692666,136.38356076060236,0.04381203381336967,81.73405064913983,57.12425266636946,18.399040612294304,69.84736412056802
4,0.0009312778727537269,1,252.134661943,1,85.74598622377916,136.38149315574094,0.04263830206304144,81.60582882232012,57.25362529290721,18.4119157853834,69.85485642369908
