iteration,param_1,param_2,param_3,param_4,param_5,param_6,param_7
1,128.93616852176447,145.11992966321094,0.0,66.06406651638727,61.13743848917398,30.76390252451415,13.351458471255057
2,69.9999267643613,106.82463113436312,0.0,71.38418038585925,48.38303501683383,26.3288849242664,32.35925536841864
3,139.88545048037727,52.719112733497965,0.0,47.98593682063692,71.51133217768515,18.399075556393495,18.54576259310331
4,123.16064638985371,78.0945320311243,0.0,56.649667152990204,72.56389424647209,21.26152925054783,29.799845806066816
