run,obj_vals,opt_converged,opt_runtime,is_best_vec,param_1,param_2,param_3,param_4,param_5,param_6,param_7
1,0.030899215654591448,1,317.103353764,0,128.90319368591398,145.08762547055247,0.029257776529247746,66.00799701869812,61.176188387119595,30.80785373851861,13.420837373988961
2,0.0016305217684080622,1,321.163709392,0,131.22504657856035,75.52259146859409,0.2272584486936411,53.79553662879943,81.05646762689445,33.45049904224851,37.68953792081403
3,0.0016305216738842995,1,365.231677863,1,131.2265420858017,75.52232770241142,0.22746794771940476,53.7956679919304,81.0554391175776,33.450390394226346,37.6896743305755
4,0.001630521674165075,1,365.410119185,0,131.22654136969518,75.52232779755468,0.22746785916800763,53.795667964850246,81.05544062992321,33.450390411734126,37.68967427670483
