run,obj_vals,opt_converged,opt_runtime,is_best_vec,param_1,param_2,param_3,param_4,param_5,param_6,param_7
1,0.10390551650479202,1,161.692789803,0,128.90788390495834,145.0885093505714,0.03137616522709848,66.05292098978951,61.17762239229011,30.78900893314743,13.419290317336877
2,0.0015363633729116007,1,193.778802475,1,130.60400048118612,75.57144346329919,0.051198796270246004,53.588322417394,81.40244583239087,33.595452734059705,37.68592951659497
3,0.001536363373029273,1,174.092648342,0,130.60403620273897,75.57143521313002,0.05119872800808363,53.58833755505596,81.4023944236178,33.595411246158505,37.68593459024621
4,0.0015363633729158733,1,174.475728188,0,130.60398478231784,75.57144705493099,0.05119839491424686,53.58832394219717,81.4024292049575,33.595448266720815,37.68592723138522
