run,obj_vals,opt_converged,opt_runtime,is_best_vec,param_1,param_2,param_3,param_4,param_5,param_6,param_7
1,0.07826024194549304,1,259.168629749,1,175.56856738254564,75.03283186249011,6.3390582791493735,66.65840067882209,66.28923506010311,17.155786828829612,57.81073780141523
2,0.07839489977846717,1,495.351202753,0,180.41367409913403,75.039724194088,9.80611425683615,71.81830094135445,62.51619717189899,36.83905268903121,58.271617900731655
