{
    "fe_w2": 0.0,
    "delta": 0.9,
    "mu": 40.59096290513521,
    "fe_late": 0.0,
    "fe_w1": 0.0,
    "fe_w3": 0.0,
    "beta_e": 1142.0734287637697,
    "prob_respond_alpha": 1.0,
    "gamma_01_factor": 1.0,
    "fe_w4": 0.0,
    "sigma_dt": 90.57668788497783,
    "alpha": 120.55866120345738,
    "fe_early": -4.555637733909415,
    "beta_l": 1261.676792858971,
    "gamma": 92.62775613155536,
    "prop_to_wage": 0.0
}
