run,obj_vals,opt_converged,opt_runtime,is_best_vec,param_1,param_2,param_3,param_4,param_5,param_6,param_7
1,0.0007558201565951739,1,326.177069058,0,36.47706962313563,107.58353759072803,0.29533971615205395,132.94196495895847,71.92755807965514,35.754367303491,32.67782678225148
2,0.0007553614099267902,1,387.165317029,0,36.45829364004678,107.5875375783709,0.29264407670200115,133.47677436623712,71.84919610245638,35.86779096634849,32.67410971446651
3,0.0007553612477878123,1,381.159521541,0,36.45884435970631,107.58747303602655,0.2927657110727455,133.47299226120037,71.84917216366551,35.865972436424876,32.67426106102265
4,0.0007553611950322396,1,340.440539748,1,36.45863257631342,107.58777072230482,0.292664872947317,133.46642123845103,71.84820092217959,35.86527411702479,32.67426036119574
