iteration,param_1,param_2,param_3,param_4,param_5,param_6,param_7
1,94.59108283376764,144.6059544484358,0.0,74.19056740607061,31.18050899667859,16.83317261437409,24.729366508236133
2,129.79744892300084,56.03492895165837,0.0,46.91216598236185,52.95292395291189,13.390736747882293,28.850939851541007
3,142.93431687238925,95.87201912589889,0.0,33.063718204036476,41.152989354586154,25.626536519528166,30.51703114333296
4,96.05451051631542,138.20775478308224,0.0,48.28635571324613,56.302811678686936,18.267985952956785,22.20417803434202
