run,obj_vals,opt_converged,opt_runtime,is_best_vec,param_1,param_2,param_3,param_4,param_5,param_6,param_7
1,0.07425552504540338,1,792.472780951,1,51.297664825419766,86.63789851634799,-8.429131938560214,95.23914878444545,59.9883263421595,3.5517745661566664,55.868843259543496
2,0.07428011235225182,1,516.409914803,0,53.88577091646456,84.00345773621518,-15.703166299532512,95.0052932603088,63.22209695784739,1.5314575087312534,56.84952573793442
