run,obj_vals,opt_converged,opt_runtime,is_best_vec,param_1,param_2,param_3,param_4,param_5,param_6,param_7
1,0.0862496839170764,1,452.483005042,1,223.13607251738358,26.513138124217626,32.0215853622294,107.19747049564744,39.328827822344145,33.125001802874756,41.56206338837336
2,0.08625790065614662,1,343.691031448,0,212.85465366896247,27.693374994298576,30.914396438358416,105.8648288330836,39.04512401964924,33.08868025870492,40.72644074726461
