run,obj_vals,opt_converged,opt_runtime,is_best_vec,param_1,param_2,param_3,param_4,param_5,param_6,param_7
1,0.08690389668849412,1,2104.418617451,1,195.39937808722425,35.94141693487535,30.075340760197697,97.57458368736484,38.68570744945976,33.03764388321246,37.90484927077645
2,0.08690749779192658,1,1284.039203791,0,191.91246829406307,36.326184397029174,29.65741683363531,97.41547640353231,38.575170298662584,32.96430510237949,37.56673767132828
