run,obj_vals,opt_converged,opt_runtime,is_best_vec,param_1,param_2,param_3,param_4,param_5,param_6,param_7
1,0.08512542485272498,1,535.919323481,0,121.69651460385575,95.5723794670788,-11.917651960714062,90.09784840950316,54.91129319603104,35.20345454109924,47.239795467301
2,0.08512059187223857,1,320.395210642,1,125.80901266211397,93.99180975837237,-11.805159195557792,90.2759241992494,54.55333776025681,34.87601146797879,47.83823268467577
