run,obj_vals,opt_converged,opt_runtime,is_best_vec,param_1,param_2,param_3,param_4,param_5,param_6,param_7
1,0.0011249462037025723,1,463.221377008,0,57.762241118268875,87.587479046245,0.07472613148814389,78.89386627060394,51.215153851057124,22.779991119020377,93.98790867956014
2,0.00112482230847999,1,387.912675582,0,57.81066124367096,87.58089631098908,0.07721741731738421,78.85240441568122,51.187144240893566,22.77024339384281,94.00026877792065
3,0.0011248075245163032,1,257.120469834,1,57.80846138904478,87.58111172137373,0.07766586135920346,78.8568318770675,51.18990528542353,22.772443588872026,93.99973223917344
4,0.0011249433287483972,1,483.851149253,0,57.76198012521748,87.58757603314196,0.07443160961179385,78.89351347413974,51.21490749314103,22.78005311882765,93.9878989877774
