run,obj_vals,opt_converged,opt_runtime,is_best_vec,param_1,param_2,param_3,param_4,param_5,param_6,param_7
1,0.0009417232899393426,1,360.529202005,0,57.41826749325762,87.51049439944892,0.06996761358843125,79.62460722285785,51.14709868895425,22.6488628005214,93.97020532020977
2,0.0009417232743817124,1,253.176916784,1,57.41812625770231,87.5105731884693,0.069946165756398,79.624636536917,51.14701481852252,22.648546682506286,93.97012516650935
3,0.0009417232744233903,1,261.387244848,0,57.41812432982974,87.51057048537396,0.06994278983014961,79.62467315955405,51.147071462108485,22.648554758006618,93.97013122650542
4,0.0009417232757998972,1,337.302832473,0,57.418048792000754,87.5106263214094,0.06994606260703953,79.62470889373989,51.14698849165995,22.648547802675022,93.97006447723165
