run,obj_vals,opt_converged,opt_runtime,is_best_vec,param_1,param_2,param_3,param_4,param_5,param_6,param_7
1,0.06680981510829313,1,227.177582366,1,96.01062545482806,90.18032619668102,-4.54968062386197,64.26787551772192,85.35770839568674,13.948866343804093,50.714451720698854
2,0.06691936836012485,1,374.932719401,0,92.75745544112513,90.92886564438184,-5.696311595264989,62.197148172340675,77.88342595984236,13.39573014482322,50.03970514503038
