run,obj_vals,opt_converged,opt_runtime,is_best_vec,param_1,param_2,param_3,param_4,param_5,param_6,param_7
1,0.0943408681253605,1,407.267637321,0,62.56016528922539,52.08970799039375,-2.567970569743267,66.30529279673117,56.071982785609435,1.6594462813417166,42.95444344653924
2,0.09354214272526992,1,475.590633527,1,56.28232450079569,54.02303525109423,-5.404848287768663,84.74072645935888,51.26842229844689,1.710280850057406,40.71752631808628
