{
    "fe_w2": 0.0,
    "delta": 0.9,
    "mu": 42.36020727355221,
    "fe_late": 0.0,
    "fe_w1": 0.0,
    "fe_w3": 0.0,
    "beta_e": 343.44244411767033,
    "prob_respond_alpha": 1.0,
    "gamma_01_factor": 1.0,
    "fe_w4": 0.0,
    "sigma_dt": 16.349358490622386,
    "alpha": 259.9718958302973,
    "fe_early": -2.1726023504482974,
    "beta_l": 2454.7424128190523,
    "gamma": 86.94258780297793,
    "prop_to_wage": 0.0
}
