run,obj_vals,opt_converged,opt_runtime,is_best_vec,param_1,param_2,param_3,param_4,param_5,param_6,param_7
1,0.08297252168379754,1,201.13068924,0,96.99218038338613,106.12235141653032,-12.61604716332648,53.61265680939008,66.11674729733514,4.412908426934601,63.8659189412015
2,0.08293104040396544,1,381.585091641,1,107.4829214440762,103.4238563856676,-10.242839448924856,55.34232043302884,68.27311627762421,3.9885158097960534,64.80711014944401
