run,obj_vals,opt_converged,opt_runtime,is_best_vec,param_1,param_2,param_3,param_4,param_5,param_6,param_7
1,0.08345626331301888,0,3651.624306988,1,104.9043940396771,109.19797435670391,-12.831329180602978,52.388805800475396,63.29948891350232,6.468202371900914,57.892047123657846
2,0.08348017234627364,1,646.511419431,0,112.52241643929796,107.02081819779487,-10.93911298964334,54.870461031105556,65.19674037831128,5.196508213869157,58.68932714958317
