run,obj_vals,opt_converged,opt_runtime,is_best_vec,param_1,param_2,param_3,param_4,param_5,param_6,param_7
1,0.07716727256733914,1,631.754542536,0,78.50669021412615,105.25140634530254,-1.652169266221362,46.773927645081855,73.79517512750776,16.974080973543597,51.73086919832508
2,0.07707553875542218,1,2289.062254468,1,80.20264981210909,105.85165881640677,-2.1370734662177533,46.139601983028896,81.37383265320179,15.752297709866408,53.01301811540464
