run,obj_vals,opt_converged,opt_runtime,is_best_vec,param_1,param_2,param_3,param_4,param_5,param_6,param_7
1,0.07798033622952363,1,944.113278226,1,76.92735426742892,97.72817923578755,-1.9259467581685068,59.17568619761534,88.56658550911597,13.422222582349612,54.79650187792217
2,0.07798123999345181,1,602.761792225,0,76.84435147277856,97.68563661488068,-2.0352169904969144,58.74673700216988,91.00155158688351,13.178376015293898,54.78653415254767
