run,obj_vals,opt_converged,opt_runtime,is_best_vec,param_1,param_2,param_3,param_4,param_5,param_6,param_7
1,0.08249226018416035,1,5556.158784874,1,87.6848462251498,77.46249622049848,-12.51918094239376,89.60413419410719,64.71144152802893,43.861232610425034,44.90064941964187
2,0.08251429480768577,1,414.084934768,0,82.89963398461931,77.70911928428575,-13.075585771227308,51.41844751911,70.87072614548285,21.477573905902076,44.11811663483334
