run,obj_vals,opt_converged,opt_runtime,is_best_vec,param_1,param_2,param_3,param_4,param_5,param_6,param_7
1,0.07831513426879086,1,412.351512331,0,97.42253501745793,76.36284815903755,0.8201209947890065,82.89835599770282,41.776095895776095,97.69768313348405,48.76264328517781
2,0.07831496289831295,1,487.475981999,1,97.21850703835453,76.38233378746371,0.7767234576659442,81.93262859206102,41.827456007605036,97.676785782802,48.73833029445231
