{
    "fe_w2": 0.0,
    "delta": 0.9,
    "mu": 68.85806865501321,
    "fe_late": 0.0,
    "fe_w1": 0.0,
    "fe_w3": 0.0,
    "beta_e": 500.5537786177606,
    "prob_respond_alpha": 1.0,
    "gamma_01_factor": 1.0,
    "fe_w4": 0.0,
    "sigma_dt": 6.1979593713926455,
    "alpha": 565.613006462993,
    "fe_early": -3.7766645447128093,
    "beta_l": 387.31522911635466,
    "gamma": 88.94726220645676,
    "prop_to_wage": 0.0
}
