run,obj_vals,opt_converged,opt_runtime,is_best_vec,param_1,param_2,param_3,param_4,param_5,param_6,param_7
1,0.0818066606893538,1,566.729655261,1,149.0877892996745,77.67336523150881,6.132557055709475,66.30125322875898,166.79312271983403,14.71128939975875,56.39386550611645
2,0.0818599012222276,1,638.263024894,0,140.98589635672025,78.56069312107641,4.49348125268275,68.78498210116575,76.54217353905186,14.5055828732729,55.63856324572156
