run,obj_vals,opt_converged,opt_runtime,is_best_vec,param_1,param_2,param_3,param_4,param_5,param_6,param_7
1,0.08170944298877975,1,342.881833823,0,108.07344576681693,39.82325731780072,6.093146231296094,101.27470286153266,53.37664061265751,39.77622841573192,52.18159607586316
2,0.08170935990696768,1,270.849266769,1,108.1298841223311,39.82077548110163,6.117367820156454,101.5395256876698,53.271079740374816,40.19510796815352,52.19133905130923
