run,obj_vals,opt_converged,opt_runtime,is_best_vec,param_1,param_2,param_3,param_4,param_5,param_6,param_7
1,0.08252158238253353,1,613.633744399,1,132.5223062474765,41.13986038830403,-1.3286225243927354,92.63024028793808,49.782259392101324,37.84078100226446,53.07706441702486
2,0.08252160953534678,1,396.958349482,0,132.94411046365266,41.0550106621507,-1.4292069426840182,92.44501315489725,49.816420147945166,37.883162479616736,53.14722534616415
