run,obj_vals,opt_converged,opt_runtime,is_best_vec,param_1,param_2,param_3,param_4,param_5,param_6,param_7
1,0.07823379395520574,1,208.249067745,1,182.94199585764406,69.27296016520717,13.066919343781764,75.03439965380603,62.62927339306518,29.830418826724898,41.87362337524976
2,0.07824159651758376,1,210.718527288,0,178.96647682578848,69.99235299539943,11.968530546812648,74.0012847393731,63.455998947393724,30.52143189598088,41.47935243476037
