run,obj_vals,opt_converged,opt_runtime,is_best_vec,param_1,param_2,param_3,param_4,param_5,param_6,param_7
1,0.07746317367059832,1,294.978327757,1,212.48705209819826,69.76411289417149,14.049943332657508,73.50736611941674,86.71619677161442,28.70033281600992,50.20819577231592
2,0.07746443804899325,1,336.682201106,0,210.74845924430392,70.18010599436194,13.843636040571837,73.12794092314508,88.15844503839587,28.8354595562096,50.01145398393123
