run,obj_vals,opt_converged,opt_runtime,is_best_vec,param_1,param_2,param_3,param_4,param_5,param_6,param_7
1,0.08146058893883998,1,301.744944479,0,35.95872271592981,57.82306370354408,4.8059521913330014,283.1198562625416,28.853166904756236,317.30523869645714,27.866353330235768
2,0.08141753546540906,1,564.808797392,1,35.80640003455972,56.7595465936908,4.7554477926857155,239.5230210462937,26.97231976861733,317.7863700578692,26.592251464147292
