{
    "fe_w2": 0.0,
    "delta": 0.9,
    "mu": 57.934504840494505,
    "fe_late": 0.0,
    "fe_w1": 0.0,
    "fe_w3": 0.0,
    "beta_e": 544.5562385814335,
    "prob_respond_alpha": 1.0,
    "gamma_01_factor": 1.0,
    "fe_w4": 0.0,
    "sigma_dt": 20.46932489166198,
    "alpha": 611.2066917796733,
    "fe_early": -0.21488415838527974,
    "beta_l": 347.51066459881906,
    "gamma": 80.13171875463834,
    "prop_to_wage": 0.0
}
