run,obj_vals,opt_converged,opt_runtime,is_best_vec,param_1,param_2,param_3,param_4,param_5,param_6,param_7
1,0.09487967277286927,1,555.834943327,1,126.29188422642524,44.27018055609714,9.251992118418455,52.674292289546074,121.490464076793,19.750145374643953,54.18340862968389
2,0.09498656440023277,1,1697.080250047,0,124.42852981266037,44.324517983514795,8.497829912584928,51.49390082401908,259.8197981083022,19.292023293401147,54.544038367576675
