run,obj_vals,opt_converged,opt_runtime,is_best_vec,param_1,param_2,param_3,param_4,param_5,param_6,param_7
1,0.09660500592141236,1,308.663470974,1,147.14121601985056,48.74375205231625,15.234229951019767,58.21353588522542,62.72835391884961,24.68738732849598,48.76615513257547
2,0.09660837806727045,1,466.574389135,0,146.33935360532624,48.80724952800112,13.628271351590868,57.906445144042756,62.382318693271486,24.585826546373635,49.662473151166324
