run,obj_vals,opt_converged,opt_runtime,is_best_vec,param_1,param_2,param_3,param_4,param_5,param_6,param_7
1,0.05195599453422446,1,240.533919786,0,204.3269290311814,122.14213884415628,1.9240179981017285,86.4969728503585,66.27068842222263,10.179250733132,53.65668387856161
2,0.051883136288812505,1,553.763340504,1,247.66260256901595,114.906012225037,1.1937987337657603,91.34619481134871,68.1533625927769,13.050057724472433,58.62318860269573
3,0.05218009897635269,1,377.228513918,0,219.40229143839352,120.84507941306805,1.3651512209702368,103.67679515350275,60.73210666475695,24.252937590069614,56.280686523895724
4,0.05188526234621492,1,623.553785233,0,242.1161229382042,115.91303058901859,1.1803122032125848,89.2543601628962,68.10451054242641,12.858523027531188,58.08725814263359
