{
    "fe_w2": 0.0,
    "delta": 0.9,
    "mu": 59.16622196646917,
    "fe_late": 0.0,
    "fe_w1": 0.0,
    "fe_w3": 0.0,
    "beta_e": 2519.166230758697,
    "prob_respond_alpha": 1.0,
    "gamma_01_factor": 1.0,
    "fe_w4": 0.0,
    "sigma_dt": 135.94212114932523,
    "alpha": 722.2587997977976,
    "fe_early": 12.671745311439585,
    "beta_l": 254.37851021482905,
    "gamma": 75.00748224469339,
    "prop_to_wage": 0.0
}
