run,obj_vals,opt_converged,opt_runtime,is_best_vec,param_1,param_2,param_3,param_4,param_5,param_6,param_7
1,0.08117265715062655,1,119.30824235,0,123.68126723945697,43.28813489711104,11.230258169691341,90.01213211376006,47.335111681681546,4.9828838561760325,45.40839254960566
2,0.08004262480570919,1,321.368436644,1,184.2896569846946,34.89297493283014,9.7652999448082,96.49427537721522,45.44494405563072,9.763468452617058,54.217284653777256
