run,obj_vals,opt_converged,opt_runtime,is_best_vec,param_1,param_2,param_3,param_4,param_5,param_6,param_7
1,0.07926463602844026,1,706.627170769,0,127.56895801671749,85.67960926380427,4.468106251150733,72.03338302579934,62.30195904633107,6.393696009384947,69.23102168053268
2,0.07918190559416964,0,3630.85288854,1,76.89339672549237,102.63503350874335,-6.497772232275468,65.92435514140563,58.46789892609097,6.092231205737317,62.49300326008036
