run,obj_vals,opt_converged,opt_runtime,is_best_vec,param_1,param_2,param_3,param_4,param_5,param_6,param_7
1,0.07836634229729114,1,446.714559474,0,117.4976377546502,80.27608429612405,5.547542576996156,173.0604765820937,69.90962538526477,72.18446392512996,49.02087186769702
2,0.07836106855335973,1,1672.259822903,1,115.60049853586777,81.0201587526503,5.626888909312679,214.5311447678123,71.16239832403042,81.93843035018435,48.754847571794755
