run,obj_vals,opt_converged,opt_runtime,is_best_vec,param_1,param_2,param_3,param_4,param_5,param_6,param_7
1,0.07849128033528045,1,1354.333674516,1,108.05669722347389,88.7122849909385,5.846094980127854,240.23101461876053,106.3101526360945,116.37575653960998,53.195270008147816
2,0.07850735787782304,1,431.348350721,0,109.54547092294007,88.50466576646704,5.531017423362438,201.7787091734749,97.20285297947473,47.28372142315999,52.1661620493671
