run,obj_vals,opt_converged,opt_runtime,is_best_vec,param_1,param_2,param_3,param_4,param_5,param_6,param_7
1,0.07559491414216825,1,234.873422641,1,131.84286363136937,88.27815689650203,-4.356182740647203,70.78339655526419,46.938302763048576,19.210329659803097,58.68430828285548
2,0.07559870644866327,1,396.174297811,0,129.47133841286325,88.73269713188027,-4.596037503892588,70.01049001577375,46.66628840824263,18.931940080317496,58.19423897891166
