run,obj_vals,opt_converged,opt_runtime,is_best_vec,param_1,param_2,param_3,param_4,param_5,param_6,param_7
1,0.05583091372398713,1,2509.170435354,1,114.92950709426859,111.40150970787784,3.4741877073198024,26.861779391593284,289.8008563760127,15.13048729346632,23.30158450081477
2,0.055831797531213125,1,617.837533702,0,114.47888560761854,111.43332815603033,3.4285128690803752,26.814937946812883,301.05741164816294,15.116776306693163,23.247987873618946
3,0.05583246154455157,1,325.147100718,0,114.25460025393083,111.56920363789197,3.396839144751296,26.844066181056082,284.6598418778501,15.134391740276092,23.292858979335445
4,0.05583210689426838,1,621.810765694,0,114.57911681873668,111.47533712088989,3.397925760050864,26.854324299323597,304.5909848600315,15.110141139733281,23.2978446179571
