iteration,param_1,param_2,param_3,param_4,param_5,param_6,param_7
1,97.65883736721553,135.90355735930382,0.0,41.68277092295411,28.71507267163993,18.43657782240939,34.48163495364942
2,149.29791377622908,52.13023652753272,0.0,60.78805181025964,74.61507643348364,15.953138136554143,13.45412136844556
3,97.66303099992204,121.50501917869173,0.0,38.74169564017006,38.94510580777547,32.831311009801034,25.18896555069699
4,92.64992127967635,135.03887481660638,0.0,53.426098794088375,68.44717962073392,36.45769725814415,34.74440684651233
