run,obj_vals,opt_converged,opt_runtime,is_best_vec,param_1,param_2,param_3,param_4,param_5,param_6,param_7
1,0.07877404928999913,1,244.977338469,0,95.63741763139262,69.67408949686119,-11.998679873334861,99.58795820651393,88.13496146260908,6.249271911159576,46.6718510684661
2,0.07681224919340648,1,167.33966288,1,102.77266486497263,67.46156768855502,-12.934205421142597,78.02227873444694,212.08757431057836,7.50689309963521,47.249355456923055
