{
    "fe_w2": 0.0,
    "delta": 0.9,
    "mu": 46.47619124220581,
    "fe_late": 0.0,
    "fe_w1": 0.0,
    "fe_w3": 0.0,
    "beta_e": 701.2106847328852,
    "prob_respond_alpha": 1.0,
    "gamma_01_factor": 1.0,
    "fe_w4": 0.0,
    "sigma_dt": 10.588439394869509,
    "alpha": 469.4458651271484,
    "fe_early": -23.969107089884453,
    "beta_l": 315.8619331238026,
    "gamma": 83.84855793404681,
    "prop_to_wage": 0.0
}
