run,obj_vals,opt_converged,opt_runtime,is_best_vec,param_1,param_2,param_3,param_4,param_5,param_6,param_7
1,0.08343019225006279,1,576.058813056,1,152.23232448278085,73.84590443461008,-4.167211021030274,67.69373438081251,71.47445856879568,15.650750560282779,49.39074638735372
2,0.08375622937569249,1,577.896322397,0,153.82732113523844,73.61665529511465,-3.335145022725124,67.1706944589435,73.18022369345397,17.722441836894323,49.31999982345502
