run,obj_vals,opt_converged,opt_runtime,is_best_vec,param_1,param_2,param_3,param_4,param_5,param_6,param_7
1,0.07947864364958894,1,403.76308364,1,96.95507245262175,80.07973179967806,7.77948094377916,64.88333879302,67.98056241499364,31.617325978634522,35.74263646487698
2,0.07947867454860116,1,599.546372903,0,97.00943334129167,80.04707871221113,7.795731566492274,65.04513533273848,68.1801425360775,31.69280980657831,35.75272786097062
