run,obj_vals,opt_converged,opt_runtime,is_best_vec,param_1,param_2,param_3,param_4,param_5,param_6,param_7
1,0.001569859988292081,1,243.431312731,0,119.28713761319602,30.900171558844107,0.07717122397055358,135.29838174089963,50.64946619553024,33.00741874660689,22.05345971444154
2,0.00156985998659582,1,385.188933541,0,119.28707626142756,30.900179761922004,0.07716330451403396,135.29929757959653,50.649446598268305,33.00768136019174,22.053456654489462
3,0.0015698599873229084,1,221.644374825,0,119.28711384208474,30.900174829327316,0.07716806822531422,135.29870903677462,50.64945528365802,33.007504106877455,22.05345829077376
4,0.0015698599864988388,1,313.953983954,1,119.28708070522866,30.900177690904428,0.0771637961798705,135.29937609575322,50.64944649288776,33.00767933059197,22.053456596092435
