run,obj_vals,opt_converged,opt_runtime,is_best_vec,param_1,param_2,param_3,param_4,param_5,param_6,param_7
1,0.07043465890801451,1,726.03402295,1,85.39778759931025,81.8019108842865,-47.15618506892845,78.41170956318653,68.73490727658655,14.548410990430341,54.826482589708974
2,0.0708273013560861,1,314.350993607,0,84.584128961652,82.13424396209838,-46.19709106186263,68.45667763756809,76.2627050887346,12.74968498549134,54.766101878141555
