run,obj_vals,opt_converged,opt_runtime,is_best_vec,param_1,param_2,param_3,param_4,param_5,param_6,param_7
1,0.07016613985904796,1,619.591687212,1,72.51637899860663,78.04944497072199,-47.27985874137448,87.3391491316065,70.33016655656097,3.992890601455161,55.13628437019362
2,0.07016916489472177,1,437.046870763,0,70.7922759186789,78.94926112355898,-46.66911084838552,93.7300479559255,66.75340344481235,5.717440494839208,54.10947442017003
