run,obj_vals,opt_converged,opt_runtime,is_best_vec,param_1,param_2,param_3,param_4,param_5,param_6,param_7
1,0.08713822894607354,1,432.706179321,1,111.11731521803429,81.34459191341867,10.683238086774507,53.48797847001698,106.05870227095411,4.388104635842292,46.902888644745204
2,0.08731548174042214,1,201.830672168,0,106.57701150904794,83.57231535892313,11.128841499975271,52.772355953913575,91.34169150400784,4.898739694531704,45.639684067587716
