run,obj_vals,opt_converged,opt_runtime,is_best_vec,param_1,param_2,param_3,param_4,param_5,param_6,param_7
1,0.08626329153285624,1,198.767858254,1,124.53804972296855,70.53538503937789,4.204680671022537,56.2726732433575,60.29349273184591,9.00574927060871,44.51552855736868
2,0.08679293099074863,1,338.363981757,0,96.8372174990224,81.86920842498081,5.3210677612971695,56.369108723890484,60.5463085543258,9.221393329310748,38.55274362229263
