run,obj_vals,opt_converged,opt_runtime,is_best_vec,param_1,param_2,param_3,param_4,param_5,param_6,param_7
1,0.08532235791034751,1,400.812539366,0,118.96713561161317,40.80786218358316,17.005557139204956,93.03564694609747,41.85889572100712,77.37860093195333,42.31735655092126
2,0.08532200627135333,1,380.322224917,1,121.3073942591199,40.53311133022397,17.17958373079232,93.45481414176434,42.16802167422294,78.27008237230478,42.68455759629997
