run,obj_vals,opt_converged,opt_runtime,is_best_vec,param_1,param_2,param_3,param_4,param_5,param_6,param_7
1,0.08374913176696588,1,386.659251691,1,180.88541640376303,67.98686018202756,-32.30302375103871,116.22628700004088,95.89249061345281,1.00000043649791,67.58419764645599
2,0.11766993158299903,0,7231.280725739,0,129.08661956295097,116.97593310479158,0.29990989269496754,54.782007956190014,73.67942984993901,30.320031660370987,15.381144637531891
