{
    "fe_w2": 0.0,
    "delta": 0.9,
    "mu": 46.2400013337342,
    "fe_late": 0.0,
    "fe_w1": 0.0,
    "fe_w3": 0.0,
    "beta_e": 280.80391371335315,
    "prob_respond_alpha": 1.0,
    "gamma_01_factor": 1.0,
    "fe_w4": 0.0,
    "sigma_dt": 42.99491537432634,
    "alpha": 475.8232364313666,
    "fe_early": 12.380067764221177,
    "beta_l": 231.15376530188834,
    "gamma": 78.536311290412,
    "prop_to_wage": 0.0
}
