run,obj_vals,opt_converged,opt_runtime,is_best_vec,param_1,param_2,param_3,param_4,param_5,param_6,param_7
1,0.07831812638263662,1,222.435166726,0,144.1885591356269,77.73879898663766,-13.236862458629835,115.27443189353211,66.14487544314086,15.913547875343546,59.636914105467326
2,0.0783082590105491,1,483.328360929,1,141.48284548813695,78.65960679614388,-13.973714148425916,110.99459408745079,67.54688771139672,13.487338081803903,59.34929434318604
