run,obj_vals,opt_converged,opt_runtime,is_best_vec,param_1,param_2,param_3,param_4,param_5,param_6,param_7
1,0.07861917324675136,1,666.392234586,0,123.07764731895831,96.42287267067425,-13.54869055157359,75.85801855779606,59.70089939396293,25.066044965833317,52.62619499173688
2,0.07858373462527488,1,672.905219673,1,120.98975658286659,96.97089079996043,-13.860378402292755,85.81122295171916,57.26098367488649,24.79338636860944,52.17245885991343
