run,obj_vals,opt_converged,opt_runtime,is_best_vec,param_1,param_2,param_3,param_4,param_5,param_6,param_7
1,0.07895709984267908,1,183.381978318,0,234.62219237862243,76.48371914220405,28.659238068425882,102.8163116617179,38.877236480986596,46.9873941161285,51.326576491470064
2,0.0789343166080718,1,455.708561115,1,226.08050378376387,79.64932845773332,27.506406924952653,86.32336782179358,44.416014724818034,33.00501506368274,50.99551631643778
