run,obj_vals,opt_converged,opt_runtime,is_best_vec,param_1,param_2,param_3,param_4,param_5,param_6,param_7
1,0.07553369614774132,1,485.378693892,0,96.17157806092284,79.1058663930794,-46.513536702182314,81.45284497175199,67.30069587483985,26.047858479677114,51.563830013754824
2,0.07552359015797803,1,448.977702346,1,91.091033352359,80.79243342983541,-46.38485363365278,79.77091634564843,67.16477103868336,25.918715387707078,50.98291303846199
