run,obj_vals,opt_converged,opt_runtime,is_best_vec,param_1,param_2,param_3,param_4,param_5,param_6,param_7
1,0.0754485623316643,1,814.972954958,1,94.99198273128444,89.46607489457892,-38.72586794392824,71.5048749396691,56.114539639564875,21.903224065808388,48.3501175614347
2,0.07544869173614456,1,468.820357335,0,95.29889098330568,89.37244290242126,-38.710392157534905,71.46827798658282,56.09826793040992,21.895752904386566,48.37918018775214
