run,obj_vals,opt_converged,opt_runtime,is_best_vec,param_1,param_2,param_3,param_4,param_5,param_6,param_7
1,0.08156753737614737,1,508.404308114,0,124.35764750430171,93.25353841155606,-7.209263165578878,63.7414439640371,71.42557528937164,11.535087967292094,46.28252990162288
2,0.08156212778178318,1,359.732477646,1,122.88473326192062,94.21322103884059,-7.304550193401956,63.15876216938727,70.2819163375195,12.187062439145635,46.19916243941716
