run,obj_vals,opt_converged,opt_runtime,is_best_vec,param_1,param_2,param_3,param_4,param_5,param_6,param_7
1,0.08218171699923356,1,2274.281145355,0,119.81295218614085,85.26888194018284,-8.196366083275356,72.42697392067936,91.09784859159035,8.197311400947754,49.278689230535214
2,0.08216706859138638,1,467.856445774,1,113.94242099898965,87.01199063046725,-8.78233886358105,73.80198399749541,93.95979367504148,7.786508360896594,48.51715801353999
