run,obj_vals,opt_converged,opt_runtime,is_best_vec,param_1,param_2,param_3,param_4,param_5,param_6,param_7
1,0.07692277402688369,1,462.740150351,0,137.13576403754897,85.58003229969535,-19.26815532871717,94.09188709683539,44.60713175919321,9.068640596257472,54.56699951757458
2,0.07692276772244933,1,332.367494641,1,137.15886695777286,85.57045477625392,-19.266227420615273,94.06076192439602,44.616948321911536,9.05847470802269,54.57080333519147
