{
    "fe_w2": 0.0,
    "delta": 0.9,
    "mu": 55.43528056344918,
    "fe_late": 0.0,
    "fe_w1": 0.0,
    "fe_w3": 0.0,
    "beta_e": 187.05361808122143,
    "prob_respond_alpha": 1.0,
    "gamma_01_factor": 1.0,
    "fe_w4": 0.0,
    "sigma_dt": 15.342859176429755,
    "alpha": 509.60331530941863,
    "fe_early": -17.155179803537802,
    "beta_l": 266.8636992199969,
    "gamma": 68.11641856322473,
    "prop_to_wage": 0.0
}
