{
    "fe_w2": 0.0,
    "delta": 0.9,
    "mu": 57.910792636107566,
    "fe_late": 0.0,
    "fe_w1": 0.0,
    "fe_w3": 0.0,
    "beta_e": 388.14598835522736,
    "prob_respond_alpha": 1.0,
    "gamma_01_factor": 1.0,
    "fe_w4": 0.0,
    "sigma_dt": 24.941360298249975,
    "alpha": 400.9533972390781,
    "fe_early": -9.047384578538404,
    "beta_l": 290.10367381368474,
    "gamma": 132.22750429362455,
    "prop_to_wage": 0.0
}
