run,obj_vals,opt_converged,opt_runtime,is_best_vec,param_1,param_2,param_3,param_4,param_5,param_6,param_7
1,0.07159521825026904,1,555.972985535,0,74.39793310534395,75.0077783407374,-41.27509911549258,196.15188464540233,57.94328856950766,271.4557018210605,54.64641158322476
2,0.07159501250985369,1,356.839925087,1,74.28044466846077,75.04715563542581,-41.2540630286901,194.83991050752084,57.84333414689228,272.418106186615,54.63596566041276
