run,obj_vals,opt_converged,opt_runtime,is_best_vec,param_1,param_2,param_3,param_4,param_5,param_6,param_7
1,0.07292422851312519,1,389.131819749,0,96.49686626485423,68.52712666397397,-31.664098944518173,118.84165119405827,75.9963364036304,108.77705686230514,51.67016668676876
2,0.07292422850827082,1,367.477393214,1,96.49682476159751,68.52714428381017,-31.6640693166961,118.84123054764557,75.99662748407934,108.77794397714172,51.67017424909292
