run,obj_vals,opt_converged,opt_runtime,is_best_vec,param_1,param_2,param_3,param_4,param_5,param_6,param_7
1,0.08502572295489595,1,244.128514142,0,78.82339565282658,86.99754477137347,-14.691121841957854,72.40655012157353,37.71792192330805,45.2673708999263,47.22498908810176
2,0.085025721499488,1,298.013593381,1,78.72386684203836,87.03005825046245,-14.68591287978672,72.45816935809026,37.71595243185585,45.31679547021411,47.204575745782755
