run,obj_vals,opt_converged,opt_runtime,is_best_vec,param_1,param_2,param_3,param_4,param_5,param_6,param_7
1,0.08471998365018366,1,423.225326456,1,79.96328980011542,87.86134764748957,-12.789470948398224,62.913042096717625,38.233468827223355,36.434628951642416,42.67986514405352
2,0.08471998366867993,1,250.644012775,0,79.96307092981057,87.86130137991469,-12.789501553739175,62.90983905762644,38.233912626119526,36.43401910333459,42.67984250602363
