run,obj_vals,opt_converged,opt_runtime,is_best_vec,param_1,param_2,param_3,param_4,param_5,param_6,param_7
1,0.07390455263467187,1,225.143896613,1,135.84668122186366,58.26437894644975,-21.057640266876515,140.31435728185437,36.734776919214724,174.46451398895422,49.34091607285158
2,0.07390455265233818,1,226.097794156,0,135.84776420141654,58.263761164026114,-21.0581506521178,140.31452311792827,36.734031265283065,174.46465189442844,49.3409994010623
