run,obj_vals,opt_converged,opt_runtime,is_best_vec,param_1,param_2,param_3,param_4,param_5,param_6,param_7
1,0.08843001278418254,1,450.866239943,0,63.10159364477349,109.45086763429939,-14.181387377612198,61.50411378324823,54.948930522516406,22.43762604372622,36.39315872683441
2,0.0884300014161435,1,538.617492186,1,63.12759597430771,109.4567671029885,-14.177706420313745,61.48147507599469,54.92832903133528,22.42944890462283,36.40289333133799
