run,obj_vals,opt_converged,opt_runtime,is_best_vec,param_1,param_2,param_3,param_4,param_5,param_6,param_7
1,0.09035484646305662,1,277.357826668,0,61.41313117825775,101.30226948231179,-17.647290185998923,103.03898073066001,58.121563302031426,12.784425678063354,41.27321961950977
2,0.09035412310453983,1,223.379815858,1,61.60334481407896,101.18237939969846,-17.47632232420055,102.63711359759311,59.677891913094896,13.940451748550034,41.24700639601946
