run,obj_vals,opt_converged,opt_runtime,is_best_vec,param_1,param_2,param_3,param_4,param_5,param_6,param_7
1,0.08091380788883228,1,480.90324351,0,79.08414511852081,44.60101083810295,-14.77703832448198,52.80445146993758,129.86583467645238,23.690466507838618,31.33490751308228
2,0.08091331561199773,1,252.897266534,1,78.76381711763226,44.66249152915762,-14.822085138037735,52.9735210938255,133.01004436572532,23.759314746776415,31.288201944077542
