run,obj_vals,opt_converged,opt_runtime,is_best_vec,param_1,param_2,param_3,param_4,param_5,param_6,param_7
1,0.09276765265669604,1,448.905776518,1,111.46713236700678,80.4429344738249,4.126269637781031,51.06974869789796,233.92176137467035,20.020089717656496,51.20560631043218
2,0.0928055170896213,1,350.118783654,0,110.84887999659735,80.68112063390866,4.033808585269317,51.27858417382591,188.96699991616373,19.15389548946205,51.02938395808438
