run,obj_vals,opt_converged,opt_runtime,is_best_vec,param_1,param_2,param_3,param_4,param_5,param_6,param_7
1,0.09369390095262156,1,444.36530492,0,119.35013224590887,76.52520359204439,7.5615461712438705,56.84897129697224,68.8737849937342,21.683696525979936,44.83043398221329
2,0.09368401715723204,1,619.168526944,1,120.38859337707311,76.13310566642663,7.837033051664352,56.52889283211749,70.52694254756402,23.55853628627923,44.941197600394744
