run,obj_vals,opt_converged,opt_runtime,is_best_vec,param_1,param_2,param_3,param_4,param_5,param_6,param_7
1,0.08118066127793301,1,389.435775239,0,164.43075371569978,86.62728993675871,14.958675220877904,82.47275648117738,85.19046080750516,6.971695552862634,46.1831142483416
2,0.08044881220338107,1,189.852796468,1,162.39411065646544,81.65752144160962,15.757206313964462,87.5682280812298,100.94463251304427,1.075905290332144,34.332490969157604
