run,obj_vals,opt_converged,opt_runtime,is_best_vec,param_1,param_2,param_3,param_4,param_5,param_6,param_7
1,0.08976316361910498,1,552.760770008,1,83.28581586154075,78.1200522889055,13.078104907881887,66.3406123524958,48.409164707495584,34.15669728885457,32.66380381218902
2,0.08976347651178392,1,776.238796935,0,84.08078567407422,77.92477556736817,13.188744781187163,66.44619537772321,48.317455445623565,34.18556759389346,32.79176008084133
