run,obj_vals,opt_converged,opt_runtime,is_best_vec,param_1,param_2,param_3,param_4,param_5,param_6,param_7
1,0.08824035129746696,1,513.442565845,1,16.469626701605996,84.43398023258898,1.0184765257005117,60.95730690569836,94.03470280317524,22.62364274512167,13.149393841951639
2,0.08874871576961357,1,217.790013767,0,35.47039364192603,86.225793439652,6.143526395172239,60.421326345100496,86.40572004857731,24.099174766354583,23.077664978429667
