run,obj_vals,opt_converged,opt_runtime,is_best_vec,param_1,param_2,param_3,param_4,param_5,param_6,param_7
1,0.08374388686454637,1,497.176761447,1,186.66523425389977,67.61181677992244,-29.406498899801424,62.304677312484586,86.32146003115747,10.332028937062354,69.90785430292026
2,0.08378641541037486,1,543.166055151,0,188.22684500456586,67.20013459949243,-29.10379840770594,61.344316262849674,93.00160453512068,9.897540299057834,70.06654842669788
