{
    "fe_w2": 0.0,
    "delta": 0.9,
    "mu": 56.53639480526801,
    "fe_late": 0.0,
    "fe_w1": 0.0,
    "fe_w3": 0.0,
    "beta_e": 199.01973211628922,
    "prob_respond_alpha": 1.0,
    "gamma_01_factor": 1.0,
    "fe_w4": 0.0,
    "sigma_dt": 9.846659592057401,
    "alpha": 334.0133158068503,
    "fe_early": -2.351887365538236,
    "beta_l": 2240.852667986923,
    "gamma": 119.72792066978644,
    "prop_to_wage": 0.0
}
