run,obj_vals,opt_converged,opt_runtime,is_best_vec,param_1,param_2,param_3,param_4,param_5,param_6,param_7
1,0.08878153799630517,1,325.818449817,1,141.17791455844355,62.44939931067316,13.34975840448612,196.64307873744866,49.759720436137655,20.817973203275418,46.19205461785598
2,0.08896166191026654,1,279.530895591,0,137.97082205395975,62.815721964152615,11.974330292237214,111.13701151193965,57.8603467901392,8.529160501957382,45.786488222347614
