run,obj_vals,opt_converged,opt_runtime,is_best_vec,param_1,param_2,param_3,param_4,param_5,param_6,param_7
1,0.07389144060445761,1,407.493442204,1,85.79185484506742,95.92395473659148,6.411712020637071,242.7592256787097,44.71841720565138,12.216344148422795,44.03772028372351
2,0.07408058220355955,1,539.365228667,0,85.28003815518358,95.64860728683652,6.133723685738381,279.8990369521278,44.79559360088382,12.965648456930305,43.9697616598498
