run,obj_vals,opt_converged,opt_runtime,is_best_vec,param_1,param_2,param_3,param_4,param_5,param_6,param_7
1,0.07505255674086198,1,289.417996262,1,96.78094425203486,86.32938541783973,5.218656393496634,191.27114441578672,44.369484685745554,13.827880797222795,43.097335573589966
2,0.07507818364804819,1,342.656449548,0,97.23433013995859,86.51873869507445,5.372520732803256,182.98600285991512,44.242083706499756,14.136671471782948,43.2417611974356
