run,obj_vals,opt_converged,opt_runtime,is_best_vec,param_1,param_2,param_3,param_4,param_5,param_6,param_7
1,0.08029226046702714,0,3626.344280677,0,145.26164193511235,63.990704352196026,0.8956278649772587,130.2263394836096,59.04498070376262,23.429880205541092,50.27100556204334
2,0.08029218347923843,0,3643.298697079,1,145.32566158920213,63.97411768164129,0.9025384283276703,130.41065479563838,59.056671735245594,23.433091073128903,50.27930842949055
