run,obj_vals,opt_converged,opt_runtime,is_best_vec,param_1,param_2,param_3,param_4,param_5,param_6,param_7
1,0.080473022193055,1,477.071131135,1,146.4963110170766,69.8337589549788,6.363568676953542,144.4560185693639,70.85230876195419,24.993983538256728,56.37713764352382
2,0.08047957261371631,1,599.308510957,0,146.32018049353326,69.8678596766674,6.442897379725153,152.8646690027534,70.43146133035941,24.212191802977777,56.38459648178647
