{
    "fe_w2": 0.0,
    "delta": 0.9,
    "mu": 58.217825822368994,
    "fe_late": 0.0,
    "fe_w1": 0.0,
    "fe_w3": 0.0,
    "beta_e": 387.54599250624824,
    "prob_respond_alpha": 1.0,
    "gamma_01_factor": 1.0,
    "fe_w4": 0.0,
    "sigma_dt": 30.929224951747145,
    "alpha": 316.4190412940161,
    "fe_early": -3.8698015832620367,
    "beta_l": 283.0092745129429,
    "gamma": 95.10583636017644,
    "prop_to_wage": 0.0
}
