run,obj_vals,opt_converged,opt_runtime,is_best_vec,param_1,param_2,param_3,param_4,param_5,param_6,param_7
1,0.07473283506033647,1,516.631131175,1,60.949055063919005,86.98096915615899,-10.62912799720404,95.36503121500432,57.8314119637204,3.616997300019447,59.543125297775575
2,0.13662524502586748,0,7226.37243709,0,130.38315743435902,118.6827370921772,0.16677100978990184,52.58438597006661,72.89723745639127,31.270162414651505,13.417226841276761
