run,obj_vals,opt_converged,opt_runtime,is_best_vec,param_1,param_2,param_3,param_4,param_5,param_6,param_7
1,0.07436701380153006,1,651.547394689,1,56.720362040714726,104.57382308905022,-10.645250172126342,88.20256055615774,58.743016927567794,7.530883193437272,57.76230514895713
2,0.10253200482330516,0,7257.179158571,0,130.41960713733235,118.74405502517789,0.2097465399374352,52.80883718126746,72.9747432134076,31.298590135507418,13.422109201000136
