run,obj_vals,opt_converged,opt_runtime,is_best_vec,param_1,param_2,param_3,param_4,param_5,param_6,param_7
1,0.0833092880296698,1,1971.675845648,0,92.23398407565192,93.43632776269159,14.439912141623388,85.61228519197563,50.996780842393875,31.696775094364614,35.10514006028324
2,0.0832489761466393,1,595.963163612,1,91.45920976280875,93.4885302614185,14.064664799631375,73.74006045873662,51.169306255813815,25.976460615656173,35.00738420472309
