run,obj_vals,opt_converged,opt_runtime,is_best_vec,param_1,param_2,param_3,param_4,param_5,param_6,param_7
1,0.08426025471198427,0,3623.314706834,0,119.39934123799262,78.16390202198787,-0.3805514795417723,56.492074360741924,66.86361644280423,6.009138073007292,49.550099363834796
2,0.08424867711447075,1,2474.529077897,1,119.08796660977704,78.31393078251362,-0.4600221947632502,56.16392614523675,66.59206279247127,6.400231119941928,49.49961311917759
