run,obj_vals,opt_converged,opt_runtime,is_best_vec,param_1,param_2,param_3,param_4,param_5,param_6,param_7
1,0.08317198128913834,1,155.010789819,1,113.52074116922466,91.62247474373504,2.133915731575202,54.9868066400184,69.84297603417812,4.799786892551154,56.35920291942746
2,0.08359113814927117,1,365.701819621,0,116.57804938223157,88.74439014522716,2.909941129675639,55.235482571150484,90.14742289730681,2.6765185818575015,55.90931881323082
