run,obj_vals,opt_converged,opt_runtime,is_best_vec,param_1,param_2,param_3,param_4,param_5
1,0.08951147875543884,1,27.305952544,0,245.00296383984573,91.62537389992868,53.97361568744023,16.92293012596718,63.809256631029264
2,0.08936884025466814,1,74.5217053,1,246.6768341923414,88.93384399228356,55.17335196659117,10.291776462921563,64.34565179818121
