{
    "fe_w2": 0.0,
    "delta": 0.9,
    "mu": 43.57640319507339,
    "fe_late": 0.0,
    "fe_w1": 0.0,
    "fe_w3": 0.0,
    "beta_e": 610.1622979208994,
    "prob_respond_alpha": 1.0,
    "gamma_01_factor": 1.0,
    "fe_w4": 0.0,
    "sigma_dt": 92.06365462509287,
    "alpha": 317.12020522057344,
    "fe_early": -19.280424713606344,
    "beta_l": 423.40979730242304,
    "gamma": 76.62679333822253,
    "prop_to_wage": 0.0
}
