run,obj_vals,opt_converged,opt_runtime,is_best_vec,param_1,param_2,param_3,param_4,param_5,param_6,param_7
1,0.09288146478768286,1,301.778395744,0,183.7410037409349,43.25752565194399,38.617668804944365,77.13141876057664,56.339142923081475,18.63349291266576,22.29597577094013
2,0.09091868497773155,1,608.149624116,1,361.1851955590213,29.369392849048896,53.676522134355885,108.81220341529077,66.74038425507777,16.53327989916548,40.21167178413205
