run,obj_vals,opt_converged,opt_runtime,is_best_vec,param_1,param_2,param_3,param_4,param_5,param_6,param_7
1,0.09479367804023761,1,758.40096712,0,94.48823715764873,62.22479252178797,6.457205166194289,35.418361518597266,177.93802400495724,18.570230962327102,41.51399721296874
2,0.09479355127042814,1,883.709152391,1,94.65383111919299,62.20213937610828,6.52251815656073,35.45632306454712,178.5253938964476,18.766939466226322,41.53925330005473
