run,obj_vals,opt_converged,opt_runtime,is_best_vec,param_1,param_2,param_3,param_4,param_5,param_6,param_7
1,0.0827222539545611,0,7235.330416635,1,243.35493730026707,33.284153430521776,42.818413874049575,88.38977870323806,56.576889242810516,20.75166792409053,41.361345255148244
2,0.08273140120257046,1,316.653445973,0,212.31661715911343,36.72771656381928,38.640948085709596,88.92726454934422,54.3834443697181,19.934704009177196,39.279129157202725
