run,obj_vals,opt_converged,opt_runtime,is_best_vec,param_1,param_2,param_3,param_4,param_5,param_6,param_7
1,0.0827315545911139,1,5415.63594463,1,217.82196752379866,27.0170283695595,42.80527872867268,95.27250422796114,59.778258198884345,19.894612751798327,39.17013954300952
2,0.08274237219324226,1,459.052402799,0,211.81828075379593,27.667506016614798,41.462889502846394,94.4686937821216,59.570879435449825,17.109413381992482,38.91087819341979
