run,obj_vals,opt_converged,opt_runtime,is_best_vec,param_1,param_2,param_3,param_4,param_5,param_6,param_7
1,0.07279857070032633,1,430.642049821,0,106.31554021874543,70.92451962054359,-20.35851864192318,75.14201730956606,70.19566555939583,15.20202389271916,47.79082575686732
2,0.07271712417519502,1,425.200217821,1,107.47645692322538,70.42980237699953,-20.230593392115864,81.21185393063313,65.8951671617826,15.304753386250084,47.6665482984554
