{
    "fe_w2": 0.0,
    "delta": 0.9,
    "mu": 43.534407267368344,
    "fe_late": 0.0,
    "fe_w1": 0.0,
    "fe_w3": 0.0,
    "beta_e": 960.8980782073146,
    "prob_respond_alpha": 1.0,
    "gamma_01_factor": 1.0,
    "fe_w4": 0.0,
    "sigma_dt": 45.24790534932929,
    "alpha": 607.8785703905944,
    "fe_early": -4.5127090152558775,
    "beta_l": 146.6528865995391,
    "gamma": 65.36367224866926,
    "prop_to_wage": 0.0
}
