run,obj_vals,opt_converged,opt_runtime,is_best_vec,param_1,param_2,param_3,param_4,param_5,param_6,param_7
1,0.0817234935738226,1,1794.957546068,1,200.34643924852725,43.05270252057325,-0.7080265278024002,103.16575292586457,76.95982493860892,43.01391876268797,62.8218280052858
2,0.08172349357382265,1,1718.512998631,0,200.34644624602177,43.05270282202617,-0.7080172146641508,103.1657124456779,76.9598484406991,43.01401249955276,62.82182882748374
