run,obj_vals,opt_converged,opt_runtime,is_best_vec,param_1,param_2,param_3,param_4,param_5,param_6,param_7
1,0.0819613548428127,0,7240.167037074,1,154.5118548466037,52.08300628453036,-6.654666346053495,89.20240588716493,56.03631208184865,36.79280172761245,48.310095732358825
2,0.08218711880062946,1,483.723357276,0,201.87757560428014,46.24935392708561,5.8979653294854995,87.5994872764001,58.86865898520295,36.52105779145003,54.80492568975183
