run,obj_vals,opt_converged,opt_runtime,is_best_vec,param_1,param_2,param_3,param_4,param_5,param_6,param_7
1,0.0723802939244241,1,196.221598642,1,129.86088755234852,57.11068060663872,-11.983606254858003,61.759140176699695,69.21983088433204,16.627026594290005,47.29450447549791
2,0.07264315309682634,1,424.416797998,0,128.5076295249403,57.85342600412395,-11.933962335683718,66.29507203688078,61.31222043323427,18.80827750025201,47.13325595904859
