run,obj_vals,opt_converged,opt_runtime,is_best_vec,param_1,param_2,param_3,param_4,param_5,param_6,param_7
1,0.0726917103962322,1,2052.42803811,0,122.49701396450216,57.83055655104274,-12.570505648411899,73.88347116175088,110.86636423067236,14.111155857005526,50.55076737514394
2,0.072276750771289,1,167.643005517,1,122.84259515112993,58.56500927974136,-14.307957333133817,65.21974230676416,76.51068984547581,14.379101531767523,51.35691929419277
