run,obj_vals,opt_converged,opt_runtime,is_best_vec,param_1,param_2,param_3,param_4,param_5,param_6,param_7
1,0.0838003150071761,1,424.977913593,1,57.14210994493745,67.57357716880068,0.49838907563897605,41.89346266832207,32.07768569171556,12.7924744771623,36.851403236179195
2,0.08380031501934039,1,317.124643221,0,57.14255332145359,67.57329324626494,0.49856849649265195,41.89346339837268,32.07814492701211,12.792265780567703,36.851422272844694
