{
    "fe_w2": 0.0,
    "delta": 0.9,
    "mu": 39.71106457971298,
    "fe_late": 0.0,
    "fe_w1": 0.0,
    "fe_w3": 0.0,
    "beta_e": 2464.0067880112306,
    "prob_respond_alpha": 1.0,
    "gamma_01_factor": 1.0,
    "fe_w4": 0.0,
    "sigma_dt": 241.91095736950132,
    "alpha": 443.923232687142,
    "fe_early": 19.95147980904178,
    "beta_l": 217.41572864150902,
    "gamma": 92.75939982973422,
    "prop_to_wage": 0.0
}
