run,obj_vals,opt_converged,opt_runtime,is_best_vec,param_1,param_2,param_3,param_4,param_5,param_6,param_7
1,0.08359098783021704,1,666.564512761,1,135.26940775348578,48.06674363984353,33.28473413378964,61.39798776639666,53.34301380833201,15.10838899488447,24.334977475791
2,0.08392588821329293,1,987.5932771,0,167.38049822181736,46.5688068412874,27.17784571734916,64.03331420143245,52.83961605876737,15.888059504966618,35.59968185451203
