{
    "fe_w2": 0.0,
    "delta": 0.9,
    "mu": 39.654902183056834,
    "fe_late": 0.0,
    "fe_w1": 0.0,
    "fe_w3": 0.0,
    "beta_e": 354.9310938694741,
    "prob_respond_alpha": 1.0,
    "gamma_01_factor": 1.0,
    "fe_w4": 0.0,
    "sigma_dt": 87.04405019274648,
    "alpha": 587.4357964520943,
    "fe_early": -24.24266499429983,
    "beta_l": 332.6522894105305,
    "gamma": 53.8808080320488,
    "prop_to_wage": 0.0
}
