obj_vals,opt_results,opt_runtime,param_1,param_2,param_3,param_4
0.020062223979833767,1,0.44295124,93.61802049553864,86.44587806509828,-2.917753438074535,57.657606458883876
