obj_vals,opt_results,opt_runtime,param_1,param_2,param_3,param_4
0.02006222405112059,1,0.383574283,93.61578781869959,86.44740777329427,-2.9167776688905964,57.65739371185138
