obj_vals,opt_results,opt_runtime,param_1,param_2,param_3,param_4
0.020062224020010608,1,0.337278465,93.61600156671201,86.44707016722161,-2.9172281598456875,57.65732095733385
