obj_vals,opt_results,opt_runtime,param_1,param_2,param_3,param_4
0.0200622239669509,1,0.369223011,93.61977332638821,86.44430070957539,-2.91914523309274,57.657478272867245
