obj_vals,opt_results,opt_runtime,param_1,param_2,param_3,param_4
0.020062223969361415,1,0.408875029,93.61758969223916,86.44584072709478,-2.918153719196399,57.65735612421413
