obj_vals,opt_results,opt_runtime,param_1,param_2,param_3,param_4
0.020062223967403637,1,0.298870269,93.61699173516406,86.4455241388377,-2.919242763909321,57.65693639041188
