obj_vals,opt_results,opt_runtime,param_1,param_2,param_3,param_4
0.020062223997167478,1,0.627395752,93.62090539653805,86.44339899134326,-2.9198539143895257,57.65749399950631
