obj_vals,opt_results,opt_runtime,param_1,param_2,param_3,param_4
0.020062223963788477,1,0.380081489,93.61923047718264,86.44458060473261,-2.91909069512592,57.65739717614648
