obj_vals,opt_results,opt_runtime,param_1,param_2,param_3,param_4
0.02006222398823701,1,0.339762225,93.6206979370774,86.44358641761526,-2.919682454710987,57.65750167219561
