obj_vals,opt_results,opt_runtime,param_1,param_2,param_3,param_4
0.02006222403167454,1,0.503476637,93.62144861269287,86.44286276664076,-2.920383645209729,57.657445727684994
