obj_vals,opt_results,opt_runtime,param_1,param_2,param_3,param_4
0.020062223997014607,1,0.343132388,93.62089761380638,86.44340339812096,-2.9198519783253287,57.65749241458691
