obj_vals,opt_results,opt_runtime,param_1,param_2,param_3,param_4
0.02006222396052984,1,0.3288931,93.61883945615574,86.44495932570527,-2.918710517357587,57.65741034991511
