obj_vals,opt_results,opt_runtime,param_1,param_2,param_3,param_4
0.020062223971047996,1,0.497647746,93.61984839974045,86.44416512173926,-2.9193335168920744,57.65744198644171
