obj_vals,opt_results,opt_runtime,param_1,param_2,param_3,param_4
0.02006222396111766,1,0.502038185,93.61907414538337,86.44479100361914,-2.9188249674570694,57.657425979784854
