obj_vals,opt_results,opt_runtime,param_1,param_2,param_3,param_4
0.020062223985512058,1,0.527666396,93.61684305241188,86.44638811061809,-2.9177748125996255,57.65732321238285
