obj_vals,opt_results,opt_runtime,param_1,param_2,param_3,param_4
0.020062223978445988,1,0.623307119,93.6171300395047,86.44617962803119,-2.917917498063199,57.657337687950985
