obj_vals,opt_results,opt_runtime,param_1,param_2,param_3,param_4
0.02006222396710354,1,0.476653365,93.6195478142963,86.44436429887826,-2.91921894074912,57.65741592502844
