obj_vals,opt_results,opt_runtime,param_1,param_2,param_3,param_4
0.02006222398435216,1,0.3050551,93.62045064539296,86.44372310496169,-2.919639420260847,57.65746764458119
