obj_vals,opt_results,opt_runtime,param_1,param_2,param_3,param_4
0.02006222396369028,1,0.596789416,93.61798924269114,86.4455324118008,-2.9183845126138275,57.657365225048856
