obj_vals,opt_results,opt_runtime,param_1,param_2,param_3,param_4
0.0200622239666462,1,0.344783215,93.61958037846759,86.44436794093436,-2.919183317808511,57.6574296782926
