obj_vals,opt_results,opt_runtime,param_1,param_2,param_3,param_4
0.020062223999663988,1,0.368732806,93.61646017638122,86.4467018112829,-2.917520606523308,57.65732497487162
