obj_vals,opt_results,opt_runtime,param_1,param_2,param_3,param_4
0.02006222399118936,1,0.474076965,93.6208493759021,86.44349689577093,-2.9197205356035734,57.65752094713269
