obj_vals,opt_results,opt_runtime,param_1,param_2,param_3,param_4
0.020062223963665825,1,0.416978053,93.61799286883452,86.4455302053202,-2.918385519155216,57.65736561820474
