obj_vals,opt_results,opt_runtime,param_1,param_2,param_3,param_4
0.02006222401978888,1,0.343676933,93.61902678888556,86.4438570198999,-2.920595263100224,57.6569300020951
