obj_vals,opt_results,opt_runtime,param_1,param_2,param_3,param_4
0.02006222396937193,1,0.627019521,93.61804568360166,86.44568088694618,-2.9180611085379313,57.657463967213275
