obj_vals,opt_results,opt_runtime,param_1,param_2,param_3,param_4
0.02006222396259576,1,0.541717968,93.61855389574161,86.44527868635032,-2.918367193412311,57.657461604482684
