obj_vals,opt_results,opt_runtime,param_1,param_2,param_3,param_4
0.020062224037700246,1,0.355107357,93.62128767383344,86.44286478466215,-2.9205207584205244,57.65738517802011
