obj_vals,opt_results,opt_runtime,param_1,param_2,param_3,param_4
0.020062224000098668,1,0.337365267,93.62078639655864,86.44340102677317,-2.919950863369628,57.657444518369694
