obj_vals,opt_results,opt_runtime,param_1,param_2,param_3,param_4
0.02006222396693519,1,0.404731641,93.61773212146974,86.44572838326675,-2.918240497361275,57.65735810965335
