obj_vals,opt_results,opt_runtime,param_1,param_2,param_3,param_4
0.020062224009655998,1,0.306608279,93.61602226897998,86.4469573176139,-2.917419626020841,57.6572721123821
