obj_vals,opt_results,opt_runtime,param_1,param_2,param_3,param_4
0.02006222397189124,1,0.391753321,93.61745455978071,86.44594451496708,-2.9180765173411785,57.65735273299035
