obj_vals,opt_results,opt_runtime,param_1,param_2,param_3,param_4
0.020062223962334768,1,0.484310587,93.6192356721001,86.44465011508187,-2.9189539454895517,57.65742956622316
