obj_vals,opt_results,opt_runtime,param_1,param_2,param_3,param_4
0.02006222396136515,1,0.309179726,93.61915792070567,86.44474622897216,-2.918825197355304,57.65742144363771
