obj_vals,opt_results,opt_runtime,param_1,param_2,param_3,param_4
0.0200622239809308,1,0.5177143,93.61701615080673,86.44625939620576,-2.917865791786256,57.65732959022022
