obj_vals,opt_results,opt_runtime,param_1,param_2,param_3,param_4
0.020062223984377278,1,0.367233524,93.62010949422005,86.44383444934539,-2.9197236779305755,57.6573821794072
