obj_vals,opt_results,opt_runtime,param_1,param_2,param_3,param_4
0.02006222396786764,1,0.533493,93.61768285665758,86.44577100595195,-2.9182035598107925,57.657359417288994
