obj_vals,opt_results,opt_runtime,param_1,param_2,param_3,param_4
0.02006222398094592,1,0.359445443,93.61704114185922,86.44625148200566,-2.9178600624443396,57.65733725353827
