obj_vals,opt_results,opt_runtime,param_1,param_2,param_3,param_4
0.020062223965976525,1,0.372715085,93.61948015848391,86.44442080657753,-2.9191721439021814,57.657416924883016
