obj_vals,opt_results,opt_runtime,param_1,param_2,param_3,param_4
0.020062224006013728,1,0.52302707,93.61630353064098,86.44682626199865,-2.9174234511438244,57.657323190169926
