obj_vals,opt_results,opt_runtime,param_1,param_2,param_3,param_4
0.020062223968257485,1,0.533755755,93.61759951665675,86.44580877852943,-2.918204766288216,57.657344263177635
