obj_vals,opt_results,opt_runtime,param_1,param_2,param_3,param_4
0.02006222401320172,1,0.388750311,93.61613545734048,86.4469581963865,-2.9173221502639395,57.65732044932821
