obj_vals,opt_results,opt_runtime,param_1,param_2,param_3,param_4
0.0200622239622967,1,0.370622057,93.61916026175777,86.44467462026292,-2.9189746020071907,57.65741331840497
