obj_vals,opt_results,opt_runtime,param_1,param_2,param_3,param_4
0.020062224020763467,1,0.319264756,93.62135827953422,86.44299346039418,-2.920218992436328,57.657475439519814
