obj_vals,opt_results,opt_runtime,param_1,param_2,param_3,param_4
0.02006222396407361,1,0.363857279,93.61787211376173,86.44558574480696,-2.9183852173776588,57.65734327349091
