obj_vals,opt_results,opt_runtime,param_1,param_2,param_3,param_4
0.020062224002168505,1,0.337177486,93.61656375029347,86.44669688270655,-2.917435244729054,57.65735641672422
