obj_vals,opt_results,opt_runtime,param_1,param_2,param_3,param_4
0.020062223989503695,1,0.485224138,93.62013648090907,86.44375299052244,-2.919848307529462,57.65734710314522
