obj_vals,opt_results,opt_runtime,param_1,param_2,param_3,param_4
0.020062223973995527,1,0.374595203,93.6199142523818,86.44407910170344,-2.919437360635823,57.657426427486506
