obj_vals,opt_results,opt_runtime,param_1,param_2,param_3,param_4
0.020062223965278948,1,0.318571591,93.61803408299932,86.4455750710936,-2.9182623435936392,57.65739840743922
