obj_vals,opt_results,opt_runtime,param_1,param_2,param_3,param_4
0.020062224039301697,1,0.392304516,93.62114071208184,86.44290219880708,-2.920571229460066,57.657335081327226
