obj_vals,opt_results,opt_runtime,param_1,param_2,param_3,param_4
0.020062223965153562,1,0.517688656,93.6194808181536,86.44444892715337,-2.919116670903884,57.65742741212654
