obj_vals,opt_results,opt_runtime,param_1,param_2,param_3,param_4
0.020062223976274392,1,0.279410396,93.61992113414358,86.44403204511752,-2.9195301358038184,57.657422026219514
