obj_vals,opt_results,opt_runtime,param_1,param_2,param_3,param_4
0.02006222396078178,1,0.330023862,93.61882388541335,86.44503809630491,-2.9185644192132547,57.65742437485378
