obj_vals,opt_results,opt_runtime,param_1,param_2,param_3,param_4
0.020062223966026874,1,0.340234647,93.61956000173329,86.44439424775994,-2.9191514926236577,57.657433943916594
