obj_vals,opt_results,opt_runtime,param_1,param_2,param_3,param_4
0.02006222396952165,1,0.639579899,93.61765133739655,86.44582414289452,-2.9181329704963437,57.657374844315186
