obj_vals,opt_results,opt_runtime,param_1,param_2,param_3,param_4
0.02006222400341541,1,0.517126976,93.61590074182882,86.44692342372055,-2.9175827881418455,57.65719969080172
