obj_vals,opt_results,opt_runtime,param_1,param_2,param_3,param_4
0.02006222399673587,1,0.492113896,93.61667221622048,86.44659624163843,-2.9175335057950558,57.6573563833309
