obj_vals,opt_results,opt_runtime,param_1,param_2,param_3,param_4
0.020062224013130594,1,0.281966317,93.61874690006348,86.44402840373864,-2.9205312070615066,57.65692287450114
