obj_vals,opt_results,opt_runtime,param_1,param_2,param_3,param_4
0.020062223963375925,1,0.602340723,93.61800178798431,86.4455148945765,-2.918406286659441,57.65736153094987
