obj_vals,opt_results,opt_runtime,param_1,param_2,param_3,param_4
0.020062224026823915,1,0.296615417,93.61794836407276,86.44424698114642,-2.9208100437508837,57.656706733803475
