obj_vals,opt_results,opt_runtime,param_1,param_2,param_3,param_4
0.020062223960619824,1,0.370633409,93.61892224869503,86.44491315776759,-2.9187238136383624,57.65741879186462
