obj_vals,opt_results,opt_runtime,param_1,param_2,param_3,param_4
0.02006222396513123,1,0.392243443,93.61786418954058,86.44562777775309,-2.9183143501376794,57.65736176077455
