obj_vals,opt_results,opt_runtime,param_1,param_2,param_3,param_4
0.02006222398871098,1,0.342175224,93.62005505930904,86.44379158736862,-2.9198513793594953,57.65734046824184
