obj_vals,opt_results,opt_runtime,param_1,param_2,param_3,param_4
0.020062223971090348,1,0.504404382,93.61744015985359,86.4459310730359,-2.918113958843429,57.65734028955096
