obj_vals,opt_results,opt_runtime,param_1,param_2,param_3,param_4
0.020062223983263766,1,0.453356112,93.62045765210884,86.44373834340253,-2.9196058315506357,57.657479216970174
