obj_vals,opt_results,opt_runtime,param_1,param_2,param_3,param_4
0.020062223971876604,1,0.340294142,93.61999293314979,86.44410092726051,-2.9193246950084024,57.65746269162442
