obj_vals,opt_results,opt_runtime,param_1,param_2,param_3,param_4
0.02006222401022743,1,0.337553065,93.6211198168983,86.4431782440761,-2.9200794203336278,57.65746969093924
