obj_vals,opt_results,opt_runtime,param_1,param_2,param_3,param_4
0.020062223974849896,1,0.365680115,93.61731109515367,86.44605328058356,-2.917997228497867,57.65734846941744
