obj_vals,opt_results,opt_runtime,param_1,param_2,param_3,param_4
0.020062224002544433,1,0.379117666,93.62073431026387,86.44338962959863,-2.920015680873071,57.657416034829275
