obj_vals,opt_results,opt_runtime,param_1,param_2,param_3,param_4
0.020062224000066853,1,0.458045108,93.61647803983944,86.44670081469391,-2.9175047846956597,57.65732833688526
