obj_vals,opt_results,opt_runtime,param_1,param_2,param_3,param_4
0.020062224019291763,1,0.334735197,93.6213591141881,86.44300765894316,-2.9201913555030847,57.65748211305044
