obj_vals,opt_results,opt_runtime,param_1,param_2,param_3,param_4
0.020062223969193164,1,0.59297891,93.61759002488498,86.44583638287061,-2.9181614603118207,57.65735401529047
