obj_vals,opt_results,opt_runtime,param_1,param_2,param_3,param_4
0.020062223967809892,1,0.651989913,93.61769365571784,86.44576585790689,-2.918204011629578,57.657361454186955
