obj_vals,opt_results,opt_runtime,param_1,param_2,param_3,param_4
0.02006222403812501,1,0.29215239,93.61692970018345,86.44686317011426,-2.9169920576311688,57.65785105278611
