obj_vals,opt_results,opt_runtime,param_1,param_2,param_3,param_4
0.020062224018194897,1,0.629035908,93.62133314318278,86.44302692550954,-2.920178255602485,57.657481797851666
