obj_vals,opt_results,opt_runtime,param_1,param_2,param_3,param_4
0.020062223972696937,1,0.625304555,93.61800025330992,86.44576989653042,-2.9179103302565856,57.65745450940606
