obj_vals,opt_results,opt_runtime,param_1,param_2,param_3,param_4
0.02006222398040039,1,0.309576279,93.62035231408076,86.4438194424934,-2.919543793578231,57.65747443363152
