obj_vals,opt_results,opt_runtime,param_1,param_2,param_3,param_4
0.02006222396582719,1,0.334190857,93.61959699850595,86.44439004983688,-2.9191210983822655,57.65743747807151
