run,obj_vals,opt_converged,opt_runtime,is_best_vec,param_1,param_2,param_3,param_4,param_5,param_6,param_7
1,0.07921152814365655,1,767.844378779,0,208.07199238907413,49.23143337374859,-8.325957293340267,54.411810971270334,60.86242489662515,16.395539185150376,58.75734609253361
2,0.07918831361236096,1,1180.816715335,1,202.41538448729358,50.78740945090303,-9.761297188463674,52.98669710166094,60.26092463100302,17.39414140944489,59.44634302844606
