run,obj_vals,opt_converged,opt_runtime,is_best_vec,param_1,param_2,param_3,param_4,param_5,param_6,param_7
1,0.07822954497331332,1,679.903050225,1,206.43896342793877,38.073923196992936,-12.12102869688022,62.45465089410725,60.432573978107214,15.136207650814793,61.013733757522715
2,0.07823778897730536,1,566.57275711,0,203.61271439595225,38.74873189738814,-12.643891986805478,62.11135921302341,60.23050126232966,15.212132157707233,60.98251951583272
