run,obj_vals,opt_converged,opt_runtime,is_best_vec,param_1,param_2,param_3,param_4,param_5,param_6,param_7
1,0.0893863767412524,1,385.700297479,1,100.74080111123091,39.62889594293767,15.42845707682891,111.22099882374653,61.09902851281202,1.0178496859733441,35.06153961543295
2,0.08944976216580096,1,487.87541152,0,94.70713343183448,41.65786754896022,14.930298970812284,107.22606904574161,58.300838334208365,1.060428031133915,34.50883574371247
