run,obj_vals,opt_converged,opt_runtime,is_best_vec,param_1,param_2,param_3,param_4,param_5,param_6,param_7
1,0.0761981931311571,1,880.842624229,1,69.50007537695299,103.90624643844964,10.996208869515273,85.58034255568093,70.2377335330362,1.8682205274950325,37.27400791613091
2,0.1258266497691339,0,7241.627978916,0,130.49752500337266,117.89545553967095,1.3825112365356684,52.78514278149288,73.00207930997085,31.223249099015597,13.450224608154459
