run,obj_vals,opt_converged,opt_runtime,is_best_vec,param_1,param_2,param_3,param_4,param_5,param_6,param_7
1,0.07788737145237769,1,449.627873248,1,97.77497395410452,105.7722694547687,9.17890631480158,80.21908443441838,69.34659346763198,8.121611455523837,47.33481446354246
2,0.10142207966351366,0,7253.556606588,0,130.43053407960622,118.04449481586555,1.2522465188477598,52.64146705848612,72.86306252901213,31.45938015899765,13.432882496714388
