run,obj_vals,opt_converged,opt_runtime,is_best_vec,param_1,param_2,param_3,param_4,param_5,param_6,param_7
1,0.0760309364715672,1,280.346293733,1,92.07254279715029,90.78529747325946,-11.117809140025988,55.1930784959878,71.66040080885848,14.85771520230838,60.92624430479572
2,0.10198644871407947,0,7224.929648278,0,129.6673141531942,116.98781723139189,2.0091043898028444,53.84941382640549,72.97578332239037,30.651673065648364,15.409478056446806
