run,obj_vals,opt_converged,opt_runtime,is_best_vec,param_1,param_2,param_3,param_4,param_5,param_6,param_7
1,0.07319983632391401,1,550.862261438,1,111.11199279806652,86.5136765691019,13.762711790248941,92.03948144833565,37.02958016501329,39.1949024622031,45.66811784899414
2,0.07323376371802041,1,471.230446192,0,106.44890425405015,87.15131820892506,12.16541280046411,80.61573017419427,38.878006120355884,35.30250141246305,45.02896726106064
