run,obj_vals,opt_converged,opt_runtime,is_best_vec,param_1,param_2,param_3,param_4,param_5,param_6,param_7
1,0.08287983184425249,1,254.831478171,1,204.55918740038612,65.98564457759807,11.17011959256938,69.68568386796741,68.03317740322485,25.74838266147329,41.207755290271464
2,0.08287983184500011,1,149.07333422,0,204.5585723993211,65.98563010281897,11.169605103168731,69.68552842938387,68.03306878825204,25.74849117853101,41.207668769279806
