run,obj_vals,opt_converged,opt_runtime,is_best_vec,param_1,param_2,param_3,param_4,param_5,param_6,param_7
1,0.07498589039737698,1,934.504021405,1,91.75009010712537,68.01632920226542,-26.28947480667531,210.82557099380713,40.88828788712484,19.55135190064076,48.376995990018635
2,0.0749878423825551,1,594.015587969,0,90.87108202606797,68.14912582873393,-26.27798465078118,234.18508026256632,40.837621402786546,18.438734365335797,48.266726285607625
