run,obj_vals,opt_converged,opt_runtime,is_best_vec,param_1,param_2,param_3,param_4,param_5,param_6,param_7
1,0.08277081973103266,1,230.394159359,1,150.0875527578865,72.76707271925152,-3.172018368570883,113.53308380870324,51.61744006120721,16.022015433030713,35.36884948432772
2,0.08277569741010347,1,894.664125164,0,149.36312291178658,73.16449566671895,-3.2662833019220847,121.09169468393476,51.336900347899544,17.02355836702055,35.30093921355989
