{
    "fe_w2": 0.0,
    "delta": 0.9,
    "mu": 35.4727972893678,
    "fe_late": 0.0,
    "fe_w1": 0.0,
    "fe_w3": 0.0,
    "beta_e": 613.3190330891669,
    "prob_respond_alpha": 1.0,
    "gamma_01_factor": 1.0,
    "fe_w4": 0.0,
    "sigma_dt": 2.171198739730265,
    "alpha": 282.89166554898827,
    "fe_early": -23.38996806072297,
    "beta_l": 1434.3309878625255,
    "gamma": 79.64954027248349,
    "prop_to_wage": 0.0
}
