obj_vals,opt_results,opt_runtime,param_1,param_2,param_3,param_4,param_5,param_6,param_7
0.0667398969827088,1,158.116372423,104.32771855398809,78.5327747182161,1.5453537538780768,90.79069664604687,56.737931222175035,19.76270331857609,58.557280318053444
