obj_vals,opt_results,opt_runtime,param_1,param_2,param_3,param_4,param_5,param_6,param_7
0.06675988224584847,1,349.457439174,102.78111324464732,78.98774839236353,1.2744712776100318,86.35633255338809,59.80374660676928,19.69490556248129,58.46456460418999
