obj_vals,opt_results,opt_runtime,param_1,param_2,param_3,param_4,param_5,param_6,param_7
0.06675929082417803,1,406.322269243,104.14003292397797,78.4487976026695,1.2734512149105333,86.52851547387839,59.83690482116146,19.775751495494436,58.68011122152233
