obj_vals,opt_results,opt_runtime,param_1,param_2,param_3,param_4,param_5,param_6,param_7
0.06676719606714543,1,522.641073943,106.63599977227196,77.53172325172157,1.3530888758625048,85.48534684722878,59.37185162643775,19.831653886299677,58.998095540362606
