obj_vals,opt_results,opt_runtime,param_1,param_2,param_3,param_4,param_5,param_6,param_7
0.06676941359519181,1,223.374424972,100.62974768583797,79.60972983983825,2.648736894898508,91.09661144138435,58.527668233243425,21.193237477120476,57.45213411222896
