obj_vals,opt_results,opt_runtime,param_1,param_2,param_3,param_4,param_5,param_6,param_7
0.06679958702266621,1,636.60867618,103.73577601003991,78.63559593832348,1.2264519831717307,89.88176173544458,58.45748497800944,20.551431994038182,58.59976364701997
