obj_vals,opt_results,opt_runtime,param_1,param_2,param_3,param_4,param_5,param_6,param_7
0.06679958719279391,1,712.086088989,103.73313335218268,78.63644030838095,1.2253352534690818,89.87743807742497,58.45152455829318,20.547080561208713,58.59928474383938
