obj_vals,opt_results,opt_runtime,param_1,param_2,param_3,param_4,param_5,param_6,param_7
0.06675885763720299,1,339.780376867,102.96255650021655,78.68979108482051,0.9938471366106832,93.28123992286748,57.27989096931168,17.288713592451394,58.25478955346367
