obj_vals,opt_results,opt_runtime,param_1,param_2,param_3,param_4,param_5,param_6,param_7
0.0667627154025274,1,402.510769208,105.63127178694346,78.08552495309635,1.588954687564165,86.19393968158495,59.57672905250324,19.924283910555253,58.94126078003453
