obj_vals,opt_results,opt_runtime,param_1,param_2,param_3,param_4,param_5,param_6,param_7
0.06929645410184311,1,424.524330654,81.0102189405281,81.82582235383168,-4.225864966345508,138.2190545735262,68.7680481276535,1.0,41.265854108589544
