obj_vals,opt_results,opt_runtime,param_1,param_2,param_3,param_4,param_5,param_6,param_7
0.0667691264986596,1,185.337845141,102.85452842337854,78.82934522870475,0.9514730714341333,84.43936123336779,60.366312491203445,18.519479299002285,58.59634463134064
