obj_vals,opt_results,opt_runtime,param_1,param_2,param_3,param_4,param_5,param_6,param_7
0.06673502614965819,1,254.195853353,104.20511396179135,78.29931256031333,1.7230898956011622,91.09995626947429,57.54670639053969,20.34092435458111,58.39166588209293
