obj_vals,opt_results,opt_runtime,param_1,param_2,param_3,param_4,param_5,param_6,param_7
0.0667588955528372,1,275.255491699,103.52278954408021,78.60497931578857,1.0865354416355872,85.68288568600812,59.90201694220651,19.72304652610982,58.61621569738729
