obj_vals,opt_results,opt_runtime,param_1,param_2,param_3,param_4,param_5,param_6,param_7
0.06674917996811672,1,263.726539027,102.74140563882351,78.77475698392995,1.035834341599674,92.55618792637743,56.71220050594531,20.659184020577566,58.40049842588606
