obj_vals,opt_results,opt_runtime,param_1,param_2,param_3,param_4,param_5,param_6,param_7
0.0667995882284567,1,417.32884468,103.7250504574133,78.6380732478213,1.222562082945317,89.84831689128121,58.45724349291818,20.5405751686662,58.59820925978777
