obj_vals,opt_results,opt_runtime,param_1,param_2,param_3,param_4,param_5,param_6,param_7
0.06677099736407412,1,544.355192187,106.96838126925387,77.43230938199282,1.5954622795852842,86.17776708345902,58.956833256008316,19.80370892438474,59.04534773630222
