obj_vals,opt_results,opt_runtime,param_1,param_2,param_3,param_4,param_5,param_6,param_7
0.06675658540113456,1,321.986959759,99.87849581653212,79.71797369720232,1.7697524708249202,92.282324065754,57.243180784467064,17.833337733657654,57.44231253219687
