obj_vals,opt_results,opt_runtime,param_1,param_2,param_3,param_4,param_5,param_6,param_7
0.06673684934690494,1,295.168019941,103.49496872140624,78.61159593177446,1.8101278463892112,90.2547152459435,57.271179040930605,20.122146093435628,58.2643074283479
