obj_vals,opt_results,opt_runtime,param_1,param_2,param_3,param_4,param_5,param_6,param_7
0.066799971134484,1,203.908771885,102.89854506431304,78.97982790813852,1.7061520906542167,92.92134169004103,56.02738344792579,19.597030263646804,58.34564997423955
