obj_vals,opt_results,opt_runtime,param_1,param_2,param_3,param_4,param_5,param_6,param_7
0.06683432225356362,1,595.816013862,101.21186097898577,80.88725727282326,2.860580272054155,86.04986956545903,55.13081733595111,21.024140711911215,58.26849727206294
