obj_vals,opt_results,opt_runtime,param_1,param_2,param_3,param_4,param_5,param_6,param_7
0.0667587049174834,1,482.31490447,103.58984728972163,78.58903288061695,1.1159092458125488,86.08505499764658,59.64073540011362,19.905090024290914,58.587447706472695
