obj_vals,opt_results,opt_runtime,param_1,param_2,param_3,param_4,param_5,param_6,param_7
0.0667780427152019,1,161.777093273,100.02606897971653,79.52133780006261,0.8364030528543868,92.00565523246475,56.084270087643624,20.687999193619532,57.89861568560259
