obj_vals,opt_results,opt_runtime,param_1,param_2,param_3,param_4,param_5,param_6,param_7
0.06679958718586047,1,362.206972388,103.73138604067756,78.63692708443563,1.2257155572387657,89.87293973932823,58.461429491234874,20.54694226288734,58.599112726482474
