obj_vals,opt_results,opt_runtime,param_1,param_2,param_3,param_4,param_5,param_6,param_7
0.0667390387424185,1,261.890870278,102.76658203559556,78.69862305675915,1.6740344587122666,93.80668504827914,58.178037504797906,18.940435077724548,58.16113218429871
