obj_vals,opt_results,opt_runtime,param_1,param_2,param_3,param_4,param_5,param_6,param_7
0.06673003908546353,1,313.192284129,102.69082090043601,79.03174427768664,1.1705378980024064,91.02239831000026,58.08999015885006,20.502958842924915,58.43412193806505
