obj_vals,opt_results,opt_runtime,param_1,param_2,param_3,param_4,param_5,param_6,param_7
0.06673910152017588,1,177.690254197,106.21493270231821,78.44981288086962,2.458587187412862,92.47202986041954,58.662507303447285,20.079126289788334,59.04492216996657
