obj_vals,opt_results,opt_runtime,param_1,param_2,param_3,param_4,param_5,param_6,param_7
0.06675991575285062,1,183.163810681,103.75414970889803,78.7304341082279,1.2718737077351467,86.08197764218099,59.25415314496296,19.672059482602826,58.612475180964836
