obj_vals,opt_results,opt_runtime,param_1,param_2,param_3,param_4,param_5,param_6,param_7
0.06675778982576795,1,468.672439694,103.06460399859313,78.76179082602158,0.9987762991409939,85.4925742473737,59.682907794976266,18.69148848824018,58.528347555881766
