obj_vals,opt_results,opt_runtime,param_1,param_2,param_3,param_4,param_5,param_6,param_7
0.06675900544351049,1,392.38776568,103.67659968149533,78.53443130050408,1.0929626090875981,85.46724479945966,59.62755361339005,19.94050750575737,58.59224985867709
