obj_vals,opt_results,opt_runtime,param_1,param_2,param_3,param_4,param_5,param_6,param_7
0.06676253084695238,1,301.732325771,101.94765291836175,79.20685730531449,1.0670589228194145,84.90677256929163,59.39391228711746,19.80491362300711,58.34214512544227
