obj_vals,opt_results,opt_runtime,param_1,param_2,param_3,param_4,param_5,param_6,param_7
0.06679959769912805,1,301.467245531,103.70127093050054,78.65147025510169,1.2336362756228405,89.80771019219968,58.48588874213426,20.52809526637489,58.59683303769431
