obj_vals,opt_results,opt_runtime,param_1,param_2,param_3,param_4,param_5,param_6,param_7
0.06682340222516521,1,281.744747555,103.4579451263319,78.75505312250787,1.0755229729989655,89.50983673993431,56.36593627306646,18.65515981603196,58.57878143588683
