obj_vals,opt_results,opt_runtime,param_1,param_2,param_3,param_4,param_5,param_6,param_7
0.06675172678389768,1,327.356916642,101.21150435398968,79.41346184569876,2.288343877469714,93.23381449474958,58.579987737844434,19.920883823922345,57.632882019193374
