obj_vals,opt_results,opt_runtime,param_1,param_2,param_3,param_4,param_5,param_6,param_7
0.06674581393451805,1,346.542681571,104.12521101136917,78.40926623353242,2.4531989614554703,93.32743669651613,58.30953859160653,19.87900904334422,58.02424296465427
