obj_vals,opt_results,opt_runtime,param_1,param_2,param_3,param_4,param_5,param_6,param_7
0.06675208543747399,1,735.120304028,105.34010658351897,77.94184295189467,2.120318883942899,90.79232538180688,58.89393618592296,22.14171522525113,58.75125815752025
