obj_vals,opt_results,opt_runtime,param_1,param_2,param_3,param_4,param_5,param_6,param_7
0.06675988486498571,1,278.162048676,103.81793786298276,78.42511236042662,0.9486262632869895,85.10240542234308,59.37221694852789,19.84211617118305,58.633915405833854
