obj_vals,opt_results,opt_runtime,param_1,param_2,param_3,param_4,param_5,param_6,param_7
0.06673306901098154,1,184.224866036,103.2704227644242,78.71770551099432,1.3296988745095322,91.33301221815005,58.05202144158167,20.91016385369408,58.506919576298735
