obj_vals,opt_results,opt_runtime,param_1,param_2,param_3,param_4,param_5,param_6,param_7
0.06673922618136906,1,293.912073078,103.6138713805282,78.54675798465556,1.708004165435266,90.13269145066745,57.126933787011154,20.44957726094922,58.289972581663456
