obj_vals,opt_results,opt_runtime,param_1,param_2,param_3,param_4,param_5,param_6,param_7
0.06673725111503666,1,230.847193267,103.56491933693627,78.944373175404,2.0051292685706597,90.43259641343695,57.293940929068725,20.36255767621777,58.42746791854325
