obj_vals,opt_results,opt_runtime,param_1,param_2,param_3,param_4,param_5,param_6,param_7
0.06679958703701079,1,365.824191485,103.73980394812612,78.6342593705361,1.2269260193915699,89.88130918347663,58.457518475311495,20.55102175701961,58.600401228473906
