obj_vals,opt_results,opt_runtime,param_1,param_2,param_3,param_4,param_5,param_6,param_7
0.06679958736498141,1,794.091918494,103.72758435808008,78.64075963391473,1.2290130592472934,89.89564178725908,58.4550642009391,20.553120451988534,58.5987638773169
