obj_vals,opt_results,opt_runtime,param_1,param_2,param_3,param_4,param_5,param_6,param_7
0.06674214439237158,1,204.000767511,103.34157769244524,78.75357135079503,1.2342798733405755,89.15802497015694,56.706530906004325,20.37306088293829,58.42647788167798
