obj_vals,opt_results,opt_runtime,param_1,param_2,param_3,param_4,param_5,param_6,param_7
0.06674171025604285,1,183.464701609,101.59741002395266,79.05436918547645,1.278202634060739,93.17196666490977,58.285087325229924,20.754904469247364,58.18574631817956
