obj_vals,opt_results,opt_runtime,param_1,param_2,param_3,param_4,param_5,param_6,param_7
0.06674350748984229,1,284.252098092,101.50751624800371,79.42492742461171,1.7886352703497652,93.50150873486997,58.11320014474621,20.233153590821797,57.86822328200331
