obj_vals,opt_results,opt_runtime,param_1,param_2,param_3,param_4,param_5,param_6,param_7
0.06673540875032055,1,201.648519087,103.82507653778629,78.5828727675174,1.350913509569222,90.56984732909993,57.074197600272356,20.190591012197313,58.557272895582386
