obj_vals,opt_results,opt_runtime,param_1,param_2,param_3,param_4,param_5,param_6,param_7
0.06675809135579455,1,323.19452773,103.65079351348876,78.52156150662512,1.1051286546711148,86.06326805016978,59.66444884152693,18.70171113462358,58.587396721519674
