obj_vals,opt_results,opt_runtime,param_1,param_2,param_3,param_4,param_5,param_6,param_7
0.06676088517120803,1,302.327537963,102.52786824430548,79.13376508895321,1.4173055841224214,86.40013695831341,60.11179096127137,19.226982773707014,58.40260826506472
