obj_vals,opt_results,opt_runtime,param_1,param_2,param_3,param_4,param_5,param_6,param_7
0.06674913975088717,1,571.613188461,103.72574399465402,78.30126632145618,1.313496755980001,81.99574858155698,60.644510348980404,20.536060417110676,58.40420013958148
