obj_vals,opt_results,opt_runtime,param_1,param_2,param_3,param_4,param_5,param_6,param_7
0.06679959817144732,1,865.851112522,103.69537409447553,78.64710863085348,1.2118213975928762,89.79669935233332,58.42403584663828,20.51371550431544,58.593281189951234
