obj_vals,opt_results,opt_runtime,param_1,param_2,param_3,param_4,param_5,param_6,param_7
0.06673890930445942,1,204.402156305,102.24252560057002,79.20719509871883,1.9394583622763137,92.48110779513374,57.73685980805093,20.16404981308308,58.16554807186158
