obj_vals,opt_results,opt_runtime,param_1,param_2,param_3,param_4,param_5,param_6,param_7
0.06681836391120148,1,164.991344544,97.94033885876574,80.33948663376616,2.011039430665156,91.93414548247473,56.40436491912187,17.359883292476077,57.094190305656454
