obj_vals,opt_results,opt_runtime,param_1,param_2,param_3,param_4,param_5,param_6,param_7
0.06679932042844965,1,452.937709701,103.37409640149721,78.85915019599706,1.3150980533137158,91.10336824775305,58.08770706500528,20.100107054102352,58.58427395496299
