obj_vals,opt_results,opt_runtime,param_1,param_2,param_3,param_4,param_5,param_6,param_7
0.06676044394368942,1,328.58927943,103.21592157367883,78.78995497553628,1.209085776478728,84.98579539383405,59.49177770944979,19.467569685713585,58.529874950959695
