obj_vals,opt_results,opt_runtime,param_1,param_2,param_3,param_4,param_5,param_6,param_7
0.06675984864798593,1,1068.750779061,103.57986957919809,78.20582518489282,0.3878455296813147,85.40590490847393,59.579623290750646,18.528129078339152,58.66561155075206
