run,obj_vals,opt_converged,opt_runtime,is_best_vec,param_1,param_2,param_3,param_4,param_5,param_6,param_7
1,0.07671022457760286,1,264.711667307,1,76.09292256838603,91.22156847875125,-8.27432480151297,113.0029406685006,55.388946309382966,11.377298885041395,38.67781915343436
2,0.07680226743703714,1,398.976925441,0,72.81035850218002,91.67306582311167,-8.458868976932273,117.95995350482391,55.3080000770932,12.638190549053045,37.62107598390795
