run,obj_vals,opt_converged,opt_runtime,is_best_vec,param_1,param_2,param_3,param_4,param_5,param_6,param_7
1,0.08614416491576452,1,581.173748027,0,170.91313535198444,69.85891271871621,14.27940642007613,87.27481261326373,43.65217712185463,61.36037944334118,39.16395197789234
2,0.0861418716186912,1,499.436570945,1,171.09377475183175,69.88315906164969,14.248495374549337,87.96586366699157,43.62467121665957,59.64433766167075,39.19972682164847
