run,obj_vals,opt_converged,opt_runtime,is_best_vec,param_1,param_2,param_3,param_4,param_5,param_6,param_7
1,0.0724765516310754,1,309.562651254,1,127.30724346640625,59.24203810107872,-26.054429675830043,65.07178501872258,75.74666903632722,13.395817375867574,54.25302939976426
2,0.07251344706962663,1,215.582587763,0,124.94305734188603,59.35486415265799,-27.162979326347116,57.105230464292575,122.15072228994607,9.616048857418999,54.45585436503899
