run,obj_vals,opt_converged,opt_runtime,is_best_vec,param_1,param_2,param_3,param_4,param_5,param_6,param_7
1,0.07296633301607948,1,569.098739481,1,135.5944390799413,69.8576110798972,-25.44226809314075,60.22137635925183,60.505093158856326,15.58074865106093,52.89806785631515
2,0.07297372115043285,1,292.497723166,0,133.616758885839,70.4571342688189,-26.18090663396913,59.43552893730765,59.3827504947847,15.256737141070463,52.99737776430133
