run,obj_vals,opt_converged,opt_runtime,is_best_vec,param_1,param_2,param_3,param_4,param_5,param_6,param_7
1,0.003971805513479539,1,388.395332619,1,47.58637930345264,135.32326815004157,0.13872887949587617,82.14173783387137,23.301352326777852,34.07799917055547,77.26584706592475
2,0.003971805701066232,1,241.754736522,0,47.58639899319921,135.3232018368791,0.13870476437019022,82.14186207817805,23.301455264356658,34.07745714182387,77.26584953305601
3,0.003971805715425268,1,220.345731867,0,47.58681716438236,135.3228869611507,0.13874146034230153,82.14118654259138,23.301532963870354,34.07739970639269,77.26596184167043
4,0.003971805517999906,1,235.826664903,0,47.585558235457924,135.32383127814123,0.13863615577034086,82.13930144994696,23.301408006649968,34.07778625554871,77.26540807958554
