iteration,param_1,param_2,param_3,param_4,param_5,param_6,param_7
1,100.1038950208609,54.30763734749424,0.0,29.403685324517646,30.796972959929203,36.347329457444076,15.02967151416713
2,50.395403759550675,56.39435270143712,0.0,49.69510043163696,45.44098491116865,35.64176682993823,27.066993657486577
3,113.73728966170292,92.81827784194525,0.0,57.96349237107413,53.42353906807615,25.404957613669605,33.6908330849197
4,126.57018093708368,75.55773119632157,0.0,25.746222208727488,25.43477209893123,20.787371702587613,28.179115358036498
