{
    "fe_w2": 0.0,
    "delta": 0.9,
    "mu": 58.231684011656476,
    "fe_late": 0.0,
    "fe_w1": 0.0,
    "fe_w3": 0.0,
    "beta_e": 1310.5889336438663,
    "prob_respond_alpha": 1.0,
    "gamma_01_factor": 1.0,
    "fe_w4": 0.0,
    "sigma_dt": 22.205019712807413,
    "alpha": 610.2761509533814,
    "fe_early": -13.615695056440059,
    "beta_l": 881.584493899395,
    "gamma": 79.89456712333585,
    "prop_to_wage": 0.0
}
