{
    "fe_w2": 0.0,
    "delta": 0.9,
    "mu": 51.43795178162242,
    "fe_late": 0.0,
    "fe_w1": 0.0,
    "fe_w3": 0.0,
    "beta_e": 529.0325117304508,
    "prob_respond_alpha": 1.0,
    "gamma_01_factor": 1.0,
    "fe_w4": 0.0,
    "sigma_dt": 86.52422935133367,
    "alpha": 895.273914741098,
    "fe_early": 1.995166316257928,
    "beta_l": 1000.5728062599168,
    "gamma": 52.187780985817604,
    "prop_to_wage": 0.0
}
