run,obj_vals,opt_converged,opt_runtime,is_best_vec,param_1,param_2,param_3,param_4,param_5,param_6,param_7
1,0.07880727276397102,1,2491.763623038,1,66.67743155342222,82.94105620665808,-3.4092168567371,154.75950918753398,83.4787289604378,2.463646775679202,50.11541125289849
2,0.07906724631857291,1,748.223809315,0,68.71309441654685,81.19970654070526,-3.537960903403569,128.4897414821504,83.79935945184981,2.4985348099463716,49.83757787765367
