run,obj_vals,opt_converged,opt_runtime,is_best_vec,param_1,param_2,param_3,param_4,param_5,param_6,param_7
1,0.07860835106890961,1,143.919653686,1,159.92000810097542,81.60196258053577,3.8831374034607578,74.66703163994843,66.98216302109786,21.093578565995376,50.42713001279768
2,0.0786801177300725,1,146.099012274,0,145.09824234176412,85.9420706395794,0.23865563228007858,74.68919672398863,64.96276653043417,20.35358048960096,48.02972755652898
