run,obj_vals,opt_converged,opt_runtime,is_best_vec,param_1,param_2,param_3,param_4,param_5,param_6,param_7
1,0.07718354615907579,0,3649.66956152,0,182.85015442731296,85.64011408670927,3.34653217173943,80.42401389552674,82.31189984384272,19.70938274638996,61.18636738444369
2,0.07715163158318696,1,460.092370516,1,175.5011303949457,88.38160993135227,2.0168298319667253,79.69067835966821,85.2319509067616,19.473312999611544,60.22863591122037
