run,obj_vals,opt_converged,opt_runtime,is_best_vec,param_1,param_2,param_3,param_4,param_5,param_6,param_7
1,0.07604229720459488,1,498.568336334,1,118.65505144249634,83.05451505179776,2.1125285379386147,99.45062672933418,188.2361692833016,65.42830878923857,65.13571481909516
2,0.07604436474304395,1,499.488296282,0,118.70376928088548,83.01216054499427,2.0879765740958254,98.98441017914539,187.34570359243892,64.74270163640973,65.1152438680488
