run,obj_vals,opt_converged,opt_runtime,is_best_vec,param_1,param_2,param_3,param_4,param_5,param_6,param_7
1,0.08685552693337216,1,164.225024302,0,120.51206661000094,33.77871254243113,-9.911400780518925,93.6764653178422,61.443917878915826,1.0240457138266257,39.7918120680216
2,0.08562174541200938,1,1655.934364259,1,117.9334761250437,32.59751647722151,-15.477940415543042,114.69291447625923,59.328030252961874,1.0,40.09259248085537
