run,obj_vals,opt_converged,opt_runtime,is_best_vec,param_1,param_2,param_3,param_4,param_5,param_6,param_7
1,0.08704078560999487,1,674.143318385,1,159.945519736876,35.92510475233301,-17.138201577831072,107.63405916465297,57.34078530198337,4.3590768127045445,44.446666566564566
2,0.0878901056448562,1,1116.905339326,0,172.4720270873152,33.95830021334521,-15.588108184143985,104.2967660869092,65.64990091927808,1.0,42.735671661849835
