run,obj_vals,opt_converged,opt_runtime,is_best_vec,param_1,param_2,param_3,param_4,param_5,param_6,param_7
1,0.07882091905346404,1,1935.570395974,1,126.58221687758873,58.88836533781571,-21.81720161202374,301.9016619924506,41.342430622669724,36.99647413774506,57.597691594422535
2,0.07882091905346766,1,1326.733249909,0,126.58225246899457,58.888343656086356,-21.817197481761042,301.90253347944906,41.34236748214064,36.996390569434986,57.59769498653903
