run,obj_vals,opt_converged,opt_runtime,is_best_vec,param_1,param_2,param_3,param_4,param_5,param_6,param_7
1,0.07961464247517967,1,400.566956421,1,60.08033510790055,48.168366815752954,-18.620979278575174,80.66900113286036,56.146203802073195,5.047489528062445,27.376603259788585
2,0.07979058724649918,1,254.720997167,0,60.74614793084007,47.7258815731527,-18.31093698000633,77.11897180284488,55.50942562658821,6.367171532787652,27.33007349182444
