run,obj_vals,opt_converged,opt_runtime,is_best_vec,param_1,param_2,param_3,param_4,param_5,param_6,param_7
1,0.0794771098384912,1,615.240877567,1,61.31369927000771,42.89779649867782,-16.586032008031864,61.19631355666713,186.411566170569,1.6198647036806986,27.997127114585982
2,0.08007462783802578,1,296.344551428,0,56.99464985537352,43.09849967525975,-20.113243117281794,59.54538883213853,90.77725395494201,1.0012026612243068,27.806891787012766
