run,obj_vals,opt_converged,opt_runtime,is_best_vec,param_1,param_2,param_3,param_4,param_5,param_6,param_7
1,0.07716197867774952,1,1385.129629173,1,117.1135309297239,85.55195103964722,14.737875345447003,173.02419128818235,118.7704710120274,10.62138748649665,60.509182024547535
2,0.07812887786805017,1,644.951683091,0,110.21354427708694,84.70572510514641,13.959618369004776,102.52582766327829,174.71559414810946,18.12293633153295,57.6377307814937
