run,obj_vals,opt_converged,opt_runtime,is_best_vec,param_1,param_2,param_3,param_4,param_5,param_6,param_7
1,0.07630944393044986,1,771.254506841,0,65.78994148858015,89.52760793305147,-8.477679917655303,59.669664584744254,65.28188612765419,15.87032960469752,60.02501983519258
2,0.07595872563226647,0,3648.679365712,1,65.60353932558647,86.96672153196317,-9.718330579942023,54.601625480596276,58.204906620648096,12.666590497967364,57.67409768096354
