run,obj_vals,opt_converged,opt_runtime,is_best_vec,param_1,param_2,param_3,param_4,param_5,param_6,param_7
1,0.07259828766297455,1,730.043054425,1,50.48826316411699,64.5246798798176,-30.689333357692675,66.12118306596177,75.31098890090007,19.423940758333057,38.950290137027096
2,0.07306605480911882,1,271.978617072,0,52.259422920318876,64.09684236356574,-30.61597779080705,70.55605007074863,59.35683317403778,33.558795904782386,39.21765017341167
