run,obj_vals,opt_converged,opt_runtime,is_best_vec,param_1,param_2,param_3,param_4,param_5,param_6,param_7
1,0.07384935280078213,1,295.508784102,1,48.50554973969379,60.54944433885051,-35.82862650107247,62.10964334364485,114.5778823352694,27.58153913729843,41.104440540740015
2,0.07449943658250224,1,367.850187219,0,49.34367004906625,60.92211804307676,-37.559060341413215,104.56632288548262,71.067356305568,77.66469023009016,41.25163636876453
