run,obj_vals,opt_converged,opt_runtime,is_best_vec,param_1,param_2,param_3,param_4,param_5,param_6,param_7
1,0.08118848503198009,1,400.130161274,0,161.68028639608232,70.92106258360813,-17.499930983663283,59.715021704546736,66.24208882648658,26.708194187941153,54.52044760224998
2,0.0811884825171484,1,401.973556227,1,161.6211403533435,70.94311611310864,-17.50070476192298,59.737450798855164,66.22683262353928,26.69098983735479,54.5177328398512
