run,obj_vals,opt_converged,opt_runtime,is_best_vec,param_1,param_2,param_3,param_4,param_5,param_6,param_7
1,0.0005168402127936326,1,215.876424339,1,140.64707846450816,106.33760820867896,-0.23895219884749525,120.27756901394923,71.54742156696096,26.877667407618866,46.16369525269583
2,0.00056108800390756,1,326.291437291,0,139.5935708970207,106.52434323758652,-0.2712480246348116,118.46085257949373,71.43947920152624,26.634888091289476,45.99272204563937
3,0.0005774298689972393,1,191.438937376,0,140.6431568678929,106.37802340149571,-0.23751957991491254,117.643616761635,71.48511048052535,26.69888098361821,46.1652253118342
4,0.0005619855893290867,1,192.989071322,0,140.0086936134275,106.58451499146089,-0.3062396848546718,118.53256813009251,71.40975289989669,26.648155803521746,46.16246983507483
