run,obj_vals,opt_converged,opt_runtime,is_best_vec,param_1,param_2,param_3,param_4,param_5,param_6,param_7
1,0.08089271467782007,1,777.171976887,0,129.8026892385685,55.87440975821073,-18.652787379386677,107.46406270996107,61.29860506291801,49.29194496325684,59.87258399845716
2,0.08089270878053799,1,578.325439733,1,129.69596263038363,55.92703654069976,-18.636991002208084,107.59099537409902,61.374722331675905,49.39682017415141,59.86271833417424
