run,obj_vals,opt_converged,opt_runtime,is_best_vec,param_1,param_2,param_3,param_4,param_5,param_6,param_7
1,0.07682540034815953,1,210.241230198,0,81.06762098312956,59.98783058124304,8.581876992678337,88.9620319664161,100.05068337964168,16.270315602670827,37.45709512542543
2,0.0768062171342312,1,194.538181038,1,71.09982704475105,63.472327866120594,7.677636783626466,87.77824059127151,100.67248914697397,16.298722156106223,35.85792074855249
