run,obj_vals,opt_converged,opt_runtime,is_best_vec,param_1,param_2,param_3,param_4,param_5,param_6,param_7
1,0.08334394392959012,1,442.152040496,0,82.21520932480098,111.24016724519343,1.7801564794547282,51.05659518920207,41.33787823531773,20.260816342523157,50.86927480585693
2,0.0833437370065056,1,602.402506874,1,82.95098833627137,111.15758238737297,2.0405649703013027,51.19529269957044,41.26533520460059,20.30493807842882,51.00773697501272
