run,obj_vals,opt_converged,opt_runtime,is_best_vec,param_1,param_2,param_3,param_4,param_5,param_6,param_7
1,0.08521030029831557,1,706.3348516,1,83.32960895634162,101.22584836680039,1.8162106652622179,60.49266662330584,40.354680673965795,17.352488840317598,55.604570848103755
2,0.08521083096475883,1,1498.827971204,0,83.25476885411396,101.46239487592263,1.9370191570754356,60.46925733658248,40.321857593662756,17.343095068413675,55.64467448674166
