{
    "fe_w2": 0.0,
    "delta": 0.9,
    "mu": 48.24799338542067,
    "fe_late": 0.0,
    "fe_w1": 0.0,
    "fe_w3": 0.0,
    "beta_e": 387.9198512893636,
    "prob_respond_alpha": 1.0,
    "gamma_01_factor": 1.0,
    "fe_w4": 0.0,
    "sigma_dt": 14.140079962375497,
    "alpha": 539.6259123043301,
    "fe_early": -2.3098198416125313,
    "beta_l": 518.3815447342115,
    "gamma": 81.24828036735383,
    "prop_to_wage": 0.0
}
