iteration,param_1,param_2,param_3,param_4,param_5,param_6,param_7
1,91.51885430574706,96.88231605927325,0.0,33.500429998469464,65.0889036844818,31.043019009551454,27.022163230810182
2,60.08279865057724,59.64350218813465,0.0,47.99824626446621,49.041113561808444,16.837594733799016,28.44347613042887
3,141.32635533993013,117.01901865431368,0.0,32.38389519031217,28.441078264405533,28.193051029050764,13.167145231252647
4,129.94576763672077,50.245841548072555,0.0,34.32386399723508,28.899305910634205,20.649302614435996,13.863728512529876
