run,obj_vals,opt_converged,opt_runtime,is_best_vec,param_1,param_2,param_3,param_4,param_5,param_6,param_7
1,0.08882584745499722,1,387.11291698,0,61.392292669962735,119.51138529665843,-1.7269399088339612,54.72235713133311,49.437623052070904,20.72842018778538,43.46421974650104
2,0.08882579620266685,1,549.427340697,1,61.295447990907434,119.56448092309047,-1.7003120125105886,54.661312511617815,49.568355460053844,20.7345093812586,43.42110914864853
