run,obj_vals,opt_converged,opt_runtime,is_best_vec,param_1,param_2,param_3,param_4,param_5,param_6,param_7
1,0.08563036874113895,1,306.963860716,0,116.30125503070109,76.54047176556219,-13.317614998327233,63.28774843872991,73.60954131740704,13.230946101303104,77.74443421301179
2,0.08517352903759388,1,238.96138731,1,127.79602339031133,71.39173957808993,-14.006003665305979,59.500122845111406,151.11460967755505,14.833998228692563,80.23155105636656
