run,obj_vals,opt_converged,opt_runtime,is_best_vec,param_1,param_2,param_3,param_4,param_5,param_6,param_7
1,0.08332165371403678,1,435.781547021,0,56.64687132632063,84.5203994693732,8.984313324625559,64.1659487742926,47.16519004269804,128.98177023311337,34.53485640752573
2,0.08332162238272797,1,668.748309044,1,56.652692652756855,84.50237025325204,8.998432816693143,63.957863957729344,46.96017009692512,129.99554924264564,34.53616418674063
