run,obj_vals,opt_converged,opt_runtime,is_best_vec,param_1,param_2,param_3,param_4,param_5,param_6,param_7
1,0.07749575571242409,1,355.856799302,1,67.89893903816827,76.07401474467953,-1.619449468944182,52.62127134788711,80.31007805008473,22.825343539330152,39.92140337459784
2,0.07759147466456776,1,193.414857156,0,73.48161893887257,74.84598337347956,-0.8975838597495691,56.48224098345066,70.72631923145437,22.833434786107304,40.77405586444095
