run,obj_vals,opt_converged,opt_runtime,is_best_vec,param_1,param_2,param_3,param_4,param_5,param_6,param_7
1,0.07193824746874784,1,492.623536016,0,187.53875239412523,19.61817301634963,2.3026469651112103,104.90434791097796,49.28362607598924,56.24012094667411,74.42802653138027
2,0.07193834170029224,1,424.259840843,0,187.47892922049397,19.61454783899359,2.2938960680826406,105.66102368899853,49.20771855963173,56.477034307736254,74.44504891368145
3,0.07193798659063494,1,462.459066503,1,187.48409572146178,19.586183262038077,2.327910070843908,106.67177105163759,49.04086010235684,57.29949530930596,74.47446648061661
4,0.07193842386357849,1,399.949182338,0,187.67884971564672,19.58383176799462,2.2942189739595737,105.07362011070919,49.22054345984285,55.91067296559732,74.44835836516945
