{
    "fe_w2": 0.0,
    "delta": 0.9,
    "mu": 70.58722870379187,
    "fe_late": 0.0,
    "fe_w1": 0.0,
    "fe_w3": 0.0,
    "beta_e": 432.942746342756,
    "prob_respond_alpha": 1.0,
    "gamma_01_factor": 1.0,
    "fe_w4": 0.0,
    "sigma_dt": 27.21263951735304,
    "alpha": 704.7681628763064,
    "fe_early": -31.53815966252335,
    "beta_l": 1279.2504419606976,
    "gamma": 51.11054843820894,
    "prop_to_wage": 0.0
}
