run,obj_vals,opt_converged,opt_runtime,is_best_vec,param_1,param_2,param_3,param_4,param_5,param_6,param_7
1,0.07482307439827028,1,293.905172814,1,103.02703953555714,80.73245713934843,-4.8587651927669455,75.22474445231829,38.15284483597742,32.77070603794384,50.6041160715419
2,0.07482318127085322,1,373.226915292,0,103.298642894122,80.73198277360602,-4.759091946028593,75.50243682642775,37.89395754457258,33.16910438976395,50.647060629343954
