run,obj_vals,opt_converged,opt_runtime,is_best_vec,param_1,param_2,param_3,param_4,param_5,param_6,param_7
1,0.09399775589249702,1,284.45499773,0,103.02351228417265,66.18126025948592,-9.515679252656147,65.98689843267144,45.03452650574785,8.892125261282946,62.005767557234456
2,0.09397399270812087,1,314.277219974,1,88.31589817996112,71.89461812261075,-8.717160589624942,64.39870147634733,46.28680148138244,8.725414825327297,59.06311921172954
