run,obj_vals,opt_converged,opt_runtime,is_best_vec,param_1,param_2,param_3,param_4,param_5,param_6,param_7
1,0.08899379591817473,1,1965.68337055,1,140.34560710113,79.14034865562262,-15.373535639628615,101.31157352934233,60.3032120737355,4.324677933269462,51.645498314746796
2,0.0891543227450364,1,771.274493706,0,137.86648853576887,81.31015039562621,-14.688843023426806,101.72809011209313,60.8676472271175,4.480166942534126,51.88767558508951
