run,obj_vals,opt_converged,opt_runtime,is_best_vec,param_1,param_2,param_3,param_4,param_5
1,0.09096689531109703,1,32.201403915,1,269.57536075175557,85.87729115529366,86.6097691145114,10.37219072472854,54.94983464212064
2,0.09102860696167882,1,50.07809936,0,263.01586349742075,85.05623594002424,86.65204364104108,11.152345570016193,54.383140663914745
