run,obj_vals,opt_converged,opt_runtime,is_best_vec,param_1,param_2,param_3,param_4,param_5,param_6,param_7
1,0.06552756667344999,1,1029.560939467,0,45.78751934118323,10.589322677649221,-4.618944746930111,22.32768135781001,36.210297625358116,23.998811137884967,54.703155677429486
2,0.06552753183226472,1,915.770333452,0,45.745998142791045,10.598671351272362,-4.626364545519891,22.330447998215803,36.2167799338817,24.001287844237527,54.681468551256415
3,0.06552753172887911,1,541.142375657,1,45.746308014190014,10.59851167324944,-4.626082232881057,22.33126446068546,36.218110478274305,24.00215147867982,54.68171023622333
4,0.06821171672865313,1,525.375861334,0,44.68290964683901,10.656793258758126,-4.786025047470228,19.644533723384217,917.594603847987,29.893382547577833,54.14247002298923
