{
    "fe_w2": 0.0,
    "delta": 0.9,
    "mu": 37.81507925655475,
    "fe_late": 0.0,
    "fe_w1": 0.0,
    "fe_w3": 0.0,
    "beta_e": 595.779986028959,
    "prob_respond_alpha": 1.0,
    "gamma_01_factor": 1.0,
    "fe_w4": 0.0,
    "sigma_dt": 98.36822808533894,
    "alpha": 311.0269964150091,
    "fe_early": -7.049303834765545,
    "beta_l": 1271.491907690862,
    "gamma": 69.54975560276922,
    "prop_to_wage": 0.0
}
