run,obj_vals,opt_converged,opt_runtime,is_best_vec,param_1,param_2,param_3,param_4,param_5,param_6,param_7
1,0.08964786395919185,1,624.656695044,0,84.71364224102062,83.8108357157927,-5.060156786250236,67.77102952469485,46.99406647260675,33.522822770067904,59.141473480255506
2,0.0896154498224766,1,765.191350878,1,79.66892369994632,86.58505869683586,-4.642992549246715,64.38187573739914,45.64016364307348,30.744036258085046,58.2728834269075
