run,obj_vals,opt_converged,opt_runtime,is_best_vec,param_1,param_2,param_3,param_4,param_5,param_6,param_7
1,0.08679775598094368,1,189.126601179,0,104.96389697008917,97.12713992701568,-6.502435476824317,59.89567669109602,291.7042753032581,12.44865803898414,50.614297672277424
2,0.08646602590642077,1,464.857583423,1,86.14085484445097,109.55966066361242,-6.463093734022625,61.1609640550545,177.48879635013174,13.683092698282785,44.21871761703858
