run,obj_vals,opt_converged,opt_runtime,is_best_vec,param_1,param_2,param_3,param_4,param_5,param_6,param_7
1,0.08826916887880346,1,585.217727015,1,94.60157130033345,93.85833535757644,-5.709223693615061,61.22671619560999,75.00940344584738,20.564685865218536,40.459941248918774
2,0.08826946928831264,1,300.633763463,0,93.96767433765362,94.27510536075671,-5.725947658864991,60.77481895298184,75.76186121778133,20.3262828024695,40.30408624138931
