run,obj_vals,opt_converged,opt_runtime,is_best_vec,param_1,param_2,param_3,param_4,param_5,param_6,param_7
1,0.08411323760559972,1,217.426251626,0,72.80994719282987,52.59117103922823,-8.966930807432478,61.016966328048824,39.32415615069428,19.343948570041185,26.352672127305876
2,0.08411295803863685,1,125.068658122,1,72.63250141106865,52.67935669773913,-8.959633056204831,61.34526490993069,39.3880320746575,19.261333591645247,26.351197344037036
