run,obj_vals,opt_converged,opt_runtime,is_best_vec,param_1,param_2,param_3,param_4,param_5,param_6,param_7
1,0.08452852743971638,1,310.142665483,0,66.52205427188225,48.61776806096835,-8.995938074237767,62.044984124992276,38.646675907888714,16.34349407377578,26.82954979759403
2,0.08452850404256466,1,488.541178869,1,66.56681946372441,48.607498343786915,-8.972563863884886,62.106030202288174,38.68214461876737,16.336504525665934,26.832673318828665
