run,obj_vals,opt_converged,opt_runtime,is_best_vec,param_1,param_2,param_3,param_4,param_5,param_6,param_7
1,0.08466435331139736,1,482.840180975,1,173.0967498608767,74.34966050516185,7.494021717391409,70.29444310597304,56.1382380900971,16.8664902276244,38.27266970267844
2,0.08474258604232114,1,719.22168886,0,162.04724441241623,77.62909575934283,5.308522003380729,68.04702853856526,56.83055794736706,16.76977451793847,37.226012164021874
