run,obj_vals,opt_converged,opt_runtime,is_best_vec,param_1,param_2,param_3,param_4,param_5,param_6,param_7
1,0.08433808928632434,1,512.267724981,1,248.7299665205722,52.34471717210172,-13.049200518533793,93.35317730665932,105.20143430656667,1.014397384184472,66.85145374095067
2,0.08444056462113766,1,186.137976573,0,247.26853044319782,54.030299719714264,-10.114530996324294,114.11705666781265,98.0961373039094,1.0000085956910043,62.857290099073516
