run,obj_vals,opt_converged,opt_runtime,is_best_vec,param_1,param_2,param_3,param_4,param_5,param_6,param_7
1,0.0837756534377354,1,449.959886699,1,193.40403616237379,63.50366680079533,-4.963659082743548,85.16758051252013,88.97532699061175,1.000005832161461,50.52430587340937
2,0.08517399988361846,1,227.65953293,0,190.843380319582,62.001580233877526,-8.02534868914313,113.24843804959559,76.432240680913,7.55197389163153,52.1180877873646
