run,obj_vals,opt_converged,opt_runtime,is_best_vec,param_1,param_2,param_3,param_4,param_5,param_6,param_7
1,0.0034487320204310496,1,386.164425136,0,87.53796760782818,129.69371761954085,0.5042163080606747,85.45780663355225,18.515255032376533,12.057473859923574,20.587273224993414
2,0.0034487320226242644,1,360.24857067,0,87.5384395842812,129.69359563313958,0.5042256035793736,85.45738152329731,18.51529282468547,12.057473736033504,20.58730672160674
3,0.0034487320203820658,1,320.961474755,0,87.53754349943912,129.69378062452247,0.5042173271002512,85.4579180438661,18.51523360314905,12.057480178914407,20.587228300339547
4,0.0034487075969953872,1,531.747704884,1,87.81591494811758,129.63483521079664,0.503324769679893,85.47139916278599,18.518608197825284,12.054280104781942,20.61441682909154
