run,obj_vals,opt_converged,opt_runtime,is_best_vec,param_1,param_2,param_3,param_4,param_5,param_6,param_7
1,0.08967279016113502,1,704.535105459,1,144.68297825376618,51.690417968369594,23.319352846988686,66.74904125657804,50.34820270922825,12.240043636066636,38.805062525969085
2,0.08968105144923832,1,1075.393692394,0,139.19558410856547,52.11276241041742,22.866632193860084,66.3072832209473,50.10654050002873,12.136279762434127,37.84994586040783
