run,obj_vals,opt_converged,opt_runtime,is_best_vec,param_1,param_2,param_3,param_4,param_5,param_6,param_7
1,0.09106670521953786,1,1943.032660243,0,169.50612883461332,46.116682778081284,33.2857807162956,75.85135452707468,54.86966011370118,5.8872811812883485,48.451034027700224
2,0.09096908903645619,1,367.1009458,1,142.28549598772668,48.80177114361472,30.700230321407126,74.09843704417634,53.721082779404874,5.15601395897916,43.44382250201169
