{
    "fe_w2": 0.0,
    "delta": 0.9,
    "mu": 53.46646735388147,
    "fe_late": 0.0,
    "fe_w1": 0.0,
    "fe_w3": 0.0,
    "beta_e": 277.6870304865989,
    "prob_respond_alpha": 1.0,
    "gamma_01_factor": 1.0,
    "fe_w4": 0.0,
    "sigma_dt": 34.246962206503014,
    "alpha": 580.5010338102818,
    "fe_early": 2.1600404275194225,
    "beta_l": 518.7205963826776,
    "gamma": 62.17419833761187,
    "prop_to_wage": 0.0
}
