run,obj_vals,opt_converged,opt_runtime,is_best_vec,param_1,param_2,param_3,param_4,param_5,param_6,param_7
1,0.08256692941794505,1,357.168631851,0,155.46168845806542,37.03032679327236,33.94271280827856,103.30110439177122,114.23453006433922,1.0009026599767108,30.489963690993022
2,0.08068870709152041,1,205.620651735,1,179.78452770447922,33.01737420783871,36.00628007110299,92.51290940146835,113.48613798070403,6.131074020502699,31.890612728365987
