run,obj_vals,opt_converged,opt_runtime,is_best_vec,param_1,param_2,param_3,param_4,param_5,param_6,param_7
1,0.09549412932142176,1,308.906555457,0,129.78263150924298,49.09979595353159,3.4804420556424915,80.94888642409845,39.18721168217169,41.291679021427385,37.060017594608
2,0.09544056515302413,1,5850.670449763,1,129.99601951975166,48.86079068631602,1.7182941212685094,72.36151777922665,42.581129952546455,33.12271946863972,37.39322972377277
