run,obj_vals,opt_converged,opt_runtime,is_best_vec,param_1,param_2,param_3,param_4,param_5,param_6,param_7
1,0.09444878991839023,1,570.066372598,0,173.64299683827136,36.99958103337536,5.872965407919108,89.83019721975842,41.258302303246744,43.25310865625281,46.23828186793051
2,0.0944331357694791,1,566.798962444,1,151.85916114759502,40.2580914618316,6.5290268558602165,75.99395425333319,45.01586436486735,31.819007128030055,43.25732803803307
