{
    "fe_w2": 0.0,
    "delta": 0.9,
    "mu": 63.31806168958424,
    "fe_late": 0.0,
    "fe_w1": 0.0,
    "fe_w3": 0.0,
    "beta_e": 368.1821939015623,
    "prob_respond_alpha": 1.0,
    "gamma_01_factor": 1.0,
    "fe_w4": 0.0,
    "sigma_dt": 7.886225801304033,
    "alpha": 705.0560468389527,
    "fe_early": 6.800633262499471,
    "beta_l": 450.7008076598776,
    "gamma": 80.12685203814557,
    "prop_to_wage": 0.0
}
