{
    "fe_w2": 0.0,
    "delta": 0.9,
    "mu": 65.90301829935434,
    "fe_late": 0.0,
    "fe_w1": 0.0,
    "fe_w3": 0.0,
    "beta_e": 309.84983269549775,
    "prob_respond_alpha": 1.0,
    "gamma_01_factor": 1.0,
    "fe_w4": 0.0,
    "sigma_dt": 35.8620626483705,
    "alpha": 715.4901403181145,
    "fe_early": -1.7536466699458233,
    "beta_l": 477.4000944327739,
    "gamma": 66.72731300434575,
    "prop_to_wage": 0.0
}
