run,obj_vals,opt_converged,opt_runtime,is_best_vec,param_1,param_2,param_3,param_4,param_5,param_6,param_7
1,0.07329412317624931,1,177.9217565,1,64.59303158569314,35.46810859437234,-13.399151694320784,44.56200720992196,119.15268548724211,8.724527703589938,31.01804620433027
2,0.07362686481665866,1,142.114757464,0,68.69357471956569,34.06556057121022,-12.425975954753431,46.365632318378644,67.38643435978811,9.115299305368547,30.972291042372976
