run,obj_vals,opt_converged,opt_runtime,is_best_vec,param_1,param_2,param_3,param_4,param_5,param_6,param_7
1,0.09287423177063274,1,479.451517269,0,193.21280915270071,31.029567843562553,-11.23053619872348,79.00971453946211,86.88526410280147,21.692367292591488,69.68873915766683
2,0.09276922984134697,1,418.77524637,1,197.82491505697766,30.237397487061155,-12.22244289118669,80.62731937584336,85.09153277188656,18.663744687885853,70.45782657300784
