run,obj_vals,opt_converged,opt_runtime,is_best_vec,param_1,param_2,param_3,param_4,param_5,param_6,param_7
1,0.08295718315822465,1,395.705271037,1,65.8155429421862,95.97770742388872,-12.895014087397485,50.452091816260555,51.0685621672136,21.293665335434568,47.38395375121065
2,0.08297607850205918,0,3624.47651556,0,64.67198344137263,96.61349724662092,-12.314135061311992,47.48335277067499,53.79658473714065,22.044374790481672,47.12587132709467
