run,obj_vals,opt_converged,opt_runtime,is_best_vec,param_1,param_2,param_3,param_4,param_5,param_6,param_7
1,0.0811158457182741,1,3141.023819909,1,500.0,0.3171441713476685,19.442027481796114,164.46822689741467,132.89470615950418,97.98597433039333,84.47523372485546
2,0.08114388920036172,1,483.717288564,0,500.0,0.0,15.290732644172381,369.6278133207334,155.12445743184045,28.86476938373542,85.26010001519381
