run,obj_vals,opt_converged,opt_runtime,is_best_vec,param_1,param_2,param_3,param_4,param_5,param_6,param_7
1,0.0805275406269464,1,749.746802144,1,453.6069664296323,0.0,25.867021114451596,286.3852276641758,206.34119686047043,1.0007873308664768,83.58083272362599
2,0.0810191328389038,1,494.946578991,0,283.2342484859761,16.600379280051634,23.16779180240328,296.6911055480883,181.50467437968157,1.2078265640819352,72.40155093549258
