{
    "fe_w2": 0.0,
    "delta": 0.9,
    "mu": 65.55439692247064,
    "fe_late": 0.0,
    "fe_w1": 0.0,
    "fe_w3": 0.0,
    "beta_e": 539.1145720988847,
    "prob_respond_alpha": 1.0,
    "gamma_01_factor": 1.0,
    "fe_w4": 0.0,
    "sigma_dt": 7.3888387213880415,
    "alpha": 560.3642443776218,
    "fe_early": -22.96502502960156,
    "beta_l": 348.3925554836569,
    "gamma": 71.85518599561868,
    "prop_to_wage": 0.0
}
