run,obj_vals,opt_converged,opt_runtime,is_best_vec,param_1,param_2,param_3,param_4,param_5,param_6,param_7
1,0.0810766567259728,1,708.574812499,1,109.69138967676311,96.22637606796816,5.107933992342265,56.9620555232485,60.527019429103106,12.004490328171594,47.0771572942225
2,0.10273637124517453,0,7237.213811488,0,130.51633667610557,118.89334807628627,0.3271748269542481,52.24310351953735,72.76169678551277,31.439531310620556,13.412065706041528
