run,obj_vals,opt_converged,opt_runtime,is_best_vec,param_1,param_2,param_3,param_4,param_5,param_6,param_7
1,0.08208228810868165,1,834.416245359,1,98.7161209920558,92.65304924492321,10.391746362294196,60.333756094982235,55.906383018423874,11.095696038289732,49.28972821101019
2,0.12655375332461155,0,7243.337566149,0,130.52009708374334,118.84684063924605,0.36891029061630726,52.143560471538066,72.78376866155878,31.370860648895807,13.418266787839611
