obj_vals,opt_results,opt_runtime,param_1,param_2,param_3,param_4
0.014284729151151058,1,4.263313868,86.39224285345225,89.91771091436742,8.505600390869706,54.84687525542826
