obj_vals,opt_results,opt_runtime,param_1,param_2,param_3,param_4
0.014284729149932968,1,0.513772518,86.39247210900595,89.91762968658327,8.505624063346612,54.8469440217521
