obj_vals,opt_results,opt_runtime,param_1,param_2,param_3,param_4
0.014284729155817638,1,0.618453055,86.39517122568202,89.91667284044532,8.505902761063842,54.84775349058786
