obj_vals,opt_results,opt_runtime,param_1,param_2,param_3,param_4
0.01428472914842476,1,0.465965141,86.39390920868564,89.91712020985346,8.505772440194812,54.84737496181946
