obj_vals,opt_results,opt_runtime,param_1,param_2,param_3,param_4
0.014284729148162352,1,0.476539184,86.39299421096645,89.91744458709104,8.50567796589008,54.84710057077254
