obj_vals,opt_results,opt_runtime,param_1,param_2,param_3,param_4
0.014284729155216232,1,0.432225168,86.39510376304763,89.91669675394364,8.505895793719679,54.84773325391255
