obj_vals,opt_results,opt_runtime,param_1,param_2,param_3,param_4
0.014284729148768396,1,0.502673634,86.39276482953923,89.91752590850992,8.50565428396258,54.84703179035256
