obj_vals,opt_results,opt_runtime,param_1,param_2,param_3,param_4
0.014284729148587817,1,0.601510794,86.39282347814805,89.91750511605761,8.505660339093735,54.84704937587549
