obj_vals,opt_results,opt_runtime,param_1,param_2,param_3,param_4
0.014284729148160001,1,0.569209397,86.3929953527158,89.91744418236587,8.505678083957154,54.84710091301698
