obj_vals,opt_results,opt_runtime,param_1,param_2,param_3,param_4
0.014284729155475746,1,0.417752312,86.39165787868944,89.91791824454499,8.505539875106615,54.84669990578446
