obj_vals,opt_results,opt_runtime,param_1,param_2,param_3,param_4
0.014284729148195256,1,0.464127396,86.3938128545817,89.91715436664376,8.505762490941915,54.847346064274305
