obj_vals,opt_results,opt_runtime,param_1,param_2,param_3,param_4
0.014284729149042028,1,0.427500178,86.39410627441538,89.91705036883585,8.50579279416636,54.847434072083914
