obj_vals,opt_results,opt_runtime,param_1,param_2,param_3,param_4
0.014284729149014984,1,0.420793722,86.39409876904784,89.91705301014555,8.505792013239528,54.8474318131215
