obj_vals,opt_results,opt_runtime,param_1,param_2,param_3,param_4
0.014284729148454451,1,0.672028027,86.39392038004692,89.91711624926373,8.50577359309612,54.84737831259208
