obj_vals,opt_results,opt_runtime,param_1,param_2,param_3,param_4
0.0142847291514327,1,4.510020681,86.3921961240559,89.91772753289005,8.505595571422518,54.84686127519642
