obj_vals,opt_results,opt_runtime,param_1,param_2,param_3,param_4
0.014284729148287812,1,0.454353905,86.39385415496113,89.9171397252819,8.50576675520309,54.84735845037932
