obj_vals,opt_results,opt_runtime,param_1,param_2,param_3,param_4
0.01428472915740256,1,0.433588299,86.39533781557209,89.91661378798325,8.505919963167301,54.84780346517924
