obj_vals,opt_results,opt_runtime,param_1,param_2,param_3,param_4
0.014284729147757474,1,0.340279954,86.39334061637895,89.91732153876774,8.505713619032775,54.847204409589416
