obj_vals,opt_results,opt_runtime,param_1,param_2,param_3,param_4
0.014284729148141924,1,4.441887325,86.39378708139046,89.9171635034444,8.505759829588312,54.84733833510134
