obj_vals,opt_results,opt_runtime,param_1,param_2,param_3,param_4
0.014284729157228882,1,0.345965394,86.39147116540389,89.91798446306467,8.505520730499217,54.84664387092639
