obj_vals,opt_results,opt_runtime,param_1,param_2,param_3,param_4
0.014284729148280443,1,4.506652233,86.39294035540945,89.91746368027015,8.505672405806074,54.84708442179755
