obj_vals,opt_results,opt_runtime,param_1,param_2,param_3,param_4
0.014284729149581796,1,0.54725883,86.39254964276601,89.91760219831482,8.505632067814714,54.846967268836124
