obj_vals,opt_results,opt_runtime,param_1,param_2,param_3,param_4
0.014284729148241129,1,4.424830632,86.39383381298182,89.91714693747129,8.505764654993273,54.84735235027804
