obj_vals,opt_results,opt_runtime,param_1,param_2,param_3,param_4
0.014284729148592695,1,0.417497549,86.39396957231803,89.9170988216886,8.505778677406006,54.8473930693934
