obj_vals,opt_results,opt_runtime,param_1,param_2,param_3,param_4
0.014284729154835724,1,4.431760938,86.39505965882095,89.91671238599078,8.505891236340148,54.847720025572784
