obj_vals,opt_results,opt_runtime,param_1,param_2,param_3,param_4
0.014284729156551289,1,0.42370967,86.39525019790584,89.91664484585114,8.505910914712445,54.84777718157421
