obj_vals,opt_results,opt_runtime,param_1,param_2,param_3,param_4
0.01428472914868727,1,4.434222179,86.39279047344792,89.91751681683847,8.5056569312773,54.847039479605506
