obj_vals,opt_results,opt_runtime,param_1,param_2,param_3,param_4
0.01428472914877387,1,0.562314186,86.39276313933796,89.91752650786427,8.505654109571738,54.84703128355283
