obj_vals,opt_results,opt_runtime,param_1,param_2,param_3,param_4
0.01428472914812374,1,0.435427204,86.39301345742128,89.91743776391311,8.505679953361566,54.84710634173737
