obj_vals,opt_results,opt_runtime,param_1,param_2,param_3,param_4
0.014284729157544461,1,0.442475918,86.39535204409533,89.91660874534526,8.505921433909256,54.847807732777135
