obj_vals,opt_results,opt_runtime,param_1,param_2,param_3,param_4
0.014284729152093058,1,0.49815451,86.39209301557499,89.91776408904639,8.505584927208895,54.84683036193283
