obj_vals,opt_results,opt_runtime,param_1,param_2,param_3,param_4
0.014284729158331315,1,0.472307271,86.39542909879289,89.91658142886203,8.505929387349566,54.84783085039626
