obj_vals,opt_results,opt_runtime,param_1,param_2,param_3,param_4
0.014284729151190657,1,0.478159964,86.39223620968339,89.91771331882465,8.50559970938572,54.846873292203874
