obj_vals,opt_results,opt_runtime,param_1,param_2,param_3,param_4
0.014284729150904563,1,4.376297038,86.39450594669366,89.91690866896894,8.505834058883897,54.84755393688802
