obj_vals,opt_results,opt_runtime,param_1,param_2,param_3,param_4
0.014284729148115988,1,0.483173014,86.3937739103571,89.91716817246731,8.505758469559442,54.84733438505009
