obj_vals,opt_results,opt_runtime,param_1,param_2,param_3,param_4
0.014284729156828525,1,0.413530769,86.3915123164833,89.9179699686667,8.505524979637084,54.84665626932188
