obj_vals,opt_results,opt_runtime,param_1,param_2,param_3,param_4
0.014284729148130629,1,0.284841866,86.39378053960327,89.91716491314261,8.505759095282508,54.847335898692755
