obj_vals,opt_results,opt_runtime,param_1,param_2,param_3,param_4
0.01428472914930847,1,0.524938024,86.39261530508699,89.91757891936116,8.505638847071786,54.84698695673976
