obj_vals,opt_results,opt_runtime,param_1,param_2,param_3,param_4
0.014284729153458204,1,0.476971968,86.3948891819562,89.91677281726429,8.505873632800574,54.84766888808686
