obj_vals,opt_results,opt_runtime,param_1,param_2,param_3,param_4
0.014284729156952898,1,0.541276761,86.39149946695788,89.91797452893259,8.50552365458036,54.84665241926179
