obj_vals,opt_results,opt_runtime,param_1,param_2,param_3,param_4
0.01428472915625436,1,4.469978027,86.39157284152368,89.91794850860053,8.505531227883697,54.84667441276252
