obj_vals,opt_results,opt_runtime,param_1,param_2,param_3,param_4
0.014284729154979052,1,0.427966609,86.39171506388881,89.9178980891547,8.505545910325466,54.84671705191882
