obj_vals,opt_results,opt_runtime,param_1,param_2,param_3,param_4
0.014284729157400875,1,4.50806894,86.39533764408552,89.91661384829627,8.505919944757355,54.84780341407263
