obj_vals,opt_results,opt_runtime,param_1,param_2,param_3,param_4
0.014284729148120446,1,0.445598755,86.39377621324299,89.91716735635325,8.50575870758361,54.84733507566273
