obj_vals,opt_results,opt_runtime,param_1,param_2,param_3,param_4
0.014284729153615732,1,0.450835385,86.39188179448941,89.91783897228237,8.505563121222334,54.84676703523922
