obj_vals,opt_results,opt_runtime,param_1,param_2,param_3,param_4
0.014284729151236117,1,0.476025124,86.39456283360609,89.91688850298087,8.505839932823333,54.84757099971202
