obj_vals,opt_results,opt_runtime,param_1,param_2,param_3,param_4
0.014284729148439024,1,4.410869523,86.39287675864651,89.9174862270047,8.505665840075947,54.84706535204427
