obj_vals,opt_results,opt_runtime,param_1,param_2,param_3,param_4
0.014284729148120713,1,0.478977303,86.39377634885513,89.91716730827096,8.505758721542403,54.84733511636538
