obj_vals,opt_results,opt_runtime,param_1,param_2,param_3,param_4
0.014284729157511498,1,0.467583231,86.39534875014046,89.91660991320484,8.505921094275655,54.847806744288604
