obj_vals,opt_results,opt_runtime,param_1,param_2,param_3,param_4
0.0142847291482199,1,0.66967452,86.39296712119817,89.91745419131655,8.505675169512369,54.84709244751821
