obj_vals,opt_results,opt_runtime,param_1,param_2,param_3,param_4
0.014284729154641497,1,4.509030674,86.39175476843745,89.91788401209809,8.505550009035378,54.84672895503334
