obj_vals,opt_results,opt_runtime,param_1,param_2,param_3,param_4
0.01428472915736682,1,0.672981297,86.39145729538399,89.91798948092702,8.505519301434795,54.846639777062656
