obj_vals,opt_results,opt_runtime,param_1,param_2,param_3,param_4
0.014284729148316319,1,4.494125797,86.39292521404505,89.91746904831473,8.505670842711172,54.84707988152756
