obj_vals,opt_results,opt_runtime,param_1,param_2,param_3,param_4
0.014284729152871925,1,0.444792377,86.39481040933543,89.91680074118572,8.505865498958778,54.84764525931331
