obj_vals,opt_results,opt_runtime,param_1,param_2,param_3,param_4
0.01428472915467253,1,4.412126389,86.39504038294302,89.91671921872475,8.505889245089797,54.847714243982956
