obj_vals,opt_results,opt_runtime,param_1,param_2,param_3,param_4
0.014284729148113231,1,0.461086002,86.39377249003032,89.91716867605147,8.505758322968953,54.84733395908458
