obj_vals,opt_results,opt_runtime,param_1,param_2,param_3,param_4
0.014284729153993416,1,0.427096428,86.39183381992576,89.91785598152707,8.50555816885435,54.846752652568945
