obj_vals,opt_results,opt_runtime,param_1,param_2,param_3,param_4
0.0142847291581903,1,0.471649112,86.39541551927115,89.91658624609911,8.505927989976323,54.84782677405388
