obj_vals,opt_results,opt_runtime,param_1,param_2,param_3,param_4
0.014284729153144006,1,4.463092063,86.39484749835503,89.91678759373734,8.505869328818637,54.84765638452802
