obj_vals,opt_results,opt_runtime,param_1,param_2,param_3,param_4
0.014284729154015744,1,0.343605208,86.39183102907218,89.91785697059728,8.505557880509722,54.846751815811224
