obj_vals,opt_results,opt_runtime,param_1,param_2,param_3,param_4
0.014284729153264066,1,0.445927624,86.39486355258742,89.91678189991796,8.50587098186242,54.84766120304869
