obj_vals,opt_results,opt_runtime,param_1,param_2,param_3,param_4
0.014284729158034947,1,4.399538957,86.39540043021016,89.91659159361632,8.505926430222138,54.84782224829223
