obj_vals,opt_results,opt_runtime,param_1,param_2,param_3,param_4
0.014284729148170588,1,4.450815686,86.39299022061827,89.91744600194802,8.50567755415088,54.84709937415862
