obj_vals,opt_results,opt_runtime,param_1,param_2,param_3,param_4
0.014284729151817926,1,0.387455804,86.39465646554481,89.9168553108031,8.505849600022444,54.84759908503962
