obj_vals,opt_results,opt_runtime,param_1,param_2,param_3,param_4
0.014284729149588959,1,0.485453016,86.39254799181099,89.91760278365958,8.505631897351297,54.84696677386408
