obj_vals,opt_results,opt_runtime,param_1,param_2,param_3,param_4
0.014284729149390107,1,4.446213666,86.394196251278,89.91701845291713,8.505802079073979,54.8474610498651
