obj_vals,opt_results,opt_runtime,param_1,param_2,param_3,param_4
0.014284729148554226,1,0.553995659,86.39283506483811,89.91750100844745,8.505661535443021,54.84705285015072
