obj_vals,opt_results,opt_runtime,param_1,param_2,param_3,param_4
0.014284729150863594,1,0.487974035,86.39229268748126,89.91769329439592,8.50560553954131,54.846890225077466
