obj_vals,opt_results,opt_runtime,param_1,param_2,param_3,param_4
0.014284729154699463,1,0.43241345,86.39504358919712,89.91671808407688,8.505889579289205,54.8477152039598
