obj_vals,opt_results,opt_runtime,param_1,param_2,param_3,param_4
0.014284729151880796,1,4.360156119,86.39212524287858,89.91775266060199,8.505588253670158,54.84684002260577
