obj_vals,opt_results,opt_runtime,param_1,param_2,param_3,param_4
0.014284729148095757,1,4.403199314,86.39376331815937,89.91717192774657,8.505757376123954,54.847331208455216
