obj_vals,opt_results,opt_runtime,param_1,param_2,param_3,param_4
0.014284729149871292,1,4.44019405,86.39248524931647,89.91762502801969,8.505625420018264,54.84694796162081
