obj_vals,opt_results,opt_runtime,param_1,param_2,param_3,param_4
0.014284729155748627,1,0.468549362,86.39516360648021,89.91667553939703,8.505901971326058,54.8477512067192
