obj_vals,opt_results,opt_runtime,param_1,param_2,param_3,param_4
0.01428472914978694,1,4.417960039,86.39250352946401,89.91761854426427,8.505627306818381,54.84695344103208
