obj_vals,opt_results,opt_runtime,param_1,param_2,param_3,param_4
0.014284729156731617,1,0.451637037,86.39152240164562,89.9179663975201,8.505526022245949,54.84665929453979
