obj_vals,opt_results,opt_runtime,param_1,param_2,param_3,param_4
0.014284729148269424,1,0.503331072,86.39294510918629,89.91746199483015,8.505672896528123,54.84708584722968
