run,obj_vals,opt_converged,opt_runtime,is_best_vec,param_1,param_2,param_3,param_4,param_5,param_6,param_7
1,0.08308906323376986,1,611.065727157,0,110.5487727488527,112.19924532077601,5.323559247967794,189.8352581845331,59.54928708544483,27.071301447370292,48.97913094359668
2,0.08308360004692529,1,450.022787629,1,113.15973164451779,111.83483675864841,5.769022286543737,189.80944782560297,59.33787596190537,26.93636520534683,49.42339444998302
