run,obj_vals,opt_converged,opt_runtime,is_best_vec,param_1,param_2,param_3,param_4,param_5,param_6,param_7
1,0.08465981475200222,1,468.500597411,1,104.21022966667422,103.66678901659135,10.724708165474986,211.5974695582298,59.5669446028897,24.797291839059994,48.59901680353768
2,0.08467829436686676,1,671.602448666,0,104.86498107599954,103.39430430006585,10.848413700803668,216.09640806666457,60.084225568747314,25.064053579442852,48.65246596498064
