run,obj_vals,opt_converged,opt_runtime,is_best_vec,param_1,param_2,param_3,param_4,param_5,param_6,param_7
1,0.08327253935802102,1,445.000599323,0,69.34014561114054,120.94708491659607,-30.237013705656604,68.15495634044552,49.986026659905704,4.45346562117189,80.14343300842066
2,0.0831175343834704,1,403.894985005,1,70.94785263347816,118.0336889162777,-32.52955583893848,62.70024330958049,50.04289963068017,4.853554066001552,79.9912801495755
