run,obj_vals,opt_converged,opt_runtime,is_best_vec,param_1,param_2,param_3,param_4,param_5,param_6,param_7
1,0.07597846784981377,1,319.203526209,1,60.94286307708796,73.92564216101502,-36.585271510690355,111.56325822651013,48.54679066588424,89.61448316048056,38.95126950965324
2,0.07597869030740195,1,223.364016061,0,60.86915799175558,73.88330833948578,-36.557452792335965,107.92004429232642,48.92425590238468,85.91282214280307,38.89746356149272
