run,obj_vals,opt_converged,opt_runtime,is_best_vec,param_1,param_2,param_3,param_4,param_5,param_6,param_7
1,0.08387500635884412,1,519.591762762,1,110.12679539936225,95.87432050042621,-0.670994441543283,54.90967147258934,108.76885364824838,13.562374300305589,45.05467233247093
2,0.08390404065512377,1,786.932518548,0,114.21362060499015,94.30077774363895,0.2803231828337694,57.088591763429946,84.25408952107354,13.207453765744633,45.26621858312241
