run,obj_vals,opt_converged,opt_runtime,is_best_vec,param_1,param_2,param_3,param_4,param_5,param_6,param_7
1,0.07565710791416891,1,156.145070667,0,115.65959447090208,81.81801142831222,5.714558024709907,86.70663396128738,73.45396643025133,13.838843528025144,58.30436817429223
2,0.07542684979859007,1,1317.183489043,1,102.32174226929561,87.57625553131248,5.975487431598468,81.35470105808385,74.68947473194156,17.853229971809704,54.6301369230772
