run,obj_vals,opt_converged,opt_runtime,is_best_vec,param_1,param_2,param_3,param_4,param_5,param_6,param_7
1,0.07506017840439579,1,546.706232127,1,101.64325071636841,84.67428849188084,5.02150262712848,74.0916617693663,65.81033606116881,18.86665045470552,49.61603484987457
2,0.07506275491389504,1,398.709610633,0,100.08130795020918,85.33764856626986,5.179358847472384,73.34368646124028,67.07512385163203,18.180817318179887,49.10342728694937
