{
    "fe_w2": 0.0,
    "delta": 0.9,
    "mu": 46.76470026301552,
    "fe_late": 0.0,
    "fe_w1": 0.0,
    "fe_w3": 0.0,
    "beta_e": 395.4047788868413,
    "prob_respond_alpha": 1.0,
    "gamma_01_factor": 1.0,
    "fe_w4": 0.0,
    "sigma_dt": 14.013614886599592,
    "alpha": 657.13569819648,
    "fe_early": -1.5574385746569168,
    "beta_l": 457.61217076685716,
    "gamma": 71.49567124873784,
    "prop_to_wage": 0.0
}
