run,obj_vals,opt_converged,opt_runtime,is_best_vec,param_1,param_2,param_3,param_4,param_5,param_6,param_7
1,0.08635614601173831,1,471.678536089,0,149.2416758163752,78.89466210385858,3.01860481677956,103.49138135499341,37.26934476282502,43.09693930283596,58.96603318893506
2,0.08632677982914573,1,3785.759934688,1,134.34966385145265,83.46098968457876,1.9584810999239977,113.16794433100964,45.825142619001525,57.817972125698844,57.227694060033976
