run,obj_vals,opt_converged,opt_runtime,is_best_vec,param_1,param_2,param_3,param_4,param_5,param_6,param_7
1,0.09039064132009227,1,447.645935442,1,160.61793726670834,56.60248981570128,18.579593179575635,690.7839044278174,67.08568066862118,238.12899328371014,49.92446011317869
2,0.0911578468480241,1,972.571652756,0,153.52878734847437,55.012353965518066,12.233645885759385,134.70691281795482,83.88516393243418,18.892336797770607,44.39580126799276
