run,obj_vals,opt_converged,opt_runtime,is_best_vec,param_1,param_2,param_3,param_4,param_5,param_6,param_7
1,0.09252555461602978,1,2113.089333765,1,134.04261234285784,58.8131894425096,12.976441915764683,599.2482401016089,591.2570686434689,109.96149967956286,41.88408940544751
2,0.09348724687618833,1,2283.905688432,0,159.2015054034912,54.9790096654766,16.40648534774885,259.099450812097,177.8485994285277,30.247596119492307,51.35825684999983
