run,obj_vals,opt_converged,opt_runtime,is_best_vec,param_1,param_2,param_3,param_4,param_5,param_6,param_7
1,0.08649805353701837,1,1317.25988881,0,173.05363373142166,77.41671077804033,-12.688639318766434,86.34665836138308,36.3662622576912,33.585148661302576,43.186529820461054
2,0.08649796278472076,1,3133.20403602,1,172.8534934624405,77.43706653781219,-12.765464012361521,85.99772633177454,36.26838284384411,33.49071843604202,43.15664174549961
