run,obj_vals,opt_converged,opt_runtime,is_best_vec,param_1,param_2,param_3,param_4,param_5,param_6,param_7
1,0.07846372930572645,1,782.670008913,1,164.67579708308875,58.65110581900032,-1.736991776120075,239.07440684136037,50.91967078461553,119.01116411389043,61.62721171140959
2,0.07846372948588203,1,718.311826909,0,164.67650380696827,58.65037108525022,-1.7376036065393672,239.06201433043697,50.918806407713234,118.99265115526228,61.626470290351214
