run,obj_vals,opt_converged,opt_runtime,is_best_vec,param_1,param_2,param_3,param_4,param_5,param_6,param_7
1,0.07541802896925563,1,336.325954147,0,136.62714259379035,69.99191630905588,-0.19837693734835918,1531.4984967685914,44.49309043319124,187.52957376574054,67.97500099867331
2,0.07541802896924377,1,388.635301354,1,136.62722107977066,69.99188647762917,-0.19837778934466715,1531.5260615032862,44.49309699536497,187.5290714121714,67.97499973006501
