run,obj_vals,opt_converged,opt_runtime,is_best_vec,param_1,param_2,param_3,param_4,param_5,param_6,param_7
1,0.07874971964560327,1,368.44305305,1,99.70626141524374,49.98821562447036,-30.13883236373139,87.94985970661725,42.990300256215626,29.34406511267475,46.60940726398855
2,0.07874972212841427,1,406.311824159,0,99.74377326172686,49.9799624110211,-30.1338329629505,87.93407395339912,42.982765550547136,29.336774990239746,46.614181881300986
