run,obj_vals,opt_converged,opt_runtime,is_best_vec,param_1,param_2,param_3,param_4,param_5,param_6,param_7
1,0.08219628373863291,1,424.095103424,0,134.84301476387657,68.15775853337537,26.5640915612427,80.11641977789726,57.29036947709543,62.893524518528444,43.31307225018803
2,0.08219627257425251,1,539.567412942,1,134.76861671781484,68.18141804074189,26.551686924866043,80.13889713261693,57.32999128985863,62.93576715436165,43.30257297597721
