{
    "fe_w2": 0.0,
    "delta": 0.9,
    "mu": 43.883069800699815,
    "fe_late": 0.0,
    "fe_w1": 0.0,
    "fe_w3": 0.0,
    "beta_e": 1217.6584671541316,
    "prob_respond_alpha": 1.0,
    "gamma_01_factor": 1.0,
    "fe_w4": 0.0,
    "sigma_dt": 131.5915199620329,
    "alpha": 620.0224613219273,
    "fe_early": -13.064357572710696,
    "beta_l": 512.9391152930771,
    "gamma": 43.46393332177142,
    "prop_to_wage": 0.0
}
