{
    "fe_w2": 0.0,
    "delta": 0.9,
    "mu": 47.81688927920414,
    "fe_late": 0.0,
    "fe_w1": 0.0,
    "fe_w3": 0.0,
    "beta_e": 327.36216028938327,
    "prob_respond_alpha": 1.0,
    "gamma_01_factor": 1.0,
    "fe_w4": 0.0,
    "sigma_dt": 11.504860929609677,
    "alpha": 543.338421514692,
    "fe_early": 8.201526192226307,
    "beta_l": 346.0312774457359,
    "gamma": 88.07069959492638,
    "prop_to_wage": 0.0
}
