run,obj_vals,opt_converged,opt_runtime,is_best_vec,param_1,param_2,param_3,param_4,param_5,param_6,param_7
1,0.0805580309337947,1,172.984362255,1,52.853367536762235,76.62679333822253,-19.280424713606344,101.6937163201499,70.56829955040384,92.06365462509287,43.57640319507339
2,0.08056312379983907,1,253.334043212,0,52.81534317714841,76.84296096676482,-19.165267649667697,99.34514716106833,68.68155684272229,88.5339203732536,43.493399476788646
