run,obj_vals,opt_converged,opt_runtime,is_best_vec,param_1,param_2,param_3,param_4,param_5,param_6,param_7
1,0.08403928262346987,0,7246.207756227,0,110.36759793148258,84.02373160720857,-19.237026533570017,153.11489791647782,34.941894298603266,56.57068791909855,82.77705679558386
2,0.08396590952770408,0,7239.085650596,1,108.64339165690633,84.17329266230512,-19.59666544478784,152.73314320054556,37.1202088429648,62.257657502740855,82.48319184878773
