{
    "fe_w2": 0.0,
    "delta": 0.9,
    "mu": 60.01464822078719,
    "fe_late": 0.0,
    "fe_w1": 0.0,
    "fe_w3": 0.0,
    "beta_e": 386.2083811034813,
    "prob_respond_alpha": 1.0,
    "gamma_01_factor": 1.0,
    "fe_w4": 0.0,
    "sigma_dt": 4.360128313813943,
    "alpha": 1015.2757823102255,
    "fe_early": 24.989782796597222,
    "beta_l": 884.8722600990827,
    "gamma": 68.8718694852486,
    "prop_to_wage": 0.0
}
