run,obj_vals,opt_converged,opt_runtime,is_best_vec,param_1,param_2,param_3,param_4,param_5,param_6,param_7
1,0.08395582446600718,1,1123.055989278,1,125.23940227377207,85.35450547446285,-20.28059548949431,130.99111217031864,41.53484857896602,42.5642626801954,40.697086681598066
2,0.08395610802615859,0,3654.921194752,0,124.84627359421174,85.58108961763294,-20.135419782696882,131.73336302734202,41.731295816374164,42.826518185393915,40.64930239414328
