run,obj_vals,opt_converged,opt_runtime,is_best_vec,param_1,param_2,param_3,param_4,param_5,param_6,param_7
1,0.08253608136519312,0,3642.661347051,0,154.7435455828844,87.2635974197293,-34.586429608924966,135.23837826007295,44.43671484987259,47.53561565645828,52.13223408080374
2,0.08253167581395333,1,436.942758078,1,154.41581863221387,87.43685009046796,-34.48579422527973,141.93484090147146,44.9406319497319,46.54087788223809,52.127599247053205
