run,obj_vals,opt_converged,opt_runtime,is_best_vec,param_1,param_2,param_3,param_4,param_5,param_6,param_7
1,0.09439641281726298,1,458.786430259,1,148.7523957899346,72.4995738660846,-15.088814212038336,84.62956839093265,55.34863279688636,17.012482627979807,40.26767344251606
2,0.09439751644793082,1,397.869032536,0,148.8661764686891,72.4281141657933,-15.096265275762306,84.26919986889018,55.405194906750324,17.059040427970864,40.292040545262
