{
    "fe_w2": 0.0,
    "delta": 0.9,
    "mu": 50.2040570998914,
    "fe_late": 0.0,
    "fe_w1": 0.0,
    "fe_w3": 0.0,
    "beta_e": 485.6441781514,
    "prob_respond_alpha": 1.0,
    "gamma_01_factor": 1.0,
    "fe_w4": 0.0,
    "sigma_dt": 18.54179428700348,
    "alpha": 253.98590888250652,
    "fe_early": 2.871974005449762,
    "beta_l": 309.86894817500774,
    "gamma": 94.44764532577038,
    "prop_to_wage": 0.0
}
