run,obj_vals,opt_converged,opt_runtime,is_best_vec,param_1,param_2,param_3,param_4,param_5,param_6,param_7
1,0.0550574950416306,1,496.870202313,0,48.10192617505696,129.37674004321426,1.7724054005924785,46.049876432147904,48.924797935818276,24.520200413543257,91.36836600541723
2,0.05505749637829975,1,471.633182671,0,48.09076574541789,129.402357213974,1.7710872147169334,46.05774205386459,48.920555413907124,24.52176125675986,91.37107811907988
3,0.05505749465906219,1,432.248371406,1,48.110579352217115,129.3683620811593,1.772337021766664,46.05437579544229,48.918168468363284,24.51956224915059,91.37400996975599
4,0.2223430787674261,1,145.202290842,0,73.41846080568067,94.55804607008501,28.157150474448976,75.72260302209446,86.84780443177515,1.0000025632501683,8.192955878562303
