run,obj_vals,opt_converged,opt_runtime,is_best_vec,param_1,param_2,param_3,param_4,param_5,param_6,param_7
1,0.05789939871433495,1,455.69177422,0,55.6612284149959,136.67075216803823,4.658047638974881,46.18907409791867,50.00647115754836,26.244373590379674,88.1839192358871
2,0.057899397191028955,1,454.604289172,1,55.66459983780777,136.66509639030556,4.65916944558823,46.18931498192344,50.00116802662059,26.242167310438678,88.18330295546622
3,0.05789940327127067,1,543.915680961,0,55.637934676166616,136.67506865983344,4.653404111508842,46.21629268753924,49.96867264958189,26.23378386475237,88.17509929010826
4,0.05789939865387468,1,571.08294312,0,55.652472443229186,136.67234558395316,4.657110986223013,46.18957751527615,50.004736026287894,26.243887715240902,88.17817779321881
