run,obj_vals,opt_converged,opt_runtime,is_best_vec,param_1,param_2,param_3,param_4,param_5,param_6,param_7
1,0.08535702190012005,1,1472.82426666,1,140.4714055737223,54.542871589111186,-31.79094577585794,76.5419827791626,18.832317579062007,8.097365902656254,46.35195335266487
2,0.08679981385924916,0,7243.968852447,0,100.49896070022751,69.28307635289684,-23.04663346882488,64.2606576579872,53.142551186973066,13.107383153869318,41.59013334023499
