run,obj_vals,opt_converged,opt_runtime,is_best_vec,param_1,param_2,param_3,param_4,param_5,param_6,param_7
1,0.07558351884078753,1,553.32392801,0,95.00469768266612,69.73536856554664,-48.19472081763257,94.27771692903502,45.46461060978614,8.965622726904925,54.46762768162578
2,0.0755812191758361,1,411.102904226,1,94.4822016563182,70.05150983177242,-47.9627420993404,94.17218876035902,45.23609897425135,9.226744023095389,54.32099798973764
