run,obj_vals,opt_converged,opt_runtime,is_best_vec,param_1,param_2,param_3,param_4,param_5,param_6,param_7
1,0.07614091843527471,1,235.006152293,0,100.74365071399725,79.45966129021593,-44.290161424551464,72.84491477583686,42.80898950171808,14.949182191700169,52.69291351525906
2,0.07598091481613774,1,429.081048903,1,100.063609663602,79.54804938253838,-44.183819001503004,78.11885507113512,43.32286979131169,12.270567872116294,53.160895348219775
