{
    "fe_w2": 0.0,
    "delta": 0.9,
    "mu": 47.18435308338367,
    "fe_late": 0.0,
    "fe_w1": 0.0,
    "fe_w3": 0.0,
    "beta_e": 459.5516412486462,
    "prob_respond_alpha": 1.0,
    "gamma_01_factor": 1.0,
    "fe_w4": 0.0,
    "sigma_dt": 6.475431910562999,
    "alpha": 634.9213183353943,
    "fe_early": -7.522965415120574,
    "beta_l": 511.83373157759036,
    "gamma": 77.16742987147603,
    "prop_to_wage": 0.0
}
