run,obj_vals,opt_converged,opt_runtime,is_best_vec,param_1,param_2,param_3,param_4,param_5,param_6,param_7
1,0.07747096862969761,1,513.422278171,1,44.79454849733014,63.58850858413548,-20.405491673449944,63.6360098719227,41.06491088920914,26.664195074643107,33.88719496872729
2,0.07747117485196614,1,364.531611253,0,44.71433750821816,63.58746642054995,-20.494604185731397,62.61851666516602,41.285734681857285,25.39468513877028,33.89228549390611
