run,obj_vals,opt_converged,opt_runtime,is_best_vec,param_1,param_2,param_3,param_4,param_5,param_6,param_7
1,0.07819302948999068,1,480.880696649,0,38.203308818452115,58.696598449978616,-19.333088638361875,52.885267332613935,44.676532704427544,17.90783508625827,33.63511857876918
2,0.0781927484635372,1,663.735614025,1,38.20495076636217,58.69332998147399,-19.302168824436748,52.863631103150134,44.547015380896,18.046534186282983,33.62288368372539
