run,obj_vals,opt_converged,opt_runtime,is_best_vec,param_1,param_2,param_3,param_4,param_5,param_6,param_7
1,0.0793283553197751,1,403.739376133,1,201.39359394085727,39.711256870984876,-7.68090161447766,65.0141100568247,53.906009563313724,24.31209451795429,51.31775173832459
2,0.07932835541484702,1,218.737564205,0,201.38859134111405,39.71213531047035,-7.681736404433639,65.01700721690545,53.905096743569224,24.31070290326839,51.317866952406035
