run,obj_vals,opt_converged,opt_runtime,is_best_vec,param_1,param_2,param_3,param_4,param_5,param_6,param_7
1,0.07936282052828131,1,1699.509429744,1,224.42251983321873,30.564891594681026,-12.384773295457286,70.02444698159127,42.164708450194524,20.39228395534696,59.15270323010447
2,0.07936282059010209,1,688.130596414,0,224.4227609207817,30.565021166148398,-12.384845214232982,70.02113978626089,42.166634263135855,20.39332353393706,59.15241553323492
