{
    "fe_w2": 0.0,
    "delta": 0.9,
    "mu": 29.447536620719347,
    "fe_late": 0.0,
    "fe_w1": 0.0,
    "fe_w3": 0.0,
    "beta_e": 186.6645082833492,
    "prob_respond_alpha": 1.0,
    "gamma_01_factor": 1.0,
    "fe_w4": 0.0,
    "sigma_dt": 13.625202261461919,
    "alpha": 208.37102940661163,
    "fe_early": 5.0063119441451045,
    "beta_l": 219.24055832102948,
    "gamma": 99.05501556952345,
    "prop_to_wage": 0.0
}
