run,obj_vals,opt_converged,opt_runtime,is_best_vec,param_1,param_2,param_3,param_4,param_5,param_6,param_7
1,0.07922160728808177,1,715.924931038,1,102.05376866721778,117.25256126881796,7.2081581544389906,57.73564811082243,62.38443201377203,37.26097561659656,40.88474857218625
2,0.0792217780468283,1,2433.135107119,0,101.81062029598624,117.31771058196993,7.134045730435117,57.61202708214788,62.36901924448206,37.172343794943984,40.8444319114135
