run,obj_vals,opt_converged,opt_runtime,is_best_vec,param_1,param_2,param_3,param_4,param_5,param_6,param_7
1,0.07906390425170325,1,250.240584596,0,109.79886294355329,107.77989433004508,11.238107808259713,72.66546420313165,69.577732250912,36.025376021222485,43.48471258495452
2,0.07904569132278484,0,3646.021164017,1,110.84677701452439,107.69303271315115,11.922976805809686,72.4013855187565,72.13778387772147,49.46703386832697,43.43046620665049
