{
    "fe_w2": 0.0,
    "delta": 0.9,
    "mu": 53.375011295484775,
    "fe_late": 0.0,
    "fe_w1": 0.0,
    "fe_w3": 0.0,
    "beta_e": 236.98943312841476,
    "prob_respond_alpha": 1.0,
    "gamma_01_factor": 1.0,
    "fe_w4": 0.0,
    "sigma_dt": 23.045929431397962,
    "alpha": 600.4735948250161,
    "fe_early": -15.130998361536312,
    "beta_l": 719.9641899541791,
    "gamma": 63.761109700393064,
    "prop_to_wage": 0.0
}
