{
    "fe_w2": 0.0,
    "delta": 0.9,
    "mu": 48.285703141318955,
    "fe_late": 0.0,
    "fe_w1": 0.0,
    "fe_w3": 0.0,
    "beta_e": 467.00616968830207,
    "prob_respond_alpha": 1.0,
    "gamma_01_factor": 1.0,
    "fe_w4": 0.0,
    "sigma_dt": 26.260813867259806,
    "alpha": 438.2809487598766,
    "fe_early": 5.6927963631026275,
    "beta_l": 258.6984828753046,
    "gamma": 82.98271806284951,
    "prop_to_wage": 0.0
}
