{
    "fe_w2": 0.0,
    "delta": 0.9,
    "mu": 53.93595276542244,
    "fe_late": 0.0,
    "fe_w1": 0.0,
    "fe_w3": 0.0,
    "beta_e": 552.3680832807729,
    "prob_respond_alpha": 1.0,
    "gamma_01_factor": 1.0,
    "fe_w4": 0.0,
    "sigma_dt": 8.823990244281134,
    "alpha": 741.6396273864952,
    "fe_early": -11.618909963856524,
    "beta_l": 265.9331482876136,
    "gamma": 70.2987197920659,
    "prop_to_wage": 0.0
}
