run,obj_vals,opt_converged,opt_runtime,is_best_vec,param_1,param_2,param_3,param_4,param_5,param_6,param_7
1,0.07994908197499234,0,7218.318454114,1,92.1584515406555,65.95230542914554,-7.754255964740554,41.726938768284434,21.179691973922605,151.06228339156925,42.770855861098106
2,0.08008436009117684,1,365.943816127,0,83.04861087909534,67.8442980379787,-10.125881979382475,59.76309998498844,50.18991289999653,16.989030254007325,41.37765371546802
