run,obj_vals,opt_converged,opt_runtime,is_best_vec,param_1,param_2,param_3,param_4,param_5,param_6,param_7
1,0.07990005291566826,1,746.22542922,1,75.5770188487704,67.47545209172495,-7.941008670358648,12.83777388746386,12.143919285982845,165.57212109322498,43.25956373655051
2,0.07990044602106319,1,319.94768954,0,75.82955655574312,67.37286701107077,-7.9930571987488666,12.809787690149905,12.092876833561139,163.82364513990896,43.26962041255562
