run,obj_vals,opt_converged,opt_runtime,is_best_vec,param_1,param_2,param_3,param_4,param_5,param_6,param_7
1,0.08649618890960599,1,182.771832707,0,113.72044955771987,88.94352447766954,-4.666099666662364,53.23030865606847,64.55902717213102,18.374308646647194,69.26513450327126
2,0.08604144043161256,1,868.354631819,1,133.95606705703682,78.06768009233839,-10.859544128297186,51.790316637040604,116.61811244803415,18.558527800822755,75.3148412119128
