run,obj_vals,opt_converged,opt_runtime,is_best_vec,param_1,param_2,param_3,param_4,param_5,param_6,param_7
1,0.08599220641717031,1,595.758198396,1,134.9079617580636,63.542126572013856,-13.993616520876275,64.36612785381399,93.45581271790347,14.078488910399823,83.5617558655808
2,0.08610186093758428,1,457.062612844,0,131.9667416847097,65.10655673325466,-13.825094043005405,65.63769071884101,81.38158452090089,13.841766223435908,83.21636997739787
