run,obj_vals,opt_converged,opt_runtime,is_best_vec,param_1,param_2,param_3,param_4,param_5,param_6,param_7
1,0.08588344904479604,1,470.512567168,1,95.04247161238177,87.88609104781072,13.855044304115971,79.71044118585974,62.70322349839828,27.093162829098237,28.16509032502241
2,0.08590938938681404,1,1239.816829907,0,94.48210595067208,88.13832017969054,13.582665570516358,79.80808389665654,62.72016042221793,25.81018553989445,28.13909152858292
