{
    "fe_w2": 0.0,
    "delta": 0.9,
    "mu": 45.81360767388277,
    "fe_late": 0.0,
    "fe_w1": 0.0,
    "fe_w3": 0.0,
    "beta_e": 1204.7393161196253,
    "prob_respond_alpha": 1.0,
    "gamma_01_factor": 1.0,
    "fe_w4": 0.0,
    "sigma_dt": 23.211885490155847,
    "alpha": 619.5077710044543,
    "fe_early": 8.928838214463358,
    "beta_l": 335.6923667639238,
    "gamma": 89.68899023726331,
    "prop_to_wage": 0.0
}
