run,obj_vals,opt_converged,opt_runtime,is_best_vec,param_1,param_2,param_3,param_4,param_5,param_6,param_7
1,0.07570906500706369,1,698.282797589,1,152.88555659505013,68.27570799517108,-26.7538582764628,58.57755574879154,62.74092064005418,93.60829681644854,49.68773001040689
2,0.07571332609964913,1,573.006223056,0,153.92926680924106,68.10464287033635,-26.299615993764796,55.4243368305419,65.3098511069461,97.82916227619542,49.88138109376257
