run,obj_vals,opt_converged,opt_runtime,is_best_vec,param_1,param_2,param_3,param_4,param_5,param_6,param_7
1,0.07683404411525918,1,331.131435649,0,131.62282055324889,90.03755252144293,-19.703820935515903,44.361584829544874,56.27785142624348,75.06049719490636,44.89354233325347
2,0.07683404411076876,1,356.809557636,1,131.62499762026513,90.03642753437519,-19.70423581763665,44.3612458470865,56.27700996021116,75.06158584525058,44.893651476749376
