{
    "fe_w2": 0.0,
    "delta": 0.9,
    "mu": 47.204575745782755,
    "fe_late": 0.0,
    "fe_w1": 0.0,
    "fe_w3": 0.0,
    "beta_e": 434.74901614854156,
    "prob_respond_alpha": 1.0,
    "gamma_01_factor": 1.0,
    "fe_w4": 0.0,
    "sigma_dt": 45.31679547021411,
    "alpha": 472.34320105223014,
    "fe_early": -14.68591287978672,
    "beta_l": 226.2957145911351,
    "gamma": 87.03005825046245,
    "prop_to_wage": 0.0
}
