iteration,param_1,param_2,param_3,param_4,param_5,param_6,param_7
1,58.30289492252781,124.02077572326391,0.0,43.004508125643824,62.597785383108274,19.564349459776878,25.811821857624928
2,147.98893318287315,84.62353060662534,0.0,29.327747128797633,32.3919290400059,15.530778234128704,19.73847424345249
3,59.02579342099232,122.19703136251252,0.0,70.81552927983901,58.129528967785824,20.09134907108715,35.1656720540929
4,53.05755894313353,104.44824038963334,0.0,41.45528347645891,45.560419033748204,12.917807250746838,20.469024645074622
