run,obj_vals,opt_converged,opt_runtime,is_best_vec,param_1,param_2,param_3,param_4,param_5,param_6,param_7
1,0.002170247765286925,1,248.833975819,0,148.98620212774662,91.55474362366537,0.4215187021971868,35.346578526523665,104.47100655304062,14.48980771105666,59.328889586372945
2,0.002155905242555791,1,220.976575656,1,149.2089922602853,91.53503124735171,0.44821424021352263,35.39676955446258,102.20710816046976,14.487887630197738,59.35879977204221
3,0.0021702475438385802,1,373.920474735,0,148.99425003749508,91.55319540568033,0.42230022164278397,35.347043882941044,104.47182877490593,14.489699473093522,59.33042534034606
4,0.002170247813426266,1,255.048096101,0,148.98571720672254,91.55485871377091,0.421438470600518,35.346567397863105,104.47059382509319,14.48981711749159,59.3287892705883
