run,obj_vals,opt_converged,opt_runtime,is_best_vec,param_1,param_2,param_3,param_4,param_5,param_6,param_7
1,0.07800966906932072,1,2236.674228897,0,46.7634762654511,124.71397410956376,-13.008287465929858,89.0975215502013,61.46254647646273,60.27313936433247,33.87299297461694
2,0.07800418902717689,1,752.681803547,1,46.80719743592021,124.63067723244666,-13.048212403770213,88.19325463328173,60.908408396307735,57.75312204441354,33.8563313998313
