run,obj_vals,opt_converged,opt_runtime,is_best_vec,param_1,param_2,param_3,param_4,param_5,param_6,param_7
1,0.08185084297365386,1,218.0251914,1,43.02800796240655,121.75176922271744,-10.868235188819234,149.89168642954803,72.3085251246632,72.898211313064,36.832832644821885
2,0.08191798780528002,1,524.592138871,0,43.36648030287055,121.33103855078602,-11.816521386704233,303.44647809759266,65.18718483786556,70.78451214298241,37.26301871753583
