{
    "fe_w2": 0.0,
    "delta": 0.9,
    "mu": 38.25286557351167,
    "fe_late": 0.0,
    "fe_w1": 0.0,
    "fe_w3": 0.0,
    "beta_e": 1119.805001575004,
    "prob_respond_alpha": 1.0,
    "gamma_01_factor": 1.0,
    "fe_w4": 0.0,
    "sigma_dt": 104.30897775280232,
    "alpha": 506.29498627378155,
    "fe_early": -2.8438810215817267,
    "beta_l": 362.09179962929466,
    "gamma": 69.33104668218932,
    "prop_to_wage": 0.0
}
