run,obj_vals,opt_converged,opt_runtime,is_best_vec,param_1,param_2,param_3,param_4,param_5,param_6,param_7
1,0.07712196769935908,1,225.956329659,1,123.4982687277525,87.55937171670537,-10.398199917976282,52.848783381689074,75.43798096274996,9.941687995182058,62.318572572291714
2,0.07713116559810354,1,220.453440036,0,123.75987534131718,86.85075738482121,-9.621436189371368,52.80888151332736,77.63574770097235,10.014211333959723,62.14437441588798
