run,obj_vals,opt_converged,opt_runtime,is_best_vec,param_1,param_2,param_3,param_4,param_5,param_6,param_7
1,0.07753803327070252,1,311.063197043,1,130.10878237968743,91.78332033183274,-8.69155944268771,47.358179046267715,73.05476391604077,16.921395682338364,57.77936161954275
2,0.07753803329567753,1,228.546871241,0,130.12654539039116,91.77246903783073,-8.693862578558637,47.35931943523019,73.05708135206723,16.922130405628952,57.78165625003972
