run,obj_vals,opt_converged,opt_runtime,is_best_vec,param_1,param_2,param_3,param_4,param_5,param_6,param_7
1,0.08691203262296238,1,517.761296982,0,74.55273761807071,84.2927687716964,-16.34083455966026,77.29922041460048,56.17514721167088,30.476609752518115,42.34809921684091
2,0.08690979831118477,1,549.330941963,1,73.96029484550388,84.24307654949362,-16.490869752441338,78.02946117249617,56.90730022311493,30.29698675494095,42.14338764441278
