run,obj_vals,opt_converged,opt_runtime,is_best_vec,param_1,param_2,param_3,param_4,param_5,param_6,param_7
1,0.08756896850256714,1,423.978196964,0,76.78729847930374,94.34576107126512,-12.729847608970767,47.98813213973225,61.377727417399285,27.18629467559371,42.567312318212345
2,0.08756896712577034,1,565.991795379,1,76.7852780061409,94.3453204563169,-12.726378521521399,48.003180820593165,61.32259103172222,27.192880196752917,42.5628460324684
