iteration,param_1,param_2,param_3,param_4,param_5,param_6,param_7
1,148.55586630774062,81.33755170023454,0.0,29.576685111054662,28.489189999601273,12.562297984718585,27.748085124415628
2,131.78820058662825,125.06406081407535,0.0,34.02078148959863,51.365077209311714,21.494993450221937,36.20194337495727
3,97.42736072310242,75.55313142782272,0.0,46.07187514904853,39.67260533137368,37.42890556071614,29.294733275888674
4,77.94765052050941,113.32395894752226,0.0,63.05806423482792,70.39492790666478,33.96933245848478,33.98580036102855
