run,obj_vals,opt_converged,opt_runtime,is_best_vec,param_1,param_2,param_3,param_4,param_5,param_6,param_7
1,0.0937225289453905,1,588.948004249,0,117.65537970392124,82.30337408818214,-14.708527581645606,136.316165985086,73.47700297504883,2.3579859665945158,44.750542541145144
2,0.09332658244522557,1,790.871978281,1,110.92429639297833,85.55513384271244,-19.064046214124563,122.69973096897547,65.1251667307575,1.473780846188342,43.39494158423411
