run,obj_vals,opt_converged,opt_runtime,is_best_vec,param_1,param_2,param_3,param_4,param_5,param_6,param_7
1,0.0864270400087542,0,7241.725185564,0,151.20720947848667,62.40104190111931,-34.26215985602369,79.5648473309479,65.94636031674605,26.524355224174776,56.415615024754565
2,0.08642577112252482,1,459.0069812,1,154.19360528811683,61.65864366418701,-34.323915960792625,81.03654715682269,66.0766669350778,26.559170664691266,56.75221027952604
