run,obj_vals,opt_converged,opt_runtime,is_best_vec,param_1,param_2,param_3,param_4,param_5,param_6,param_7
1,0.08567003491472779,1,391.448160344,0,166.22744389858156,63.76478054699676,-43.82812329911668,121.10321959199595,187.101615152404,19.261134704813657,67.27268943549011
2,0.08553762517377166,1,523.312270868,1,179.41563119090597,61.197342249170326,-43.51283533809175,118.52230851037348,261.06113366125624,14.108091979431247,69.4447200833182
