run,obj_vals,opt_converged,opt_runtime,is_best_vec,param_1,param_2,param_3,param_4,param_5,param_6,param_7
1,0.07224618550197866,1,506.404602951,1,52.7371031143219,43.96422269734504,-12.123119750126863,53.58220506045089,33.196841197028064,41.13075508821856,34.521888454935116
2,0.07224621555967693,1,912.76117621,0,52.76025887217129,43.97528042647687,-12.110055952634356,53.66499830318137,33.207254836750465,41.164195149584145,34.53078828910231
