run,obj_vals,opt_converged,opt_runtime,is_best_vec,param_1,param_2,param_3,param_4,param_5,param_6,param_7
1,0.08435519581348914,1,337.70148842,1,291.85420016812293,26.2033606705388,24.96392870044457,146.048939015982,88.9297823844715,28.35850327836596,66.12340906271625
2,0.08435655460220515,1,221.048843061,0,287.93451548009426,26.724597357216492,25.28463027658482,147.36689873072416,89.35737054095016,28.80975339524182,65.39661172716788
