run,obj_vals,opt_converged,opt_runtime,is_best_vec,param_1,param_2,param_3,param_4,param_5,param_6,param_7
1,0.07487095926186513,1,262.652715186,1,112.0148124183775,71.9889859298361,-53.9392174720021,81.49896315114839,50.60149557105642,7.051144569650028,56.801976910858556
2,0.07487704647600109,1,443.155974503,0,109.95695616346734,70.67221492000077,-53.8538909467437,89.49763172662183,48.816695464444216,9.69176131430445,55.21700608963737
