run,obj_vals,opt_converged,opt_runtime,is_best_vec,param_1,param_2,param_3,param_4,param_5,param_6,param_7
1,0.07571363732460924,1,399.071636262,1,99.3110084082961,65.18685117533943,-49.40309531586826,94.72369388831729,48.051103323286476,7.0159826635910925,55.93838059456608
2,0.11686136222052958,0,7226.469846868,0,128.5859869519144,115.95508544305866,1.139806561184597,55.871958594229454,72.77749178134273,31.276877487410623,15.269636455385596
