run,obj_vals,opt_converged,opt_runtime,is_best_vec,param_1,param_2,param_3,param_4,param_5,param_6,param_7
1,0.08062281055313385,1,856.938093754,1,103.87977066255498,101.55480807733517,-9.190801271832951,179.72325277650089,86.55915551828393,1.7322596182465604,76.8981257679459
2,0.08241096531765009,1,317.406062357,0,87.66844598214664,107.79486489196408,-10.899213751740398,134.38890194020743,91.80958148121837,9.914847780594176,75.68314792863755
