run,obj_vals,opt_converged,opt_runtime,is_best_vec,param_1,param_2,param_3,param_4,param_5,param_6,param_7
1,0.0825749826386098,1,622.569394732,0,129.04683552996391,104.62910935993742,-17.715491888845065,95.07707890324994,96.13696144616671,25.510052151621487,73.00839031884877
2,0.08251713087284257,1,638.203308982,1,126.9933835127177,105.07940785049385,-18.02469633742952,93.03039148943976,99.95277052305062,22.581469814329523,72.72546306976793
