run,obj_vals,opt_converged,opt_runtime,is_best_vec,param_1,param_2,param_3,param_4,param_5,param_6,param_7
1,0.09148826447170211,1,849.164845058,0,82.87313941668894,82.6887491183694,9.453816460698793,134.53314955861882,67.00240636633485,8.993244273970795,48.864852842562215
2,0.09100130188201777,1,843.648046146,1,84.61018950856132,81.47669030176075,11.846696157091769,187.01813909550555,55.22823643939257,3.989949208245116,47.64052426767985
