run,obj_vals,opt_converged,opt_runtime,is_best_vec,param_1,param_2,param_3,param_4,param_5,param_6,param_7
1,0.0917435607073944,1,337.749449018,0,88.85281849827045,80.68543006921406,9.169183330162094,121.24496499962022,60.90447838071973,7.255357298847856,44.443438404882755
2,0.091161181979598,1,397.502310366,1,89.53777568192484,79.58822247546713,9.89615970945473,102.10185971961886,68.74389312221018,9.013286281951167,42.91396910605041
