{
    "fe_w2": 0.0,
    "delta": 0.9,
    "mu": 40.101135334576355,
    "fe_late": 0.0,
    "fe_w1": 0.0,
    "fe_w3": 0.0,
    "beta_e": 900.0775189404931,
    "prob_respond_alpha": 1.0,
    "gamma_01_factor": 1.0,
    "fe_w4": 0.0,
    "sigma_dt": 40.82920910910806,
    "alpha": 465.2281274468687,
    "fe_early": -17.647616793272523,
    "beta_l": 294.37805468992235,
    "gamma": 75.00963105064992,
    "prop_to_wage": 0.0
}
