obj_vals,opt_results,opt_runtime,param_1,param_2,param_3,param_4,param_5,param_6,param_7
0.06790988428683349,1,304.736119045,117.95209934612834,89.39831287924848,-6.4126027614732894,86.79126917422761,60.12118603011614,19.544995194766358,57.63377190868536
