obj_vals,opt_results,opt_runtime,param_1,param_2,param_3,param_4,param_5,param_6,param_7
0.06797843706220505,1,198.018208536,118.01655320936455,89.49453999634358,-5.648249321194913,92.86982416177577,59.129621832725164,18.63868566826796,57.5315549041681
