obj_vals,opt_results,opt_runtime,param_1,param_2,param_3,param_4,param_5,param_6,param_7
0.06791138742943703,1,221.150669348,118.86377987887998,89.09566128992529,-6.3738515882809,86.84534846738109,59.815729388660074,19.980036695598574,57.80466081327702
