obj_vals,opt_results,opt_runtime,param_1,param_2,param_3,param_4,param_5,param_6,param_7
0.06792093711020174,1,242.556041462,116.92265521990237,90.02795533389353,-6.093428154212124,84.76399916931456,60.46860333976815,18.94332128278371,57.55215259774206
