obj_vals,opt_results,opt_runtime,param_1,param_2,param_3,param_4,param_5,param_6,param_7
0.06795811752077428,1,483.36684542,119.04491652326028,89.10820507331823,-6.189528779440178,89.9246359272378,59.10855700126719,20.611494081450534,57.818483284213514
