obj_vals,opt_results,opt_runtime,param_1,param_2,param_3,param_4,param_5,param_6,param_7
0.06795811817379493,1,565.13651166,119.02815976337644,89.11617905764757,-6.190018719596053,89.93341714655935,59.10750533965325,20.61220391849358,57.81604883592543
