obj_vals,opt_results,opt_runtime,param_1,param_2,param_3,param_4,param_5,param_6,param_7
0.0679047191372339,1,290.107839794,115.82632795657355,90.5418048733285,-6.046459496060494,91.13457666838629,58.20730479047101,20.541111309952317,57.244516019223084
