obj_vals,opt_results,opt_runtime,param_1,param_2,param_3,param_4,param_5,param_6,param_7
0.0679153025104847,1,211.742396021,120.07719328627428,88.71509907373574,-5.422947051062286,95.34765692341998,58.76994786768669,20.612306474498823,57.72996466477861
