obj_vals,opt_results,opt_runtime,param_1,param_2,param_3,param_4,param_5,param_6,param_7
0.06795811744301539,1,529.45785426,119.06695905088156,89.1019602507036,-6.183402960533368,89.93123543594297,59.10445469634062,20.60606549658728,57.821908391538585
