obj_vals,opt_results,opt_runtime,param_1,param_2,param_3,param_4,param_5,param_6,param_7
0.0679111176287066,1,214.670687321,118.72775250602483,89.16155104702929,-6.268263265735138,86.31495088917342,60.57443202345867,19.187376297772534,57.79002778249275
