obj_vals,opt_results,opt_runtime,param_1,param_2,param_3,param_4,param_5,param_6,param_7
0.06790045468676253,1,184.841948604,118.22131488069923,89.85734989936904,-5.66520825444532,93.52601740372236,59.14852847455803,20.369388808824933,57.72097706388656
