obj_vals,opt_results,opt_runtime,param_1,param_2,param_3,param_4,param_5,param_6,param_7
0.06799105451355184,1,185.284633271,112.12483431501428,92.48768917220885,-5.1270608964304785,89.78581424235729,56.29814929178006,18.69384925158239,56.66878902651994
