obj_vals,opt_results,opt_runtime,param_1,param_2,param_3,param_4,param_5,param_6,param_7
0.06789258502906766,1,393.336560286,115.82519500986218,90.51842176300073,-5.958325603001199,85.3811431058683,60.99294572440551,22.0596555841062,57.35319160604877
