obj_vals,opt_results,opt_runtime,param_1,param_2,param_3,param_4,param_5,param_6,param_7
0.06790904913120831,1,227.352745883,118.08302097629738,89.1032856735323,-6.651606381231696,86.4529698697569,60.181741851620515,18.803291407878515,57.70616829455291
