obj_vals,opt_results,opt_runtime,param_1,param_2,param_3,param_4,param_5,param_6,param_7
0.06795811942666638,1,574.705903147,119.07552495634089,89.09917310101784,-6.179674421650793,89.93317127297777,59.125985474025,20.62179900426287,57.8231695735617
