obj_vals,opt_results,opt_runtime,param_1,param_2,param_3,param_4,param_5,param_6,param_7
0.06791200641445126,1,271.85913423,116.59127762383683,89.94886291128813,-6.702394235933989,86.6565971421285,59.794429731224845,18.918870966162366,57.47411644413634
