obj_vals,opt_results,opt_runtime,param_1,param_2,param_3,param_4,param_5,param_6,param_7
0.06790950471151957,1,244.987785409,118.38223671484685,89.22227579685433,-6.290608838101698,86.69659867676421,60.129412575841236,19.667349753513154,57.70524300022358
