obj_vals,opt_results,opt_runtime,param_1,param_2,param_3,param_4,param_5,param_6,param_7
0.06796351878924221,1,256.292361811,125.7301953384935,87.25542557415233,-6.2092716814983735,92.31612235238339,56.7637004375846,19.56266637007362,59.05818473373343
