obj_vals,opt_results,opt_runtime,param_1,param_2,param_3,param_4,param_5,param_6,param_7
0.06791457698528842,1,185.145785631,117.69908657889017,89.39438766804032,-6.520248308902698,85.06702604530156,59.75639798654903,18.807722180549703,57.67870724709163
