obj_vals,opt_results,opt_runtime,param_1,param_2,param_3,param_4,param_5,param_6,param_7
0.06791198351690514,1,304.264225743,118.87176732431675,89.1305061683534,-6.366345387063051,86.51940527998823,60.08459453426323,18.59046048408021,57.776090707536206
