obj_vals,opt_results,opt_runtime,param_1,param_2,param_3,param_4,param_5,param_6,param_7
0.06798807468461879,1,143.6928461,109.91099766340506,93.12831876696637,-7.093749064595981,88.23401925624177,55.95253803794717,19.59529475932349,56.39459520167053
