obj_vals,opt_results,opt_runtime,param_1,param_2,param_3,param_4,param_5,param_6,param_7
0.06795811967864895,1,654.238172192,119.13560209573826,89.07690826159823,-6.170267797695558,89.9470375934928,59.11358923984265,20.61465716574244,57.8320110273559
