obj_vals,opt_results,opt_runtime,param_1,param_2,param_3,param_4,param_5,param_6,param_7
0.06791147154229546,1,281.164056127,118.44276029528136,89.13038115771954,-6.527204923965377,87.07543480515724,60.302655873959544,18.563477595823514,57.741080886791366
