obj_vals,opt_results,opt_runtime,param_1,param_2,param_3,param_4,param_5,param_6,param_7
0.06792500766182577,1,475.705458979,123.36723483882598,87.22486624796116,-5.804898149560074,87.60607177911062,60.14085582242594,19.151570819698698,58.453904374025
