obj_vals,opt_results,opt_runtime,param_1,param_2,param_3,param_4,param_5,param_6,param_7
0.06792050597730136,1,188.388771176,114.9009942790529,90.80683974248335,-6.7293831557058095,86.94953240764558,59.72835995393465,19.01228742406399,57.242149019791675
