obj_vals,opt_results,opt_runtime,param_1,param_2,param_3,param_4,param_5,param_6,param_7
0.06795813112251142,1,390.837344441,119.0540974762516,89.11040225048255,-6.178608935582163,89.97719127087154,59.066746421646755,20.615503547191455,57.81897240774639
