obj_vals,opt_results,opt_runtime,param_1,param_2,param_3,param_4,param_5,param_6,param_7
0.0679581171407446,1,509.428558697,119.06039508500973,89.10408968376953,-6.184821074581309,89.93095877512495,59.107658803556745,20.612123200391895,57.82078647978766
