obj_vals,opt_results,opt_runtime,param_1,param_2,param_3,param_4,param_5,param_6,param_7
0.06788301158817148,1,558.516485389,118.43853597485679,89.42175934284812,-6.197916101326952,84.0728203758914,60.61495610037959,21.109231013496004,57.879667019440674
