obj_vals,opt_results,opt_runtime,param_1,param_2,param_3,param_4,param_5,param_6,param_7
0.06796650922578441,1,221.074022416,116.69317770232915,91.65734503963778,-4.374653939395654,92.3185003718583,56.49413390566012,20.189459313667154,57.82007688773036
