obj_vals,opt_results,opt_runtime,param_1,param_2,param_3,param_4,param_5,param_6,param_7
0.06795055249769714,1,191.241035241,119.08412100322167,89.35930938118997,-5.696169270456552,90.31494123172433,57.00613718691092,22.95920728967606,57.77879089940189
