obj_vals,opt_results,opt_runtime,param_1,param_2,param_3,param_4,param_5,param_6,param_7
0.06790935253829618,1,634.676341215,118.89458388066095,89.07163481051485,-6.232540991492622,86.71750182074487,60.207322817455584,19.758322530842342,57.793579162078416
