obj_vals,opt_results,opt_runtime,param_1,param_2,param_3,param_4,param_5,param_6,param_7
0.06795811772734596,1,687.504232023,119.03812693257409,89.11205457075225,-6.188989794124859,89.92738688477031,59.106441620802784,20.611191131719895,57.81755139322832
