obj_vals,opt_results,opt_runtime,param_1,param_2,param_3,param_4,param_5,param_6,param_7
0.06790998674742388,1,221.588272421,118.64333064043002,89.19569797337682,-6.335048794145858,87.27570365804439,60.0114897740133,18.861423565205616,57.78507796231998
