obj_vals,opt_results,opt_runtime,param_1,param_2,param_3,param_4,param_5,param_6,param_7
0.06792906448344763,1,394.980954996,114.581986043494,91.48806027971304,-6.290653932589719,85.16488382681432,59.72522383267817,18.688035205388093,57.36037288002271
