obj_vals,opt_results,opt_runtime,param_1,param_2,param_3,param_4,param_5,param_6,param_7
0.06797037233564968,1,217.343343289,121.75399488405671,88.43750218953696,-5.645497134339512,91.08958163932797,58.250776236323276,19.2397743351898,58.358643469714345
