obj_vals,opt_results,opt_runtime,param_1,param_2,param_3,param_4,param_5,param_6,param_7
0.0679105996372828,1,340.243851414,117.09035782908475,89.71390939979887,-6.693748859445521,86.01034481854249,59.85878478905655,18.652685475002915,57.62204010965105
