obj_vals,opt_results,opt_runtime,param_1,param_2,param_3,param_4,param_5,param_6,param_7
0.06791043668115908,1,335.384303009,118.7040209972293,89.2083858988227,-6.219042079905101,86.69193019315335,59.98946389981799,19.994461709502698,57.771439007157966
