obj_vals,opt_results,opt_runtime,param_1,param_2,param_3,param_4,param_5,param_6,param_7
0.0680238224092397,1,512.165566127,116.77936783743628,89.9390975758763,-6.672201586637568,94.17694848337953,62.55239688548843,11.579561571913398,57.673423001335436
