obj_vals,opt_results,opt_runtime,param_1,param_2,param_3,param_4,param_5,param_6,param_7
0.06791018778672211,1,262.149563862,118.70843308870066,89.07194400606993,-6.42449061210927,86.14905815331099,59.74309496811933,19.114069852864425,57.78935165290952
