obj_vals,opt_results,opt_runtime,param_1,param_2,param_3,param_4,param_5,param_6,param_7
0.06791505776877128,1,212.709900295,116.05491035252471,90.46230029563324,-6.323470192457278,86.18796485564502,60.09872606801693,18.98565047873622,57.51193043686027
