obj_vals,opt_results,opt_runtime,param_1,param_2,param_3,param_4,param_5,param_6,param_7
0.06791007424683802,1,354.025643861,118.0209712549369,89.4818636975704,-6.304991047576676,86.48843451767524,59.847858388173364,19.106457271143352,57.70170848133374
