obj_vals,opt_results,opt_runtime,param_1,param_2,param_3,param_4,param_5,param_6,param_7
0.06792066849456213,1,166.498850714,116.77021463272203,90.26618322929517,-6.128120290870199,85.17854279483072,60.76946876700677,19.11274195439694,57.566092192345835
