obj_vals,opt_results,opt_runtime,param_1,param_2,param_3,param_4,param_5,param_6,param_7
0.06790951705190659,1,414.120716135,118.58193813349168,89.17824352102092,-6.377396416054392,86.48079153055711,60.06233832872861,19.794701833634168,57.76796278878428
