obj_vals,opt_results,opt_runtime,param_1,param_2,param_3,param_4,param_5,param_6,param_7
0.06795811775328946,1,499.756350484,119.0379288283397,89.11300911171794,-6.1881921513035945,89.92759924691184,59.10701146523359,20.61104177213506,57.817476039509835
