obj_vals,opt_results,opt_runtime,param_1,param_2,param_3,param_4,param_5,param_6,param_7
0.06791013783748139,1,226.049719479,118.73806252836792,89.18524493207504,-6.1799367191554095,86.4773402575205,60.320467713746574,19.30411901420478,57.79235257435318
