obj_vals,opt_results,opt_runtime,param_1,param_2,param_3,param_4,param_5,param_6,param_7
0.06791766558472315,1,308.787093219,118.48150228146476,89.19951709969266,-6.353360344794857,85.13285011115309,60.903577872841076,19.105453640038476,57.774259649392896
