obj_vals,opt_results,opt_runtime,param_1,param_2,param_3,param_4,param_5,param_6,param_7
0.06790784203855864,1,221.67895879,119.34007971522134,88.96630535365678,-5.409390763478165,94.48463280413527,58.7643305689745,19.98289092970603,57.54731572567413
