obj_vals,opt_results,opt_runtime,param_1,param_2,param_3,param_4,param_5,param_6,param_7
0.06791902719867748,1,276.69896553,120.53729884715312,89.19018477485434,-5.892735668472424,87.19023389237604,59.55744725709344,18.76954077397808,58.31631562231436
