obj_vals,opt_results,opt_runtime,param_1,param_2,param_3,param_4,param_5,param_6,param_7
0.06790984331576029,1,197.244756211,118.65514792196002,88.96434086742192,-6.663555622386707,86.33530862775099,60.169282916671584,19.10624332352773,57.765555563569755
