obj_vals,opt_results,opt_runtime,param_1,param_2,param_3,param_4,param_5,param_6,param_7
0.06791016255687983,1,268.688005683,117.93703365605917,89.50092920349084,-6.385360454990841,86.51186748810187,59.73511447694852,18.82435131650783,57.69205446840949
