obj_vals,opt_results,opt_runtime,param_1,param_2,param_3,param_4,param_5,param_6,param_7
0.0679144885921612,1,219.058310841,117.29355490933948,89.77086207434314,-6.498547850001079,85.95506803235683,60.544448865662254,19.91366991546144,57.61310012978525
