obj_vals,opt_results,opt_runtime,param_1,param_2,param_3,param_4,param_5,param_6,param_7
0.06795811958899264,1,738.406954793,119.13388130631654,89.0754237268187,-6.173073695917108,89.93883168927188,59.11217717292555,20.61374237408528,57.83156813340407
