obj_vals,opt_results,opt_runtime,param_1,param_2,param_3,param_4,param_5,param_6,param_7
0.06792510666107539,1,306.89666531,114.1405170610284,91.19818269392154,-6.78682918434644,85.69009226650151,59.59092656223899,19.52838534039641,57.15798744078364
