obj_vals,opt_results,opt_runtime,param_1,param_2,param_3,param_4,param_5,param_6,param_7
0.06790950148162977,1,324.245286956,118.48567027942387,89.13356294443845,-6.454998244061973,87.6685776736001,60.62327412189302,18.940337437801535,57.730679563391675
