obj_vals,opt_results,opt_runtime,param_1,param_2,param_3,param_4,param_5,param_6,param_7
0.0679132923376693,1,381.04073879,116.06309779871563,90.05236346616067,-6.919744742503389,86.70250120336306,59.831632485599265,18.95639522331728,57.37835693650275
