obj_vals,opt_results,opt_runtime,param_1,param_2,param_3,param_4,param_5,param_6,param_7
0.06793159322999166,1,200.830377584,122.60816419537689,86.42940460310463,-7.057305282251904,90.75290380699593,57.12661102261817,19.811609554303363,58.10077781843296
