obj_vals,opt_results,opt_runtime,param_1,param_2,param_3,param_4,param_5,param_6,param_7
0.06795812226666761,1,419.930419988,119.04269036766367,89.1127443095939,-6.183553339351294,89.97472986412852,59.104268976983796,20.621353220056417,57.816483381770915
