obj_vals,opt_results,opt_runtime,param_1,param_2,param_3,param_4,param_5,param_6,param_7
0.06803933341233057,1,308.938608746,120.14831386024923,86.75280025571887,-8.52738996450005,85.52911435969285,59.614947152369396,16.455407769244935,57.76697442020933
