{
    "fe_w2": 0.0,
    "delta": 0.9,
    "mu": 54.020497973487906,
    "fe_late": 0.0,
    "fe_w1": 0.0,
    "fe_w3": 0.0,
    "beta_e": 513.4948221792533,
    "prob_respond_alpha": 1.0,
    "gamma_01_factor": 1.0,
    "fe_w4": 0.0,
    "sigma_dt": 20.936208957384867,
    "alpha": 490.4119123558412,
    "fe_early": -11.968573721292902,
    "beta_l": 324.20799181254483,
    "gamma": 87.20372022356617,
    "prop_to_wage": 0.0
}
