run,obj_vals,opt_converged,opt_runtime,is_best_vec,param_1,param_2,param_3,param_4,param_5,param_6,param_7
1,0.08044830166268277,1,259.553559562,0,143.64751675808728,93.23110216457006,-10.585344815385596,102.21031289146742,62.05203462714223,27.843112363057113,59.7797917896807
2,0.0804204282083816,1,255.530634007,1,143.9086230860284,92.67878221812033,-10.843070844126736,107.65865708582645,63.22003203099284,19.751932608198523,59.77510739062422
