run,obj_vals,opt_converged,opt_runtime,is_best_vec,param_1,param_2,param_3,param_4,param_5,param_6,param_7
1,0.07858139714201628,1,300.429553802,0,90.59210229718636,88.69239027651216,4.929390120581595,93.06248535435516,61.419789437336064,8.303560820434658,49.71295414457917
2,0.07856225164519982,1,279.534723113,1,92.81786167811612,87.97202568778106,5.397930126478479,92.37722263378487,60.956579703459134,8.176289361451282,50.00536539580991
