run,obj_vals,opt_converged,opt_runtime,is_best_vec,param_1,param_2,param_3,param_4,param_5,param_6,param_7
1,0.0787779605067819,1,397.268797937,1,87.1807463313915,98.0389583739358,5.7211409222927925,127.1663916232769,63.25293521396858,5.868869704036037,59.081494301808775
2,0.07878024151954582,1,458.769341791,0,85.59080755529718,98.85111065144345,5.526245879405094,126.15981994361728,62.783411981214094,5.562174434979419,58.89821998702243
