run,obj_vals,opt_converged,opt_runtime,is_best_vec,param_1,param_2,param_3,param_4,param_5,param_6,param_7
1,0.07810316830554326,1,555.651214839,0,272.2327577229718,17.887130585809984,-5.2542490270121505,113.68645991611584,49.618390857960506,116.22140294043271,62.966331655478996
2,0.07810316765360094,1,676.56460797,1,272.390355066494,17.863698678976583,-5.273054910152827,113.68307852454704,49.62469280625806,116.23385066325396,62.9827232885575
