run,obj_vals,opt_converged,opt_runtime,is_best_vec,param_1,param_2,param_3,param_4,param_5,param_6,param_7
1,0.07802092076397296,1,647.727309378,0,299.1905378286175,20.566053827432327,-4.340370376085588,107.57920289267548,48.798360628148494,81.94815340184736,61.860123515363284
2,0.0780209112783614,1,408.721543891,1,298.4561086266008,20.659351215061072,-4.276172297334517,107.5198630277485,48.78993654634845,81.64792202082248,61.782267187079896
