run,obj_vals,opt_converged,opt_runtime,is_best_vec,param_1,param_2,param_3,param_4,param_5,param_6,param_7
1,0.0005251516027541423,1,353.567635202,0,49.34171061521766,132.6871431295995,-0.39317903820546934,99.58880256952463,103.41112327269727,20.882293416156557,50.60449518483456
2,0.00045961882865150735,1,255.141546854,1,49.20794850018413,132.7243997419234,-0.42301539384209763,98.45866558365013,105.96396545954069,20.936751800465498,50.55145256222736
3,0.0005032529265738056,1,308.201363086,0,49.34562450867363,132.67990142937902,-0.3985306698690679,99.22933936818957,104.10703293839225,20.9283806638832,50.605174103537834
4,0.0005252745622976401,1,306.357938429,0,49.39710253514646,132.66153825005657,-0.38895921131030387,99.5447069437088,103.65360765383996,20.91430116768552,50.62482540951963
