run,obj_vals,opt_converged,opt_runtime,is_best_vec,param_1,param_2,param_3,param_4,param_5,param_6,param_7
1,0.0005131183120717826,1,446.170901563,1,49.24929306555858,132.74011649512045,-0.4352755508111662,100.26633116703822,104.35462356708877,20.88262626781023,50.601657099719915
2,0.000522321257689353,1,349.690409719,0,49.310574069857594,132.73888235713068,-0.4226878434174941,100.45683501038023,103.46614224915997,20.853834880967703,50.63175045572142
3,0.0007609997602885818,1,439.03859889,0,50.13263526604514,132.60834520656752,-0.28091115671357886,103.63534172043404,93.74394178026806,20.528124539623402,50.99862718162646
4,0.0005144004580975078,1,330.017957348,0,49.254191113785325,132.74057111483756,-0.4340101162220838,100.2590239018229,104.45273253334953,20.942739036637846,50.60535139638109
