run,obj_vals,opt_converged,opt_runtime,is_best_vec,param_1,param_2,param_3,param_4,param_5,param_6,param_7
1,0.08896287385836336,1,172.081224426,1,68.2734575626288,58.41066799278308,-30.66598918652027,183.63853958202648,48.84430769214258,38.17655966271078,30.382621054313475
2,0.08901507455046445,1,190.858855744,0,68.99611008711115,59.16663668161117,-30.12465251166547,144.86418555217185,51.123406191675535,38.54548241668213,30.99280226331423
