run,obj_vals,opt_converged,opt_runtime,is_best_vec,param_1,param_2,param_3,param_4,param_5,param_6,param_7
1,0.08389515089853773,1,274.834307745,0,96.78656059099463,70.19236933931342,-10.43705398899293,84.04084648248039,33.1228773734949,24.93064455977451,36.61741744802306
2,0.08319771061992749,0,7237.673507268,1,97.42907417725762,72.98644918821392,-7.9343094272892785,73.16912398931399,38.36621625745054,22.9285994492685,36.95050719271677
