{
    "fe_w2": 0.0,
    "delta": 0.9,
    "mu": 24.544691320034165,
    "fe_late": 0.0,
    "fe_w1": 0.0,
    "fe_w3": 0.0,
    "beta_e": 414.10962377598935,
    "prob_respond_alpha": 1.0,
    "gamma_01_factor": 1.0,
    "fe_w4": 0.0,
    "sigma_dt": 27.55936706346108,
    "alpha": 113.2115600578858,
    "fe_early": 1.8141297491013018,
    "beta_l": 928.3097630663765,
    "gamma": 114.55803529016497,
    "prop_to_wage": 0.0
}
