{
    "fe_w2": 0.0,
    "delta": 0.9,
    "mu": 49.68525941582274,
    "fe_late": 0.0,
    "fe_w1": 0.0,
    "fe_w3": 0.0,
    "beta_e": 380.65295516521456,
    "prob_respond_alpha": 1.0,
    "gamma_01_factor": 1.0,
    "fe_w4": 0.0,
    "sigma_dt": 14.745578149326201,
    "alpha": 522.504323903313,
    "fe_early": -17.168048273588596,
    "beta_l": 518.4696836122716,
    "gamma": 71.15515495444319,
    "prop_to_wage": 0.0
}
