run,obj_vals,opt_converged,opt_runtime,is_best_vec,param_1,param_2,param_3,param_4,param_5,param_6,param_7
1,0.08180197432539504,1,252.618175506,0,138.18300820431205,55.978918989997055,-25.775877548773668,73.88072292970827,225.22058140039536,31.643838665343356,55.907357941465946
2,0.08176589742585569,1,1006.700136732,1,139.16754103887175,55.742414033805325,-25.5373596823337,75.73646711357208,186.11365176175477,29.700796491305926,55.902339779273824
