run,obj_vals,opt_converged,opt_runtime,is_best_vec,param_1,param_2,param_3,param_4,param_5,param_6,param_7
1,0.08566483289763091,1,384.315930897,1,219.042812342873,60.326162264095956,0.08527354417405586,122.25824042813714,65.918038273302,27.84287734086601,50.83717640749354
2,0.08581270207113911,1,219.58118633,0,222.15178593880793,59.92965846586233,2.956226136805158,207.66263650976995,56.08894257859497,43.22028398525858,51.12093725714064
