{
    "fe_w2": 0.0,
    "delta": 0.9,
    "mu": 55.13701051097358,
    "fe_late": 0.0,
    "fe_w1": 0.0,
    "fe_w3": 0.0,
    "beta_e": 1645.9037790486263,
    "prob_respond_alpha": 1.0,
    "gamma_01_factor": 1.0,
    "fe_w4": 0.0,
    "sigma_dt": 6.374677056913677,
    "alpha": 917.7631904243673,
    "fe_early": 19.918523191511564,
    "beta_l": 350.4744987453428,
    "gamma": 59.99426159677883,
    "prop_to_wage": 0.0
}
