run,obj_vals,opt_converged,opt_runtime,is_best_vec,param_1,param_2,param_3,param_4,param_5,param_6,param_7
1,0.08037456897823128,1,364.067202145,1,78.65771684811193,80.71657868050096,-0.6168056953479463,208.67124670027962,175.17095479674262,221.45288007108624,48.3819860596619
2,0.0803915413712324,1,226.019665705,0,78.78990986940529,80.8392848781749,-0.20197989036365396,207.59301642742568,177.3741455959054,252.858618854996,48.752325878773995
