run,obj_vals,opt_converged,opt_runtime,is_best_vec,param_1,param_2,param_3,param_4,param_5,param_6,param_7
1,0.0786087695961843,1,771.170496884,1,124.26226235052762,72.0238191163563,17.82588012438491,65.85940239613296,51.03731705225702,49.60782315250941,49.9973822535244
2,0.0786087698074229,1,801.762785346,0,124.24048630129784,72.03166025415017,17.824438135528844,65.86077781934543,51.06770378353099,49.637437395356486,49.99505160369885
