run,obj_vals,opt_converged,opt_runtime,is_best_vec,param_1,param_2,param_3,param_4,param_5,param_6,param_7
1,0.07859230287758724,0,3642.79282021,1,120.93142140259128,72.28493399926528,12.903847714041456,65.55364617348303,47.4614275143589,43.16083732159956,45.75897077834278
2,0.07859231143555485,0,3624.92087378,0,120.78408838944587,72.34586982504891,12.8830115565582,65.61101893688023,47.42508185553982,43.12725084324843,45.73829718243405
