run,obj_vals,opt_converged,opt_runtime,is_best_vec,param_1,param_2,param_3,param_4,param_5
1,0.07536463116635986,1,57.90788988,1,300.7540201076387,122.52004761092579,75.39318959831203,23.55649910153329,73.3550906526452
2,0.07536465882933839,1,2006.210797907,0,300.7433155082859,122.6953916436025,75.39651375385353,23.56292617154454,73.34657575881663
