run,obj_vals,opt_converged,opt_runtime,is_best_vec,param_1,param_2,param_3,param_4,param_5,param_6,param_7
1,0.0873512373948596,1,443.235753922,0,84.9473048464951,68.8754477932306,-3.0307376699589987,187.32811337612685,60.60756674198243,102.34577558394703,38.23219482589534
2,0.08734562951993308,1,479.921303049,1,84.38249771229692,69.33104668218932,-2.8438810215817267,186.63416692916735,60.348633271549105,104.30897775280232,38.25286557351167
