run,obj_vals,opt_converged,opt_runtime,is_best_vec,param_1,param_2,param_3,param_4,param_5,param_6,param_7
1,0.08342374313249441,1,1028.475468903,1,17.765551952234013,106.99959084051878,3.601523897613942,47.49913187145552,42.13019599560997,16.703908003472574,21.071766205990386
2,0.08342374415051924,1,730.057435805,0,17.765953176085908,107.00647089417568,3.601503963170904,47.495447917456545,42.12798094881362,16.706025522667026,21.074218275390365
