run,obj_vals,opt_converged,opt_runtime,is_best_vec,param_1,param_2,param_3,param_4,param_5,param_6,param_7
1,0.0842810608257453,0,7233.757275141,1,20.03401423737212,111.53865458278527,4.188677813513439,45.55553522943004,40.765490994861175,15.6897786636547,24.92530390628587
2,0.08428343392707384,0,7231.380715516,0,20.052827862342458,111.68361298037635,4.194426168472261,44.95444683121078,41.012852292950384,15.74287591233666,24.979202145111394
