run,obj_vals,opt_converged,opt_runtime,is_best_vec,param_1,param_2,param_3,param_4,param_5,param_6,param_7
1,0.07155164464684688,1,435.31338633,0,152.37370645288377,5.426639306988519,1.6139096103422328,36.49154072128524,25.074107916992165,23.16894973797728,105.58344691129916
2,0.07155169725447447,1,317.817696315,0,152.61416320693152,5.2409894662066305,1.6211118689653163,36.46939268417367,25.07750283604477,23.103518131768542,105.58668684680934
3,0.07155202633063681,1,450.477380278,0,151.65979202914338,5.735134039872154,1.5229700073231858,36.42387487208542,25.050095625110433,23.17687637552884,105.47687766224722
4,0.07155154115270311,1,471.422092151,1,152.24263621766426,5.4540234218018995,1.5931325146205315,36.447012759629175,25.055398827380124,23.162111723150634,105.5543377248482
