run,obj_vals,opt_converged,opt_runtime,is_best_vec,param_1,param_2,param_3,param_4,param_5,param_6,param_7
1,0.08523894619420051,1,387.512514144,0,126.20947541577958,80.77028146756274,9.41252300452814,64.71843877382807,52.08167570865655,21.225016097556995,43.868813576492876
2,0.0852389431402054,1,334.396486728,1,126.07434228172261,80.8189043970278,9.399539883986343,64.72204515067432,52.08489069144344,21.211232418321103,43.84907019573056
