run,obj_vals,opt_converged,opt_runtime,is_best_vec,param_1,param_2,param_3,param_4,param_5,param_6,param_7
1,0.08497613585754173,0,3636.188184652,0,118.06369474945109,94.75611930507947,12.527216311466036,64.856442186167,53.525579888359935,20.69057906279548,48.15153525027511
2,0.08497347854592452,1,275.017696987,1,115.70724761924903,95.84920754621918,12.339257042032672,64.58096273427859,53.4809093362736,20.663272139349832,47.72066067842171
