run,obj_vals,opt_converged,opt_runtime,is_best_vec,param_1,param_2,param_3,param_4,param_5,param_6,param_7
1,0.08957939154115047,1,245.605237065,1,75.1651242453819,121.42147169442515,-1.9142367563514417,50.85471067318681,52.765519237066975,24.508222313344397,37.93719071776235
2,0.08958096393123033,1,179.876018678,0,75.41631332113361,121.30947866463475,-1.856276329889068,50.98007908601765,52.48657881518059,25.17545601150134,37.981958778434425
