run,obj_vals,opt_converged,opt_runtime,is_best_vec,param_1,param_2,param_3,param_4,param_5,param_6,param_7
1,0.0015413382059995154,1,230.00109506,1,157.8004882186395,124.45491968400276,-0.028318457408020224,45.39496058512967,46.621617900354444,11.271127262173167,58.341912050736866
2,0.001541338222846245,1,231.610972076,0,157.79778107640277,124.4552076814357,-0.028392366361338975,45.39471998373039,46.62143542015613,11.271157205125245,58.341413894267696
3,0.0015413382373573269,1,196.578125499,0,157.80074643362525,124.4548512984809,-0.02832463858011659,45.39505754563622,46.62155091176096,11.271193253852203,58.341942751261136
4,0.0015413382105925327,1,251.404591673,0,157.80067087382136,124.45486884035668,-0.028323630487521765,45.39503488133384,46.62155611597692,11.271191516331326,58.3419331687235
