obj_vals,opt_results,opt_runtime,param_1,param_2,param_3,param_4,param_5,param_6,param_7
0.06675423638321688,1,161.692724945,99.00020059500042,84.99102188716994,-1.9172682315281047,89.92386503651234,57.966299857948506,21.049758038639037,56.9667688243997
