obj_vals,opt_results,opt_runtime,param_1,param_2,param_3,param_4,param_5,param_6,param_7
0.06681670963660075,1,464.316746231,99.61476114978498,84.58098971741973,-2.253492064251872,89.2862522351169,58.28857253581532,20.07949020088668,57.08866373577334
