obj_vals,opt_results,opt_runtime,param_1,param_2,param_3,param_4,param_5,param_6,param_7
0.06676689214078009,1,381.647270736,98.6788575498079,84.75554828780038,-1.296667092700794,91.64109605920476,58.160247158422465,21.1978891102026,56.372495715302236
