obj_vals,opt_results,opt_runtime,param_1,param_2,param_3,param_4,param_5,param_6,param_7
0.06674938613369169,1,192.996303636,99.44358886882071,84.771113542988,-2.068281676971938,91.91675958476621,57.54291861452338,20.061725718976064,57.076335427777444
