obj_vals,opt_results,opt_runtime,param_1,param_2,param_3,param_4,param_5,param_6,param_7
0.06677731752636311,1,211.206759939,99.66975010777357,84.50747745470008,-2.2512430643432486,85.65027845214225,60.49243893291459,19.425356259797162,57.11938599281096
