obj_vals,opt_results,opt_runtime,param_1,param_2,param_3,param_4,param_5,param_6,param_7
0.06677500227098872,1,143.021690975,98.69672801314482,84.47435680837759,-3.1038829704164304,85.09930839431657,59.6160359383385,19.172552344493567,56.87455095878107
