obj_vals,opt_results,opt_runtime,param_1,param_2,param_3,param_4,param_5,param_6,param_7
0.06681670937487637,1,580.456756162,99.62060574668283,84.57912892505148,-2.2523919144750444,89.29641510971491,58.29106636598034,20.07321114008955,57.08966539303881
