obj_vals,opt_results,opt_runtime,param_1,param_2,param_3,param_4,param_5,param_6,param_7
0.06677408258356837,1,211.769766373,98.71220651760581,84.80330153057892,-2.4887811714267984,85.59937259133406,59.00123991584807,18.848289807072693,56.9533772831047
