obj_vals,opt_results,opt_runtime,param_1,param_2,param_3,param_4,param_5,param_6,param_7
0.0667640731409104,1,256.156446603,100.54247848492246,84.28957114101833,-1.8138971557108408,90.6075388783266,57.94489301202618,21.938634885212995,57.146908033020075
