obj_vals,opt_results,opt_runtime,param_1,param_2,param_3,param_4,param_5,param_6,param_7
0.06678047826703581,1,360.46222204,100.05492562268404,84.18609780583276,-1.333690254974077,94.6846875254169,59.8218717989915,21.391184532811476,56.81724905422065
