obj_vals,opt_results,opt_runtime,param_1,param_2,param_3,param_4,param_5,param_6,param_7
0.06676107808554088,1,212.08795564,95.51224506878769,86.1498774885924,-2.042645579992749,90.34891055043167,57.233280826034836,19.516605819021883,56.22334448350771
