obj_vals,opt_results,opt_runtime,param_1,param_2,param_3,param_4,param_5,param_6,param_7
0.06677301968225097,1,143.607315045,103.95527938959596,84.0169610713301,-1.0311606901121884,89.47080685997328,57.019617345124615,20.208126288681804,57.84420123675418
