obj_vals,opt_results,opt_runtime,param_1,param_2,param_3,param_4,param_5,param_6,param_7
0.06677526486320626,1,230.251210337,99.22748272208368,84.58851521947851,-2.443841272042234,84.68802975792737,59.90260068172813,19.00883767474075,57.03980024328725
