obj_vals,opt_results,opt_runtime,param_1,param_2,param_3,param_4,param_5,param_6,param_7
0.06674724204471158,1,169.632509378,98.74488459922546,84.93138125592243,-1.934884371060177,91.94782444588814,58.141453838191545,20.021737773691164,56.88557321175357
