obj_vals,opt_results,opt_runtime,param_1,param_2,param_3,param_4,param_5,param_6,param_7
0.06677773776506266,1,360.043098773,101.72058030921566,83.83013445006654,-1.839685847600133,85.40531365131746,59.1399033696191,18.692170868728596,57.362542705374146
