obj_vals,opt_results,opt_runtime,param_1,param_2,param_3,param_4,param_5,param_6,param_7
0.06681709159085665,1,256.413234396,92.16225782469746,87.84824318585011,-2.417372101268517,80.84247092596681,60.47994607569898,20.52390226609173,55.967642344031105
