obj_vals,opt_results,opt_runtime,param_1,param_2,param_3,param_4,param_5,param_6,param_7
0.06677425899862795,1,185.945890922,99.14768607559688,84.6453324058895,-2.400060339511989,84.51288862018963,59.647253955179295,18.783433691254707,57.03306780919832
