obj_vals,opt_results,opt_runtime,param_1,param_2,param_3,param_4,param_5,param_6,param_7
0.06676441616252318,1,191.366481938,99.4142153599853,84.64227715496395,-2.062879024244662,90.50094767145885,57.933913333160675,21.98138744830616,56.99583963881545
