obj_vals,opt_results,opt_runtime,param_1,param_2,param_3,param_4,param_5,param_6,param_7
0.06686591016537294,1,209.635363683,99.35163934646451,84.76699144027339,-2.0722749924647235,86.16916654411524,59.897335948635295,16.46541694878902,57.079230588540725
