obj_vals,opt_results,opt_runtime,param_1,param_2,param_3,param_4,param_5,param_6,param_7
0.06681827290618636,1,186.951947547,99.64303570197674,84.49435426950937,-2.4060114711979073,88.5887333458428,58.60904783035348,19.68427557204634,57.0973743651396
