obj_vals,opt_results,opt_runtime,param_1,param_2,param_3,param_4,param_5,param_6,param_7
0.06681670937434775,1,598.14228093,99.62109981808875,84.57890941269685,-2.252439867520586,89.29610869901829,58.29106570947045,20.073103223758743,57.089770253794704
