obj_vals,opt_results,opt_runtime,param_1,param_2,param_3,param_4,param_5,param_6,param_7
0.06681670950436167,1,570.430926925,99.62890981069962,84.57600505361329,-2.251382488285516,89.29345893551017,58.29176477212232,20.078902199684396,57.09095668884913
