obj_vals,opt_results,opt_runtime,param_1,param_2,param_3,param_4,param_5,param_6,param_7
0.0667488887510065,1,235.979586972,99.33456899545652,84.72659327097087,-2.202032537003959,90.6529836615522,57.89253490594963,20.43669750365697,57.02504897715127
