obj_vals,opt_results,opt_runtime,param_1,param_2,param_3,param_4,param_5,param_6,param_7
0.06680110369085489,1,115.965971279,96.17777667604051,85.9096505942755,-2.684792261722833,86.0522005985708,55.37315827248983,20.07678695691172,56.39441507018836
