obj_vals,opt_results,opt_runtime,param_1,param_2,param_3,param_4,param_5,param_6,param_7
0.06681670937666352,1,490.158550933,99.62317869979198,84.57807083882876,-2.2523207049958898,89.29550862675984,58.29124064804964,20.073430281752326,57.09009506070157
