obj_vals,opt_results,opt_runtime,param_1,param_2,param_3,param_4,param_5,param_6,param_7
0.06681670126213665,1,332.567530255,99.61861871999183,84.58027702964536,-2.2517385637796763,89.29224074154969,58.287688316581196,20.08052377507392,57.089344148936235
