obj_vals,opt_results,opt_runtime,param_1,param_2,param_3,param_4,param_5,param_6,param_7
0.06674963821563866,1,232.772274628,99.63359521010115,84.70961030077032,-2.041727844122836,91.12120908873926,57.22237592134099,19.99710121371786,57.10292390497183
