obj_vals,opt_results,opt_runtime,param_1,param_2,param_3,param_4,param_5,param_6,param_7
0.06677351900126888,1,400.209122885,99.4314421761828,84.68567010962147,-2.1415604576493807,85.74362438444732,59.58976856844879,19.537359172510513,57.06148036008417
