obj_vals,opt_results,opt_runtime,param_1,param_2,param_3,param_4,param_5,param_6,param_7
0.06675432000993231,1,321.313543697,100.28395154724343,84.20614061959665,-1.8599990383755256,92.59145789277724,57.39013174483613,19.88105851518818,56.952197195936535
