obj_vals,opt_results,opt_runtime,param_1,param_2,param_3,param_4,param_5,param_6,param_7
0.06677992700584941,1,280.908590683,98.06971857598418,85.22115459744742,-2.3720674090651697,85.2142176328635,59.49794525535951,17.59679930524446,56.9155310082152
