obj_vals,opt_results,opt_runtime,param_1,param_2,param_3,param_4,param_5,param_6,param_7
0.06679207761829346,1,247.626807285,94.86024750815312,86.3732264804613,-2.142964028827213,88.45537198276386,55.73743853007516,19.536007064011525,56.45306292844481
