obj_vals,opt_results,opt_runtime,param_1,param_2,param_3,param_4,param_5,param_6,param_7
0.06681759732396231,1,582.069350892,99.44897220377418,84.66499787958213,-2.24668126516186,90.42809415302771,58.01574057180242,19.970907409222548,57.06090942486411
