obj_vals,opt_results,opt_runtime,param_1,param_2,param_3,param_4,param_5,param_6,param_7
0.06677935586684154,1,321.396457656,99.34213055708383,84.96692429969431,-1.4069915955156362,89.53722803070625,55.6542886305872,19.44617578217019,56.88697990882862
