obj_vals,opt_results,opt_runtime,param_1,param_2,param_3,param_4,param_5,param_6,param_7
0.0667748478212871,1,290.398341562,98.12745727196851,85.12248098033143,-2.298603093808739,85.17178339938178,59.82911380570821,19.270704180665575,56.85320448077454
