obj_vals,opt_results,opt_runtime,param_1,param_2,param_3,param_4,param_5,param_6,param_7
0.06677458588251958,1,197.812620261,100.67205266286169,83.97751017805496,-2.4864479919994453,84.5602496484632,59.18639674102625,18.784865859083613,57.239540723293246
