obj_vals,opt_results,opt_runtime,param_1,param_2,param_3,param_4,param_5,param_6,param_7
0.06677882371295049,1,471.085105605,98.66463898396883,84.76101372810393,-2.5330782862161567,84.25001713841266,60.06222211605498,18.847745456978238,56.963709638023985
