obj_vals,opt_results,opt_runtime,param_1,param_2,param_3,param_4,param_5,param_6,param_7
0.06686753556274028,1,514.317257908,90.72038346361919,87.91416810147399,-3.6568251763282595,80.99363335042274,57.50239348286547,18.093377786611864,55.71997024806166
