obj_vals,opt_results,opt_runtime,param_1,param_2,param_3,param_4,param_5,param_6,param_7
0.0668167093742551,1,595.604083686,99.62153647611005,84.57875280484674,-2.2523740313510814,89.29649403328939,58.29114617343162,20.073290465115015,57.08983119229592
