obj_vals,opt_results,opt_runtime,param_1,param_2,param_3,param_4,param_5,param_6,param_7
0.0667913300238634,1,191.907505845,96.342527569556,84.91448135525643,-3.5135956491802816,83.57818090721531,58.59272698785131,18.94373848405167,56.18066466818812
