obj_vals,opt_results,opt_runtime,param_1,param_2,param_3,param_4,param_5,param_6,param_7
0.06682034841048042,1,287.99974255,100.03225023851051,84.07588102756694,-1.5235691416895853,90.4469506795905,55.42994571142804,17.038381813844467,56.52811042610736
