obj_vals,opt_results,opt_runtime,param_1,param_2,param_3,param_4,param_5,param_6,param_7
0.06677269896954179,1,189.084547666,99.93376796206648,84.40974183297953,-2.247640699349403,86.22377537411899,60.120766829912746,18.976766522040435,57.17640704615238
