obj_vals,opt_results,opt_runtime,param_1,param_2,param_3,param_4,param_5,param_6,param_7
0.0667789844108828,1,522.150586989,96.53514102494475,85.83852095064539,-2.4038289206176287,84.64606511201383,59.28042592311516,18.463759023394342,56.61282371583695
