obj_vals,opt_results,opt_runtime,param_1,param_2,param_3,param_4,param_5,param_6,param_7
0.06677243323128122,1,213.235355332,99.39877718959056,84.57585133604395,-2.3450131360103614,84.9754574140245,59.6300354926406,19.025327606126176,57.06181250701419
