obj_vals,opt_results,opt_runtime,param_1,param_2,param_3,param_4,param_5,param_6,param_7
0.06681670937379548,1,694.649537119,99.62161865773743,84.57862162606371,-2.2525445711091536,89.29598260606153,58.29105735914498,20.073359233680954,57.08986865373433
