obj_vals,opt_results,opt_runtime,param_1,param_2,param_3,param_4,param_5,param_6,param_7
0.06686463260533042,1,200.921914096,95.01629061363445,86.16517840850618,-2.2087901398660015,89.42852432086434,60.451125937481585,19.062541000432052,56.38054970873024
