obj_vals,opt_results,opt_runtime,param_1,param_2,param_3,param_4,param_5,param_6,param_7
0.06684399254051072,1,288.275420716,100.95585366513959,83.72442746738878,-2.7122695757350606,87.22349028564192,58.29324947478215,17.725151887625483,57.338476846521786
