obj_vals,opt_results,opt_runtime,param_1,param_2,param_3,param_4,param_5,param_6,param_7
0.06681670937509533,1,431.68726834,99.62089097580345,84.57898634749505,-2.2524234858538326,89.29599985000449,58.291482257764855,20.0733071005032,57.08973872470392
