obj_vals,opt_results,opt_runtime,param_1,param_2,param_3,param_4,param_5,param_6,param_7
0.06681671340428567,1,496.620896991,99.59629408175229,84.59321886576912,-2.2462064257096057,89.28939003066854,58.29479374217937,20.106346038689658,57.083592413310306
