obj_vals,opt_results,opt_runtime,param_1,param_2,param_3,param_4,param_5,param_6,param_7
0.06681670937425237,1,458.003285503,99.62133192236013,84.57880749477059,-2.252436067603796,89.29620435740031,58.29098278352417,20.073254444515413,57.08979875770918
