obj_vals,opt_results,opt_runtime,param_1,param_2,param_3,param_4,param_5,param_6,param_7
0.0667595548865908,1,207.402431437,100.78023748372519,84.27797786735518,-1.8887345956551587,91.52140460238763,56.81706469194669,20.38217761288369,57.190353289525966
