obj_vals,opt_results,opt_runtime,param_1,param_2,param_3,param_4,param_5,param_6,param_7
0.06681670938136085,1,431.479476745,99.6242107409522,84.57767859753324,-2.2522527492030786,89.29553815378102,58.290842808014446,20.073206065059395,57.090266050046964
