obj_vals,opt_results,opt_runtime,param_1,param_2,param_3,param_4,param_5,param_6,param_7
0.06676327497520639,1,437.63143849,99.74065902712233,84.26782712203652,-1.279128772730338,91.46487847279131,57.150715795130004,19.173375142382955,56.45051306877112
