obj_vals,opt_results,opt_runtime,param_1,param_2,param_3,param_4,param_5,param_6,param_7
0.06684656299951523,1,245.840554641,101.28802251850047,83.6016082938132,-2.050208153567293,88.099865363967,57.89085958364699,18.030153566575194,56.878344109621864
