obj_vals,opt_results,opt_runtime,param_1,param_2,param_3,param_4,param_5,param_6,param_7
0.06677239610557438,1,388.460862514,99.02529359532491,84.68788077961104,-2.365305121591112,84.85346116609148,59.587864877716584,18.85414280342946,56.999555615742864
