obj_vals,opt_results,opt_runtime,param_1,param_2,param_3,param_4,param_5,param_6,param_7
0.06681670937421655,1,572.517915522,99.62150325366491,84.57874222501368,-2.2524138023479865,89.29608935840025,58.2911532886399,20.073271860319423,57.08982860031369
