obj_vals,opt_results,opt_runtime,param_1,param_2,param_3,param_4,param_5,param_6,param_7
0.0668184463689206,1,354.145252718,99.4891446697964,84.55444147143186,-2.3940817912613745,88.52184423723801,58.04330884326787,19.467609427409304,57.06327272241693
