obj_vals,opt_results,opt_runtime,param_1,param_2,param_3,param_4,param_5,param_6,param_7
0.06677967735129485,1,328.674688724,97.32618637258078,85.76099779345915,-2.000190076999178,85.09188350015675,59.95067466373691,18.688022406754463,56.78726354445623
