obj_vals,opt_results,opt_runtime,param_1,param_2,param_3,param_4,param_5,param_6,param_7
0.06678807956695951,1,337.112338205,99.6276914766266,84.40559088568575,-2.127289854985641,86.46280272582037,61.4907152024663,19.542716744985995,57.093712533969914
