obj_vals,opt_results,opt_runtime,param_1,param_2,param_3,param_4,param_5,param_6,param_7
0.06686482486987527,1,111.670585499,95.13317145831817,86.91986816742988,-1.4947073295057196,87.80121046702388,58.31468077984957,18.527823924053877,56.553182984809624
