obj_vals,opt_results,opt_runtime,param_1,param_2,param_3,param_4,param_5,param_6,param_7
0.06678523827548061,1,648.118696014,96.07891129718001,85.25097647438638,-3.170728974128436,86.56568946847992,60.63955871194385,19.075170569764055,56.51411087866203
