obj_vals,opt_results,opt_runtime,param_1,param_2,param_3,param_4,param_5,param_6,param_7
0.06691059406954682,1,121.944972321,90.21533013553501,87.2751217526366,-4.337209095245759,87.07886906178597,58.260218721974994,18.167968041915234,55.48882214920267
