obj_vals,opt_results,opt_runtime,param_1,param_2,param_3,param_4,param_5,param_6,param_7
0.06675669120657574,1,209.8336655,100.84229487694378,84.16733078557017,-1.5003794164424804,91.33247118521612,57.47938217135122,20.74566814774521,57.02930623276508
