obj_vals,opt_results,opt_runtime,param_1,param_2,param_3,param_4,param_5,param_6,param_7
0.06687421839920901,1,168.294129223,106.78162333875966,81.89382238004639,-1.83299059108037,88.26029243561324,59.65772764055496,18.68926938950071,58.31206134968701
