run,obj_vals,opt_converged,opt_runtime,is_best_vec,param_1,param_2,param_3,param_4,param_5,param_6,param_7
1,0.08102749106017694,1,503.369692459,0,106.07590635306447,31.27756065437384,16.26917648732676,61.31363483457145,45.775552059430375,11.623121867898895,24.806560154083577
2,0.08088327798231834,1,262.96376675,1,88.08965440609897,34.416895408553366,10.212585064053641,62.97047985472263,46.112273607907014,8.149739852284393,23.9763885872611
