{
    "fe_w2": 0.0,
    "delta": 0.9,
    "mu": 56.69852726105195,
    "fe_late": 0.0,
    "fe_w1": 0.0,
    "fe_w3": 0.0,
    "beta_e": 868.7937155168376,
    "prob_respond_alpha": 1.0,
    "gamma_01_factor": 1.0,
    "fe_w4": 0.0,
    "sigma_dt": 10.669735141881953,
    "alpha": 637.5197700255394,
    "fe_early": 12.80840659999895,
    "beta_l": 591.6301445075032,
    "gamma": 79.6142319019416,
    "prop_to_wage": 0.0
}
