run,obj_vals,opt_converged,opt_runtime,is_best_vec,param_1,param_2,param_3,param_4,param_5,param_6,param_7
1,0.07566833703439367,1,280.825260233,0,53.247204991681386,111.47031707711747,1.579907340558245,75.46392693335166,260.72323323603985,35.5012775439461,51.49570092485389
2,0.07563755436867442,1,286.996456928,1,48.89867506853758,110.9350368612657,0.2473270612208472,84.47566571642261,283.3370602990858,37.42658258346946,49.267467057980504
