iteration,param_1,param_2,param_3,param_4,param_5,param_6,param_7
1,109.98530721083033,122.17642878128751,0.0,30.660640632246626,49.27350882462268,30.98912302521024,29.56606054297477
2,72.96530637069303,58.31070539525249,0.0,55.851964806009555,45.400515510433266,27.026440999446034,12.654226396262835
3,121.1644131330615,134.24970673851374,0.0,25.504988490667063,42.090264398483725,16.050469112248095,17.947959718022137
4,61.584869665941824,110.78460680342224,0.0,25.470312701199916,35.43077673871743,20.218577885164546,16.519429171794222
