run,obj_vals,opt_converged,opt_runtime,is_best_vec,param_1,param_2,param_3,param_4,param_5,param_6,param_7
1,0.0013993624691942138,1,216.954650892,0,84.84505262334699,26.59969588163512,0.03755727313161498,52.36418539885471,84.27250149887914,32.41567763943178,33.191985253590495
2,0.001399362641379765,1,188.129669955,0,84.84490230358901,26.59960996803534,0.03749984753798295,52.36317589039529,84.27976687916608,32.41564607974451,33.19194625728447
3,0.0013993624667482819,1,225.716293393,1,84.84507232654786,26.5997033377836,0.0375602870808389,52.364236798766996,84.27202432683727,32.41568142476991,33.19198988682265
4,0.0013993624819299165,1,221.081907671,0,84.84504567822398,26.599684637138896,0.037545188565111264,52.36397341046831,84.27379407126881,32.41567903893322,33.19198251045312
