run,obj_vals,opt_converged,opt_runtime,is_best_vec,param_1,param_2,param_3,param_4,param_5,param_6,param_7
1,0.08334359716526668,1,924.477831043,1,188.39549302120014,59.27899290508601,17.415013383880197,80.66783484885377,59.554043592982524,6.977386221076964,46.052579851624714
2,0.08481595029351642,1,3439.330672171,0,176.79978932787515,60.01659315291989,7.0839885698101765,67.84741387197086,68.97109622963012,1.0,41.956782898914774
