run,obj_vals,opt_converged,opt_runtime,is_best_vec,param_1,param_2,param_3,param_4,param_5,param_6,param_7
1,0.08412246038410517,1,213.611502088,1,247.15866866187375,44.364147123141,28.801697909458476,77.26426279740198,70.59315669706952,6.847672341566156,57.58059754027759
2,0.08523387369911974,1,3243.19840969,0,196.1666018601536,59.07950378326989,-2.4642719814378666,72.554565348474,67.73576678773868,1.0,48.55559211283231
