run,obj_vals,opt_converged,opt_runtime,is_best_vec,param_1,param_2,param_3,param_4,param_5,param_6,param_7
1,0.0915428534247837,1,568.730460416,0,149.543618330972,63.18504919219368,17.731062051959768,89.67384952482527,62.55334384609516,31.36595360930952,47.68742512864038
2,0.0915428534247835,1,539.328689587,1,149.54365383897937,63.185045734486415,17.731066278940933,89.67383057648564,62.553344136297014,31.365954237768463,47.68743212535613
