run,obj_vals,opt_converged,opt_runtime,is_best_vec,param_1,param_2,param_3,param_4,param_5,param_6,param_7
1,0.0742190133639685,1,294.07266259,1,106.7413877360509,56.13072930290446,-16.927979548103522,48.44932247125624,142.9089941178636,14.350009517530045,44.45940864921189
2,0.07429332923635151,1,398.519759916,0,107.51194376276351,56.42751351615328,-17.34657453398979,51.10205997700196,133.378172414055,15.79224786743622,44.736711528071766
