run,obj_vals,opt_converged,opt_runtime,is_best_vec,param_1,param_2,param_3,param_4,param_5,param_6,param_7
1,0.08296707151708434,1,375.568637161,0,121.77788515942194,102.0657853278803,-19.957159044132307,80.70484345234311,47.966667510734965,44.41622229512747,53.01706405464586
2,0.08296562925024935,1,405.126994599,1,119.50085339569198,102.81027819875546,-19.947099146576473,82.92014261375907,47.613312944918874,45.102846492275305,52.74640100515763
