run,obj_vals,opt_converged,opt_runtime,is_best_vec,param_1,param_2,param_3,param_4,param_5,param_6,param_7
1,0.08245287949206805,1,331.672167152,0,121.38531987668182,90.39880183213293,-21.44326448037857,164.50790670080713,47.033921023313475,68.57215293664972,57.572974860045996
2,0.08245282962152731,1,513.331489892,1,121.95159319996255,90.20131347932268,-21.378845742884838,165.38064291827334,47.29028616792439,68.95164826136507,57.6381187217962
