{
    "fe_w2": 0.0,
    "delta": 0.9,
    "mu": 32.20244551339577,
    "fe_late": 0.0,
    "fe_w1": 0.0,
    "fe_w3": 0.0,
    "beta_e": 261.4925977237336,
    "prob_respond_alpha": 1.0,
    "gamma_01_factor": 1.0,
    "fe_w4": 0.0,
    "sigma_dt": 22.624790855739327,
    "alpha": 291.511527775793,
    "fe_early": 9.080437719981763,
    "beta_l": 481.0443602051191,
    "gamma": 92.13182482940073,
    "prop_to_wage": 0.0
}
