run,obj_vals,opt_converged,opt_runtime,is_best_vec,param_1,param_2,param_3,param_4,param_5
1,0.08111630004778313,1,43.877970253,0,262.8193140791289,70.38691786585088,69.61416375851228,11.091899041578813,58.356527692649536
2,0.08111432567180704,1,38.656035972,1,263.64862055965887,70.16932987140606,70.12608356460547,10.767109748827819,59.35218603817477
