run,obj_vals,opt_converged,opt_runtime,is_best_vec,param_1,param_2,param_3,param_4,param_5,param_6,param_7
1,0.08615243463800547,1,456.339790196,1,63.68863396694279,28.652062431923184,6.455481397760414,33.98309099456549,555.7978507987543,20.426469460817643,26.56110250295238
2,0.08618847547730484,1,179.257574616,0,63.88604494289633,28.58961252726937,6.861139716801689,33.92483302072334,212.74932411356812,20.997801291785947,26.57211532448269
