run,obj_vals,opt_converged,opt_runtime,is_best_vec,param_1,param_2,param_3,param_4,param_5,param_6,param_7
1,0.07838947320011715,1,162.203721082,0,57.46181794176211,81.93509764388953,3.1102208042567008,416.27023637957944,35.74128376412798,50.816855859969536,38.080872767795306
2,0.07820808950647018,1,237.571291174,1,54.719090922968746,83.08606697952203,3.104195283829016,641.587329792394,34.95747151942846,45.263935055205366,37.48559981083496
