run,obj_vals,opt_converged,opt_runtime,is_best_vec,param_1,param_2,param_3,param_4,param_5,param_6,param_7
1,0.09337153460248267,1,403.660781992,0,160.86969430574337,70.54034745189787,-10.811421264316959,51.980681625058025,86.70927447430296,27.637932724083512,60.56652276275151
2,0.09337051504494313,1,569.320131554,1,160.21749259715259,70.80399903178966,-11.0436768880043,52.70174167999749,84.62252599379984,26.656297805081593,60.4632735887858
