{
    "fe_w2": 0.0,
    "delta": 0.9,
    "mu": 52.84339811595639,
    "fe_late": 0.0,
    "fe_w1": 0.0,
    "fe_w3": 0.0,
    "beta_e": 401.73664228354596,
    "prob_respond_alpha": 1.0,
    "gamma_01_factor": 1.0,
    "fe_w4": 0.0,
    "sigma_dt": 11.987132326915159,
    "alpha": 694.80619943327,
    "fe_early": -20.776298069192748,
    "beta_l": 455.9036383308481,
    "gamma": 57.619415825465936,
    "prop_to_wage": 0.0
}
