run,obj_vals,opt_converged,opt_runtime,is_best_vec,param_1,param_2,param_3,param_4,param_5,param_6,param_7
1,0.08788441753780361,1,742.203878477,1,500.0,1.3669604419607466,31.643722850926952,99.43756380889468,56.89303184575381,35.62024022400592,80.22769649106257
2,0.087934527113474,1,317.481086821,0,486.3054318833657,2.1130580127995446,28.00439389733602,97.88495903992822,59.17336351470382,32.28153842105609,79.32701676466081
