run,obj_vals,opt_converged,opt_runtime,is_best_vec,param_1,param_2,param_3,param_4,param_5,param_6,param_7
1,0.08666932991609995,1,1625.277841514,1,397.074698594156,0.0,28.879237399551492,83.41031529344343,68.51605385715699,39.56159277777615,80.55208844536125
2,0.08667098539995946,1,1678.902114639,0,399.0768271686612,0.0,30.029686914031064,83.89466775829567,66.76861701344419,44.67376219317426,80.57701731853317
