{
    "fe_w2": 0.0,
    "delta": 0.9,
    "mu": 43.466641692217436,
    "fe_late": 0.0,
    "fe_w1": 0.0,
    "fe_w3": 0.0,
    "beta_e": 370.73845125199864,
    "prob_respond_alpha": 1.0,
    "gamma_01_factor": 1.0,
    "fe_w4": 0.0,
    "sigma_dt": 20.15298129370297,
    "alpha": 367.46583708294907,
    "fe_early": 10.284549990968161,
    "beta_l": 341.10635800312775,
    "gamma": 107.44719808857553,
    "prop_to_wage": 0.0
}
