run,obj_vals,opt_converged,opt_runtime,is_best_vec,param_1,param_2,param_3,param_4,param_5,param_6,param_7
1,0.06435453691413179,1,425.366146421,0,20.675173992889242,154.73960052397638,-3.552898753187751,61.63930708373754,48.69147784374623,4.728867102977354,85.32614082414356
2,0.0644067739166854,1,406.965672679,0,23.862811655781105,151.16834490369237,-3.6969171875262887,60.27548568635196,49.462583913910045,4.703158475074617,89.36115460389648
3,0.06435114421726805,1,464.90452976,0,21.684564331113823,152.89083756240345,-3.466580218880731,58.53343362093643,46.62396932707699,6.972914078824646,86.34128204021394
4,0.06434586334996215,1,506.439228456,1,20.60261068932606,155.2997311387053,-3.47480886332562,59.27350648959885,47.45647009561721,6.641130971592195,85.56589976961341
