iteration,param_1,param_2,param_3,param_4,param_5,param_6,param_7
1,130.98361756625258,140.3166594969123,0.0,42.215266608685496,47.761455804952234,13.726747513479479,34.07239216757861
2,149.2470563999087,61.51595664399875,0.0,64.2686070365708,53.48055087951895,16.753980120429183,14.480289283421724
3,55.495652954190845,102.73154473027803,0.0,28.238040400260044,52.833314318509196,22.51240484822219,26.185394725754712
4,100.0370951868837,113.7415868357504,0.0,41.66954315808747,46.5241954045228,28.05542120805703,29.719748378361277
