run,obj_vals,opt_converged,opt_runtime,is_best_vec,param_1,param_2,param_3,param_4,param_5,param_6,param_7
1,0.08682690505637095,1,886.36856664,0,90.31229352551878,75.46442379753918,-8.57878957087067,149.40688976729948,47.68170665024701,48.360276017309786,38.611966246257076
2,0.0867695098998055,1,1002.226115535,1,89.03231864911312,75.7447593884749,-10.394810412081853,162.16259513644655,47.16614041163024,51.21605325479834,39.960171830195364
