run,obj_vals,opt_converged,opt_runtime,is_best_vec,param_1,param_2,param_3,param_4,param_5,param_6,param_7
1,0.07451878158356928,1,394.973234693,0,62.9553024772474,80.4811702779062,0.15805207708817332,92.59397563035888,57.36332693498984,4.881141006010533,47.80886725222077
2,0.0738526142722658,1,355.786347773,1,63.881450135601916,81.18907070842043,-0.5454198701920587,97.10595417648044,62.19678562934854,1.946466892351889,49.032890185183476
