run,obj_vals,opt_converged,opt_runtime,is_best_vec,param_1,param_2,param_3,param_4,param_5,param_6,param_7
1,0.07517280515208792,1,550.393209028,1,73.81624834967424,77.62938543637604,0.32639007371275797,89.87958547452207,52.22165186639744,11.418236275002991,47.46196158110606
2,0.07543640329312647,1,311.516747544,0,74.6634457638272,77.14963894803795,0.5521981434140502,90.42361774135607,52.825661966597316,17.363621072433013,47.4918448696496
