run,obj_vals,opt_converged,opt_runtime,is_best_vec,param_1,param_2,param_3,param_4,param_5,param_6,param_7
1,0.07665744128180546,1,596.773749213,1,77.34113258983723,91.68997064231183,-42.740532570652654,78.39045988606134,58.985287802791625,22.34324788126582,53.44533288556182
2,0.10158595841215207,0,7250.759164743,0,131.83700797958306,116.97594307626267,0.8344701167534956,53.9420389252779,72.81764599741884,29.919730806673893,13.700836593904578
