iteration,param_1,param_2,param_3,param_4,param_5,param_6,param_7
1,74.68789553736909,70.03717124156556,0.0,45.17285053868629,29.732107250422008,37.11191283837474,34.43029141621755
2,145.88392165224602,64.09359688127084,0.0,66.23994170928947,61.961813297549384,34.66675659255468,22.15196057045605
3,120.28868351697977,73.84625667843365,0.0,40.43025643203862,31.552159850163946,30.232061210629457,24.63461712991956
4,139.14425684564898,83.39791952775967,0.0,73.56918661332071,43.28059439836043,28.1519576706781,30.372757522905303
