run,obj_vals,opt_converged,opt_runtime,is_best_vec,param_1,param_2,param_3,param_4,param_5,param_6,param_7
1,0.0026421190730540845,1,1791.87858943,0,144.46027237927524,137.23086846773577,-0.3857830558624737,29.20459806130883,72.89341167731028,26.402018884776915,36.856731211074965
2,0.0026421008084239663,1,366.506256729,0,144.47325125670844,137.2354887826917,-0.39088206125654823,29.207371404816794,72.89361951512264,26.400583124771533,36.8616188031655
3,0.0026420877760875163,1,350.413953746,0,144.5182056881526,137.21182178520917,-0.390673940608847,29.21566613972653,72.84566855139475,26.394763788142406,36.86122335997108
4,0.0026420861964423664,1,492.083904532,1,144.51556844691692,137.2314768518021,-0.39166107767840136,29.215080250116973,72.84663817462533,26.395232996008556,36.86686039891916
