obj_vals,opt_results,opt_runtime,param_1,param_2,param_3,param_4,param_5,param_6,param_7
0.08770394584496435,1,678.393531784,281.69860879405593,15.815589444284349,28.449404793492942,85.39513999640297,58.372610697074556,26.32642274854627,90.64344107760746
