obj_vals,opt_results,opt_runtime,param_1,param_2,param_3,param_4,param_5,param_6,param_7
0.08759774086247477,1,354.53384164,273.6216643862712,16.41858208470882,27.501415682400218,86.93784990188728,58.540835497119076,23.544598649722015,88.9397312774587
