obj_vals,opt_results,opt_runtime,param_1,param_2,param_3,param_4,param_5,param_6,param_7
0.0875605930114716,1,397.882181161,287.4545952925512,14.76425125471173,29.326168010955424,88.20605510394753,58.94437905353816,21.919765003565885,91.11309303958356
