run,obj_vals,opt_converged,opt_runtime,is_best_vec,param_1,param_2,param_3,param_4,param_5,param_6,param_7
1,0.0008402874937842913,1,423.368032193,0,124.90071972411447,35.03383644089526,-0.3473150140330809,65.88258469787574,84.57451931119239,17.090246539519317,75.9525293117609
2,0.0008443430710363167,1,525.912300942,0,125.04169081087106,34.96696861549146,-0.34293183001099015,65.79831877896727,85.61165330494562,17.134897034680527,75.98920990721837
3,0.0008836400842893756,1,352.29006169,0,125.03629412194311,34.975931745599574,-0.3307881191155328,65.9582426630107,82.59913382876944,17.097517741529202,75.96989411279755
4,0.0008380015638082352,1,258.938693989,1,125.07475729890379,34.95278462886866,-0.3394408850887026,65.83349948587573,84.95088283923128,17.13494201151016,75.99337349063049
