run,obj_vals,opt_converged,opt_runtime,is_best_vec,param_1,param_2,param_3,param_4,param_5,param_6,param_7
1,0.0832347907028164,1,318.552320739,1,104.80197912502035,35.35614328790207,7.42620469499607,44.818251745730365,39.07766042598928,31.161163728485956,29.20115175068653
2,0.08323488930787025,1,1014.923300116,0,104.13488384000803,35.551556405044735,7.294043367907516,44.785743588670506,39.02038520390811,31.112556595807348,29.160660510954813
