run,obj_vals,opt_converged,opt_runtime,is_best_vec,param_1,param_2,param_3,param_4,param_5,param_6,param_7
1,0.07212100123947734,0,3623.816516575,0,182.31605501161772,40.40217927121884,13.888860542274802,85.44324789865392,88.46590027227828,34.60229592074811,48.06731380213314
2,0.07211603650392488,1,290.410394302,1,184.67535161339222,39.787084332786264,14.37325734371044,86.3797518587673,89.08738562338372,35.029518816901295,48.28247426366514
