run,obj_vals,opt_converged,opt_runtime,is_best_vec,param_1,param_2,param_3,param_4,param_5,param_6,param_7
1,0.08504273097443006,1,2721.694644862,0,228.72082530777212,28.754073127013676,-14.712789323888805,105.35053688045365,65.74447333213485,38.4979860235543,57.26253424550087
2,0.08504259433853116,1,526.466598081,1,228.11463589583337,28.79268622418205,-14.842446930357891,104.74344895537597,65.59285350533688,38.38907218167657,57.192569110185424
