run,obj_vals,opt_converged,opt_runtime,is_best_vec,param_1,param_2,param_3,param_4,param_5,param_6,param_7
1,0.0838568144353832,1,466.080568433,1,188.30305932269926,27.042807382218147,-4.755180227733163,108.72209722626899,86.32654509933522,33.59351917832944,57.29981165674452
2,0.08385693442504699,1,601.33425233,0,187.64989256919634,27.14469142632551,-4.692428720346584,108.52944440265468,86.2739405600254,33.566600515186934,57.23247059939055
