iteration,param_1,param_2,param_3,param_4,param_5,param_6,param_7
1,50.012225253718135,94.3953319407784,0.0,48.824041282592994,73.32088284145797,31.347899778072097,35.28675814511561
2,96.7510805586687,141.54441219679325,0.0,41.98787315608707,48.40073882296906,19.624351757281822,32.1627132679973
3,101.02347461456809,68.76873604771771,0.0,53.41835446967129,31.574619784382453,24.214944721440528,29.004994633876507
4,95.73153701511049,83.61167694548296,0.0,27.84280395414388,67.58723563329815,25.673867001078467,18.763396868777697
