run,obj_vals,opt_converged,opt_runtime,is_best_vec,param_1,param_2,param_3,param_4,param_5,param_6,param_7
1,0.0008694454123560976,1,217.18662407,0,98.14765550857108,78.98035398299044,-0.36326103171255925,97.11959298809997,68.66926721959788,33.94097625852849,18.19238491061844
2,0.0008693935015582158,1,239.980647805,1,98.11136056120348,78.98535497688965,-0.3551449395137221,97.11601823571714,68.6669956756123,33.92604920022945,18.17498007612973
3,0.0008694454124724536,1,195.445351621,0,98.14779086813496,78.98032567568687,-0.36326667971206583,97.11960318014779,68.66926621453857,33.94097021166381,18.192412187218018
4,0.000869445416148285,1,216.00476877,0,98.14755544661129,78.98037311695796,-0.36325670836865137,97.11940858864338,68.66950329706117,33.94122428434507,18.192366504947376
