run,obj_vals,opt_converged,opt_runtime,is_best_vec,param_1,param_2,param_3,param_4,param_5,param_6,param_7
1,0.0013687087914885366,1,260.092934676,0,148.43571908767964,22.471621415203753,0.14206196660659398,119.20260752544444,48.8281577968309,26.299913004500542,82.56625131942769
2,0.0013687088355996352,1,400.900887549,0,148.43825494387056,22.47051219730665,0.1421949692657239,119.19729167789885,48.828664569429684,26.298744294322933,82.5666860882342
3,0.0013687086395568779,1,246.879197828,0,148.43825333540684,22.47048341164709,0.14217508116896135,119.20180905200066,48.82839397501663,26.299635021120615,82.56669998079168
4,0.00136870494950848,1,360.988225464,1,148.4375733506933,22.471285166646535,0.14290948011163698,119.19087970329663,48.82971826466381,26.291909938971006,82.56668248142091
