run,obj_vals,opt_converged,opt_runtime,is_best_vec,param_1,param_2,param_3,param_4,param_5,param_6,param_7
1,0.07462639166173393,1,571.775097287,0,134.88843243784368,69.46162327228589,7.343305082455594,73.87475827192907,51.02599381706871,20.96112592490237,59.035618410492944
2,0.07462634494281589,1,651.070663173,1,135.06415373293126,69.42799250364415,7.387723579589873,74.02793347169674,51.05756012172656,20.96940101170418,59.05072585620746
