run,obj_vals,opt_converged,opt_runtime,is_best_vec,param_1,param_2,param_3,param_4,param_5,param_6,param_7
1,0.07552727272553514,0,3646.540989617,1,132.40568186432114,79.81613727892469,2.2413104651652445,57.72355909834259,48.97362708674758,18.738633345590173,58.659793590327894
2,0.07552741536636268,1,776.022572266,0,131.71535059407583,79.95207010054338,2.0818348050537008,57.46376808674696,48.835018718554,18.771947824008688,58.58958733939261
