run,obj_vals,opt_converged,opt_runtime,is_best_vec,param_1,param_2,param_3,param_4,param_5,param_6,param_7
1,0.09633215626309347,1,377.804001417,0,142.23952901811077,69.78763424186357,7.813325870643662,99.84836435294103,60.97396701295741,22.457927996509493,43.041968090427005
2,0.0955863432915724,1,272.096964899,1,109.77147892699234,87.46991436286471,1.1371647410739336,102.95444289093396,69.19806855531364,7.717884847925145,40.503411577667464
