run,obj_vals,opt_converged,opt_runtime,is_best_vec,param_1,param_2,param_3,param_4,param_5,param_6,param_7
1,0.09518946775394646,1,228.746552295,0,138.81717610025902,81.9205119098277,6.854299672257016,145.4571272811694,72.97146708573572,22.98870494509838,50.33108290713329
2,0.09411927145251711,1,484.618273402,1,109.49688909194606,96.51640832639855,1.6361833794613652,123.10197533582848,71.46833061528248,3.8128629409938157,46.11482048071871
