{
    "fe_w2": 0.0,
    "delta": 0.9,
    "mu": 73.82588412738536,
    "fe_late": 0.0,
    "fe_w1": 0.0,
    "fe_w3": 0.0,
    "beta_e": 372.2291844970216,
    "prob_respond_alpha": 1.0,
    "gamma_01_factor": 1.0,
    "fe_w4": 0.0,
    "sigma_dt": 26.911827021445827,
    "alpha": 661.9799950951426,
    "fe_early": -21.23187588571342,
    "beta_l": 615.2394117291176,
    "gamma": 65.03612556446706,
    "prop_to_wage": 0.0
}
