run,obj_vals,opt_converged,opt_runtime,is_best_vec,param_1,param_2,param_3,param_4,param_5,param_6,param_7
1,0.09312141288621671,1,540.227347442,1,93.31039152307905,84.72964287229662,-14.54529533981158,83.27377490424206,56.551240557735134,7.398028820149444,69.88681036328036
2,0.09314329771149976,1,623.608988818,0,101.18414594013062,80.88808666269934,-14.81322241519559,82.40951831978299,56.58538685660268,6.736926449393382,71.11005939743316
