run,obj_vals,opt_converged,opt_runtime,is_best_vec,param_1,param_2,param_3,param_4,param_5,param_6,param_7
1,0.09223858071603885,1,283.87643073,1,102.99394963883653,97.39916069388333,-5.607470478429537,60.07912858786356,55.16767697636364,11.119327528426059,65.13188835455469
2,0.0922536866505761,1,625.647460667,0,92.1920500095131,103.94758966598988,-3.3722585915083076,59.67407868861023,55.424877152767614,10.135634045137191,63.38846145713324
