run,obj_vals,opt_converged,opt_runtime,is_best_vec,param_1,param_2,param_3,param_4,param_5,param_6,param_7
1,0.08246400669853743,0,7243.303886521,0,114.25712696342947,107.31624774170665,-14.278433392406956,72.04507283158729,46.13394902257899,29.10046565671644,60.08806244993541
2,0.08245933853967147,1,359.977536281,1,109.82586855506865,109.47238471630935,-13.353799227794104,72.0470994146768,46.01873497608381,29.073490354682093,59.495996544127046
