run,obj_vals,opt_converged,opt_runtime,is_best_vec,param_1,param_2,param_3,param_4,param_5,param_6,param_7
1,0.08206281386045236,1,6976.190169249,0,67.1630430557262,132.044289404438,-9.082676716930587,64.67589455808952,48.36237012399953,24.93542268305075,57.9910164074186
2,0.0820627657471555,0,7220.789551632,1,66.82556620651302,132.22750429362455,-9.047384578538404,64.69099805920456,48.35061230228079,24.941360298249975,57.910792636107566
