run,obj_vals,opt_converged,opt_runtime,is_best_vec,param_1,param_2,param_3,param_4,param_5,param_6,param_7
1,0.08973749604081757,1,589.386193158,1,120.38708598656096,41.02376772666871,36.334712947825395,87.04857559216761,59.07454093810545,8.451064781129038,26.857229709918265
2,0.08978862661809013,1,443.3606193,0,135.2551288859759,39.603067411340774,38.17353036624733,79.9938246829432,58.86672708097971,11.409456063422363,30.687341302758966
