run,obj_vals,opt_converged,opt_runtime,is_best_vec,param_1,param_2,param_3,param_4,param_5,param_6,param_7
1,0.09070927831293749,1,721.498515856,0,120.8508468504201,47.644139063060905,34.6959618445538,75.5573004019304,52.36964807671035,20.14273760918915,24.78932925372454
2,0.09070819934599399,1,773.586965793,1,119.20719107126102,47.785111324921715,34.29253743023597,75.40920530748284,52.331045822091546,19.97137135545958,24.56662222667054
