run,obj_vals,opt_converged,opt_runtime,is_best_vec,param_1,param_2,param_3,param_4,param_5,param_6,param_7
1,0.08537565231112715,1,257.59602941,1,35.325070762909185,93.66679087016904,-5.034221940942714,374.42611870995495,34.63329979210663,52.32250642341744,36.27506755292696
2,0.0854038065786489,1,451.745914257,0,33.022268557756284,94.96484393303622,-5.300468321463101,259.17259729373353,34.096427697493375,53.054044327989224,36.44243933389826
