run,obj_vals,opt_converged,opt_runtime,is_best_vec,param_1,param_2,param_3,param_4,param_5,param_6,param_7
1,0.07986363357156533,1,556.171672187,0,286.7461199806933,28.98692890800748,1.1770245636045482,133.9448136190112,58.942677519305796,51.611515662900366,48.882025973718726
2,0.07981667909182864,1,1201.400311915,1,278.742772715543,29.626540076572958,0.1675251086249604,111.67105194372559,62.23101481898426,40.41023215216715,48.84729622411936
