obj_vals,opt_results,opt_runtime,param_1,param_2,param_3,param_4,param_5,param_6,param_7
0.06713982070475141,1,346.785951231,54.227207468759055,52.54686661570383,2.121513761872447,52.30516905874013,45.02612798940151,13.604745849440933,33.56748736475802
