obj_vals,opt_results,opt_runtime,param_1,param_2,param_3,param_4,param_5,param_6,param_7
0.06711644448719066,1,950.186238567,54.24072662152775,52.49659442020464,2.194589148332257,51.81774846920954,44.728814085871576,15.469210121726501,33.541052760219
