obj_vals,opt_results,opt_runtime,param_1,param_2,param_3,param_4,param_5,param_6,param_7
0.06711643513796973,1,725.805292524,54.366012200855955,52.453485741326666,2.2227587108665237,51.89644975599455,44.73484371261492,15.469140741628422,33.55968100992472
