obj_vals,opt_results,opt_runtime,param_1,param_2,param_3,param_4,param_5,param_6,param_7
0.06717753383673711,1,271.645350655,52.29347738316222,52.52612235321208,2.8825001910715855,51.113511021648186,45.68237062949769,14.61535622251798,32.48683228013102
