obj_vals,opt_results,opt_runtime,param_1,param_2,param_3,param_4,param_5,param_6,param_7
0.06714087090405987,1,201.139506601,54.319811820846205,52.35912547094709,2.0846426672613783,49.9275460821657,45.996619458855,14.240798205924607,33.56149954015544
