run,obj_vals,opt_converged,opt_runtime,is_best_vec,param_1,param_2,param_3,param_4,param_5,param_6,param_7
1,0.08120545739602661,1,833.92286175,0,68.26127435097534,107.87063904741156,-29.0651072105525,43.460249069480206,56.38343738448209,10.504782136080102,37.82789697747049
2,0.08120158999704775,1,530.064009975,1,67.12468850430066,108.2484175369016,-29.377621098843992,42.41914949494135,60.839402220714895,10.515548311707413,37.71219037080152
