run,obj_vals,opt_converged,opt_runtime,is_best_vec,param_1,param_2,param_3,param_4,param_5,param_6,param_7
1,0.0781512834026395,1,275.162959928,0,58.013136741642725,51.71767529905604,7.5082345434668865,36.44606101045112,45.14838152422949,8.43567939232531,33.0150792434816
2,0.07814622581459532,1,638.579651562,1,58.662029449167676,51.849243054677224,7.467661121951883,35.453829615108006,45.90000610379023,8.338431034467272,33.83621783629364
