run,obj_vals,opt_converged,opt_runtime,is_best_vec,param_1,param_2,param_3,param_4,param_5,param_6,param_7
1,0.07807580081243129,1,296.633486538,1,66.95516266183857,54.28781229213655,3.8691165337981315,40.54350863207676,44.21391822497203,11.414363655437459,34.71254754132791
2,0.07807580081419481,1,352.59206987,0,66.95449707164384,54.287840076852795,3.868978998371821,40.54276912639146,44.214787621529105,11.413780623028781,34.712465876017916
