{
    "fe_w2": 0.0,
    "delta": 0.9,
    "mu": 48.18418824480095,
    "fe_late": 0.0,
    "fe_w1": 0.0,
    "fe_w3": 0.0,
    "beta_e": 423.11472696687315,
    "prob_respond_alpha": 1.0,
    "gamma_01_factor": 1.0,
    "fe_w4": 0.0,
    "sigma_dt": 70.50217976944091,
    "alpha": 769.898987758763,
    "fe_early": -20.124017283672302,
    "beta_l": 361.1077108899781,
    "gamma": 58.27828755557697,
    "prop_to_wage": 0.0
}
