run,obj_vals,opt_converged,opt_runtime,is_best_vec,param_1,param_2,param_3,param_4,param_5,param_6,param_7
1,0.0844582607891231,1,653.746098248,0,159.16512877379364,69.40412144973949,-2.1553893659112884,66.10145369691911,51.518600825360636,10.264085452939,55.86267057855655
2,0.08444642858945481,1,622.779896666,1,155.19114427677204,70.90768892625118,-3.8293244770511357,65.57761214770407,51.28346202298429,9.65237284722264,55.51013770719433
