run,obj_vals,opt_converged,opt_runtime,is_best_vec,param_1,param_2,param_3,param_4,param_5,param_6,param_7
1,0.08418525081967773,1,737.065733831,1,111.41447934751272,72.51813668854112,-17.157344274865608,60.807457295847385,38.36129117684872,25.513594524326344,48.43344145148252
2,0.0841852648750817,1,777.71116967,0,111.53850271523494,72.48468351901073,-17.15492161217343,60.906164322972785,38.36967623909116,25.53051470749669,48.45410888886273
