run,obj_vals,opt_converged,opt_runtime,is_best_vec,param_1,param_2,param_3,param_4,param_5,param_6,param_7
1,0.08121456883838926,0,3646.992779949,0,127.93180775344977,70.26278022000201,-9.128280527404577,60.9617561829353,62.04264346191902,1.277702061940144,62.73173264014307
2,0.08065069233101504,1,367.336096898,1,105.01939328802223,71.84543634226092,-19.55662586370214,63.75647369270341,61.69981209269746,1.0076924651509755,50.52784542335846
