run,obj_vals,opt_converged,opt_runtime,is_best_vec,param_1,param_2,param_3,param_4,param_5,param_6,param_7
1,0.08018430362566847,1,181.891851881,0,132.13099966140652,81.08422787886357,-10.025004573455325,59.23698871726489,55.80622700788716,4.818135658237958,58.69585976650709
2,0.07959320375987321,1,534.641958278,1,113.9113587597638,84.7452327462731,-13.745390788881076,60.43589220655517,52.88715963353801,6.694586543574613,56.13700766278707
