run,obj_vals,opt_converged,opt_runtime,is_best_vec,param_1,param_2,param_3,param_4,param_5,param_6,param_7
1,0.08843382076156017,1,633.570442306,0,90.03921863775834,115.6156553461261,-11.820783885857127,56.9459124405003,55.12192196145278,20.05708613669839,69.07526826647948
2,0.08841956273489111,1,373.281918574,1,71.06029356306195,128.14230840494537,-10.159501805643055,55.14856425733953,52.974185642731356,21.183433679987424,64.79593107408444
