run,obj_vals,opt_converged,opt_runtime,is_best_vec,param_1,param_2,param_3,param_4,param_5,param_6,param_7
1,0.08740004084347484,1,606.361030767,0,52.01642515930235,124.43702314100045,-9.337977181330716,63.76223988812642,57.144565104902235,21.82504303958275,64.34834164308249
2,0.08730858692910291,1,362.811452253,1,49.8057320965373,125.72996386496752,-10.039183604129146,59.75026841630102,59.24406034170222,22.14640637354417,63.988375065294264
