run,obj_vals,opt_converged,opt_runtime,is_best_vec,param_1,param_2,param_3,param_4,param_5,param_6,param_7
1,0.05483300309978228,1,716.110982772,0,111.27673812797552,40.01388957519459,0.2271924876159307,195.34572541936248,86.43416493367745,114.71565938960296,77.0060342548691
2,0.054832637472946526,1,169.65041006,0,110.84727239754832,40.00049594008864,0.4033374991026646,198.22299337005467,87.07839826534112,133.8703722863085,76.98379049213766
3,0.12501041475449523,0,3638.966615636,0,135.07930579126545,119.22903679410298,0.1716420117165264,40.78953925486371,42.982749381488574,27.523071850649398,15.73031166939135
4,0.05482276576566976,1,208.483990055,1,109.3930614917078,40.319708636730525,0.05958943550818359,256.1253411578287,83.24017608476308,128.8380850905111,76.9112924541784
