run,obj_vals,opt_converged,opt_runtime,is_best_vec,param_1,param_2,param_3,param_4,param_5,param_6,param_7
1,0.07546699447015841,1,431.36435091,0,52.515636689694915,107.73078883486822,-14.616996036310773,93.96345353119662,52.59196965342576,9.87174169145354,55.52009110682772
2,0.07542937944877118,1,496.729867262,1,54.59284211247595,107.20764787002311,-14.64162212611391,77.62807378680932,53.54287217830058,8.988664535358177,55.71053816078083
