run,obj_vals,opt_converged,opt_runtime,is_best_vec,param_1,param_2,param_3,param_4,param_5,param_6,param_7
1,0.08578716304968279,1,302.147133963,1,24.71860394342106,62.96537888940551,-5.821022716107064,84.09035219111787,25.969098148897334,39.97105552663557,25.55266364817488
2,0.08580640308219925,1,228.830337607,0,23.86692866816854,62.05252065128113,-5.991116734891504,80.2626157083035,25.903903888654078,40.71031066218786,25.140161739930726
