run,obj_vals,opt_converged,opt_runtime,is_best_vec,param_1,param_2,param_3,param_4,param_5,param_6,param_7
1,0.0745677124915464,1,285.974711885,0,92.82404126866774,91.72641033893905,-38.60284242960496,93.09969500364952,58.1075757529143,66.61453123519088,51.88835313143953
2,0.07456770762001871,1,314.508335703,1,92.78811019229839,91.74166531632169,-38.60426405981728,93.09833952096189,58.123729917405356,66.53706653870938,51.88358902306556
