run,obj_vals,opt_converged,opt_runtime,is_best_vec,param_1,param_2,param_3,param_4,param_5,param_6,param_7
1,0.07413244470881773,1,347.08173903,0,77.32969618106931,112.30882650902414,-19.082385317279247,63.300006238307965,54.741778442655836,50.50059148194044,45.255501639938004
2,0.0741305526286914,1,1304.769809228,1,77.51796001342412,112.1128127240783,-19.19953491071379,64.11584864255803,54.299831204262425,49.52193762994413,45.3015292015197
