run,obj_vals,opt_converged,opt_runtime,is_best_vec,param_1,param_2,param_3,param_4,param_5,param_6,param_7
1,0.07890218811737591,1,557.608340322,0,107.02314572171879,96.48760801040928,13.846978025522349,56.98181361641331,59.47111926859233,18.87079189952567,48.63936231741596
2,0.07889427530124347,1,605.668060568,1,106.14801642689619,96.51992817691571,14.214259521045367,55.38553979230259,65.08569256163914,19.202253753886787,48.14468498363377
