run,obj_vals,opt_converged,opt_runtime,is_best_vec,param_1,param_2,param_3,param_4,param_5,param_6,param_7
1,0.07204263428023774,1,255.113092436,1,138.68170326609027,66.24564885652532,-36.322733245688546,66.66630983365246,199.77046578644575,27.742679125143773,72.26886640446699
2,0.07229223496821005,1,507.978804457,0,135.942253019519,68.41186232309728,-36.504594522171175,72.55857274963695,85.12389097695919,25.04985725478397,71.54018177107184
