run,obj_vals,opt_converged,opt_runtime,is_best_vec,param_1,param_2,param_3,param_4,param_5,param_6,param_7
1,0.07389108493116328,1,210.452713181,1,120.61097674525345,56.78563345713643,-38.49662034736001,73.149430194743,215.59910604360962,28.45003465969082,73.43447943138466
2,0.07391830040491769,1,163.885913945,0,121.73785551944864,55.62797675322587,-38.71093015760065,71.5805818120826,214.62219363825244,28.814092860302587,73.34998628943676
