run,obj_vals,opt_converged,opt_runtime,is_best_vec,param_1,param_2,param_3,param_4,param_5,param_6,param_7
1,0.08691281018957954,1,572.278095422,1,95.72605333826753,73.93655880620902,-31.440270363203812,166.5674208977566,66.76842128124909,30.320121070441047,48.50471014337375
2,0.08693617294586929,1,660.636992984,0,95.65642928394603,74.00633335515008,-31.10268423054975,196.39621919396376,66.43699307821981,37.08664290741928,48.5400387428458
