run,obj_vals,opt_converged,opt_runtime,is_best_vec,param_1,param_2,param_3,param_4,param_5,param_6,param_7
1,0.08647058785754709,1,511.685535144,1,93.64981662892217,84.48961922361448,-20.687871611506303,69.9562610295288,63.57050787796443,51.61095502335655,45.26250413960216
2,0.08649146146769339,1,623.712487627,0,92.70890338727149,84.44301272439309,-22.303354881190838,75.04270863547485,60.310762085701406,35.66821816343696,45.10459908552152
