run,obj_vals,opt_converged,opt_runtime,is_best_vec,param_1,param_2,param_3,param_4,param_5,param_6,param_7
1,0.07802723198134133,0,3651.614011171,0,117.71404826439603,74.00496585064766,0.8666239087549077,60.3854375332767,61.0773250152355,17.6295947964329,52.42548063213678
2,0.07802684495005174,1,1005.673163408,1,118.08689408617597,73.87806272315935,0.9128845067750276,60.51410923359452,60.8354889444121,17.6821520766236,52.466189470619874
