run,obj_vals,opt_converged,opt_runtime,is_best_vec,param_1,param_2,param_3,param_4,param_5,param_6,param_7
1,0.08476282749437104,1,588.999399531,0,105.91080571633404,77.79589449415961,-19.096608531950718,55.50746095611941,62.01084998014598,8.424202193818385,47.720372655692714
2,0.08353879069189397,1,1389.119042978,1,62.106882645691336,92.64078822844299,-23.74075717347154,49.82157310444368,53.104349533606104,8.800887987737157,41.36457583722087
