run,obj_vals,opt_converged,opt_runtime,is_best_vec,param_1,param_2,param_3,param_4,param_5,param_6,param_7
1,0.0917087760434718,1,349.766067465,0,57.44900139434874,59.131518550522976,-13.794919227454898,232.37981965386476,173.3060380923976,17.363409848656055,32.57836681946218
2,0.09049339427159608,1,418.646809477,1,53.210241437826646,60.24366128178633,-11.567745139815266,192.1336492567647,144.47550301382796,16.948864050361045,30.404282318610317
