run,obj_vals,opt_converged,opt_runtime,is_best_vec,param_1,param_2,param_3,param_4,param_5,param_6,param_7
1,0.07780527907843236,1,309.991498888,1,124.64371269781644,74.45722295846035,-14.451509061432594,117.18177381639659,64.66188348362797,12.469505040455461,59.73983992940359
2,0.07781018843364955,1,565.109487334,0,121.2995401356398,75.53130405404698,-14.526328626473456,116.9865456478839,66.67862291556251,13.952973755581585,59.28754298521102
