run,obj_vals,opt_converged,opt_runtime,is_best_vec,param_1,param_2,param_3,param_4,param_5,param_6,param_7
1,0.08103673135359045,1,272.656537113,0,89.81077042758004,78.68029642031085,-7.738673832343068,177.32332414393306,88.90360924355743,61.76210834503985,50.30028616349859
2,0.08103664358835236,1,240.955121879,1,89.8679809966084,78.65989612423029,-7.755221574859655,178.4240115721286,88.32310915048339,61.13852039210682,50.30823807058925
