run,obj_vals,opt_converged,opt_runtime,is_best_vec,param_1,param_2,param_3,param_4,param_5,param_6,param_7
1,0.08085821708616595,1,662.142911552,1,130.68930811591966,60.73250909566341,3.6545760225664967,65.52516646011706,61.8873503317959,16.10371057265212,40.04133768227556
2,0.08085821708919641,1,383.657397466,0,130.68945592770268,60.732518579981146,3.6547002496808387,65.52472187273509,61.88698971485268,16.104125830216297,40.04133496807286
