run,obj_vals,opt_converged,opt_runtime,is_best_vec,param_1,param_2,param_3,param_4,param_5,param_6,param_7
1,0.08826132100077748,1,617.855244349,0,17.33907329721182,87.91325361025561,-1.6820302640264364,201.54195891626662,117.26052574280604,30.348628236018605,24.39728219162093
2,0.08769516848873227,1,458.843970298,1,9.581016177928147,98.14063498421616,-0.8039080536742306,320.2456016037087,58.45423628396901,82.43273851747959,20.278736192813984
