run,obj_vals,opt_converged,opt_runtime,is_best_vec,param_1,param_2,param_3,param_4,param_5,param_6,param_7
1,0.08853663322823836,1,407.973563908,0,16.500544485282134,85.40663285248041,0.17511794310362697,230.09695106047826,120.72247319828826,76.8170136418786,27.149828621721895
2,0.08849027691179406,1,698.866554235,1,14.440238918391408,84.19453906471676,-0.14765082260764242,277.0312748472225,119.71748991587417,98.00080839621725,23.864596121072942
