run,obj_vals,opt_converged,opt_runtime,is_best_vec,param_1,param_2,param_3,param_4,param_5,param_6,param_7
1,0.07769937346882404,1,366.688775749,1,165.55280774065525,78.98145765820874,-5.078570634755569,62.901531905802756,61.95761929062694,15.766300753333487,59.20626470341875
2,0.0777001842309406,1,535.242558909,0,165.4996045550181,78.92868029492234,-5.199549346656698,62.83385272995321,62.23737279305433,15.21478757958743,59.204391495662705
