run,obj_vals,opt_converged,opt_runtime,is_best_vec,param_1,param_2,param_3,param_4,param_5,param_6,param_7
1,0.08918438028561529,0,7231.051438692,1,139.3028646991772,58.84198518887894,-2.950137242906066,80.13914069823464,47.70313183259405,14.550296589239787,48.64174251291324
2,0.08988116732610137,1,465.722328056,0,165.220703811094,55.371178509425555,7.199479426892613,71.0220856627814,167.4268026149166,11.46350851382862,53.07160424648084
