run,obj_vals,opt_converged,opt_runtime,is_best_vec,param_1,param_2,param_3,param_4,param_5,param_6,param_7
1,0.08755442804163312,0,7245.546046884,1,143.73814018725759,59.510949869427904,1.661790837980939,80.30142524859716,52.68542863307103,21.815116773999424,45.23279700898737
2,0.08840607537220403,1,3034.632727848,0,158.78759787572744,56.794710998493215,6.743674871730785,73.39172995735521,153.6787142257949,15.27431132101701,47.12870234094283
