{
    "fe_w2": 0.0,
    "delta": 0.9,
    "mu": 56.11087566717898,
    "fe_late": 0.0,
    "fe_w1": 0.0,
    "fe_w3": 0.0,
    "beta_e": 654.5357398529196,
    "prob_respond_alpha": 1.0,
    "gamma_01_factor": 1.0,
    "fe_w4": 0.0,
    "sigma_dt": 10.813387052001495,
    "alpha": 871.1153434332585,
    "fe_early": -4.4964274775386475,
    "beta_l": 315.8763264534288,
    "gamma": 50.448139828029454,
    "prop_to_wage": 0.0
}
