run,obj_vals,opt_converged,opt_runtime,is_best_vec,param_1,param_2,param_3,param_4,param_5,param_6,param_7
1,0.0892342909216531,1,973.448906798,1,64.3063004162973,93.70105190023232,-30.533921603147707,61.99797653349845,44.824859605590916,17.42326760725279,47.96448365128321
2,0.1073135754842604,0,7235.765789252,0,130.23398480978258,118.35436606706827,0.9737781822744821,52.82189780077337,72.69450447485856,31.285558170599952,13.398397869310376
