run,obj_vals,opt_converged,opt_runtime,is_best_vec,param_1,param_2,param_3,param_4,param_5,param_6,param_7
1,0.08897213082385119,1,256.31734812,1,73.43614169088985,83.3528275469377,-25.723554680998806,65.68234970187171,41.409223270177996,15.549055684636699,54.29375053720898
2,0.1276071847148825,0,7246.108993189,0,128.77486269289358,116.07556341498453,3.0223879300928034,53.25194817729123,72.0736238227387,30.917268832420643,15.266621141303379
