run,obj_vals,opt_converged,opt_runtime,is_best_vec,param_1,param_2,param_3,param_4,param_5,param_6,param_7
1,0.0846475881271041,1,370.824177628,0,91.96086927058423,50.234102915973395,8.223535878307546,75.29115294004266,62.00779700451378,66.1542594069593,37.84938102319744
2,0.08464609627263332,1,1079.586721226,1,92.62728535726434,50.16521657272532,8.325596804921844,75.79460128833851,62.0540757884146,68.25113865784986,37.948826442864096
