run,obj_vals,opt_converged,opt_runtime,is_best_vec,param_1,param_2,param_3,param_4,param_5,param_6,param_7
1,0.08375664721088236,0,7251.386471821,1,92.8648642139256,45.748517669991564,7.625328454438338,79.69814322568301,79.54197033258157,80.86720585432695,42.41133399478204
2,0.083760366326641,1,445.612519913,0,93.01698469196678,45.68123495194033,7.375443217127285,77.94415788724724,81.79506304406064,77.44148632072525,42.445239477326496
