run,obj_vals,opt_converged,opt_runtime,is_best_vec,param_1,param_2,param_3,param_4,param_5,param_6,param_7
1,0.08881172174831092,1,475.862702118,1,179.59707803742975,61.99905287926509,14.221059462991885,58.4790938013562,175.35781892116273,23.23721910501819,48.97067389259402
2,0.08896644799564513,1,165.160442577,0,179.061196323104,61.5475214590101,12.931597924807832,56.7175621037151,159.17409870280898,23.980897356411397,49.00840051036492
