run,obj_vals,opt_converged,opt_runtime,is_best_vec,param_1,param_2,param_3,param_4,param_5,param_6,param_7
1,0.08934285340537979,0,3626.913215978,0,154.99031718403458,66.12224075922249,12.52069293022587,57.968926284723814,73.72209624423981,27.159403202547992,40.69136579386167
2,0.0893389680648496,0,3623.406445632,1,151.7977682007648,66.65930242795017,10.834727040902274,57.949000621181725,78.11070481066399,27.821133825156245,40.46923172140369
