run,obj_vals,opt_converged,opt_runtime,is_best_vec,param_1,param_2,param_3,param_4,param_5,param_6,param_7
1,0.07803611164070137,1,426.301856559,0,271.98919497823437,0.4727092138541437,-12.128390147561749,136.87265743962655,59.06077665998094,58.83608831761093,50.043556707973714
2,0.07800669464110639,1,242.842666866,1,273.2596908526741,0.03640501132392339,-12.288591824899198,115.5135189287273,62.19999172800787,52.964018159272804,49.932776655906785
