run,obj_vals,opt_converged,opt_runtime,is_best_vec,param_1,param_2,param_3,param_4,param_5,param_6,param_7
1,0.08674162678743252,1,607.262013173,0,56.9883355647102,133.710162697819,-8.348404116495947,50.10225962700002,52.8679111581549,21.73828705576528,46.526585244193384
2,0.08674148273386367,1,302.875009305,1,56.86388468870665,133.7407976313363,-8.382640241877274,50.09003504042108,52.861412268051104,21.74836729974464,46.47976143074045
