run,obj_vals,opt_converged,opt_runtime,is_best_vec,param_1,param_2,param_3,param_4,param_5,param_6,param_7
1,0.08670897788966186,1,516.282679908,1,54.772054808107,131.72697832309368,-11.443048132089158,59.08340450881766,57.44558155507248,23.195773440832745,54.3818463980602
2,0.08673765848631206,1,336.348202813,0,55.830122442612954,131.59788641765647,-11.299351960919298,58.28968801678291,56.18933848704838,23.46841615717253,54.91456949098744
