run,obj_vals,opt_converged,opt_runtime,is_best_vec,param_1,param_2,param_3,param_4,param_5,param_6,param_7
1,0.08156998805236722,1,750.802523052,1,377.89908288947476,11.904214800596538,23.946605417158743,118.92923821302729,294.89890629171424,5.647130227498778,70.46525734757627
2,0.08205686270044407,1,728.900787092,0,313.8813626374621,19.085634727933332,17.438982198060035,111.20338899717721,233.6264439831335,7.772524861894312,66.10107236104031
