run,obj_vals,opt_converged,opt_runtime,is_best_vec,param_1,param_2,param_3,param_4,param_5,param_6,param_7
1,0.08214606340499207,1,244.350352109,1,404.84965503487336,19.021883363336165,28.358811541562797,115.38093502893805,125.59009416436919,11.693440191481217,65.70811317378556
2,0.08215082968724535,1,532.630958627,0,401.9876544211197,19.344561769957405,28.381626681488612,114.57820394545287,129.1318470325141,11.742315980314427,65.41602425773823
