run,obj_vals,opt_converged,opt_runtime,is_best_vec,param_1,param_2,param_3,param_4,param_5,param_6,param_7
1,0.08270810528832331,1,318.096858591,0,132.278593559112,58.307896457025144,32.3361756042577,81.17507003378489,48.645914386145,90.84288129977033,39.209024153373925
2,0.08262812245077925,1,771.49881922,1,133.32272624018742,59.13318588612062,34.21638764469304,108.54859755626936,44.69506308693789,105.83591323779508,38.556751491181416
