{
    "fe_w2": 0.0,
    "delta": 0.9,
    "mu": 66.33775759970169,
    "fe_late": 0.0,
    "fe_w1": 0.0,
    "fe_w3": 0.0,
    "beta_e": 313.54291709533203,
    "prob_respond_alpha": 1.0,
    "gamma_01_factor": 1.0,
    "fe_w4": 0.0,
    "sigma_dt": 8.918266200787007,
    "alpha": 658.5921581065869,
    "fe_early": -27.859921818109626,
    "beta_l": 351.6011331982976,
    "gamma": 67.58702492888185,
    "prop_to_wage": 0.0
}
