run,obj_vals,opt_converged,opt_runtime,is_best_vec,param_1,param_2,param_3,param_4,param_5,param_6,param_7
1,0.0813235124682382,1,940.247634584,0,119.44333902769066,71.67307834838273,4.183142174717139,106.07088864520153,63.07886380362342,38.38497541374581,44.1351932585835
2,0.08132330518881753,1,1976.927045147,1,118.74016850749534,72.04076638905138,4.34271630459706,105.38011162424851,62.97223983383091,38.39947105038178,43.96682096147773
