{
    "fe_w2": 0.0,
    "delta": 0.9,
    "mu": 36.27506755292696,
    "fe_late": 0.0,
    "fe_w1": 0.0,
    "fe_w3": 0.0,
    "beta_e": 2246.5567122597295,
    "prob_respond_alpha": 1.0,
    "gamma_01_factor": 1.0,
    "fe_w4": 0.0,
    "sigma_dt": 52.32250642341744,
    "alpha": 211.95042457745512,
    "fe_early": -5.034221940942714,
    "beta_l": 207.79979875263976,
    "gamma": 93.66679087016904,
    "prop_to_wage": 0.0
}
