run,obj_vals,opt_converged,opt_runtime,is_best_vec,param_1,param_2,param_3,param_4,param_5,param_6,param_7
1,0.07849467599520238,1,169.749888984,1,121.58895046170939,64.53830511491043,-57.51429487366431,63.77265476890779,71.05994928340321,12.708091207508527,60.496885320692556
2,0.10918994225888584,0,7224.359217094,0,130.94784885537274,113.3133884963408,0.7608943711062277,54.77316100393394,73.59280423803597,29.68091390767993,16.68906183959368
