run,obj_vals,opt_converged,opt_runtime,is_best_vec,param_1,param_2,param_3,param_4,param_5,param_6,param_7
1,0.0803487466361345,1,364.14493894,1,80.60435607217428,76.73108438745751,-7.680077154640225,52.9293414717667,49.59708080437626,11.578069088581497,35.44057245649455
2,0.08034874755756606,1,284.812416135,0,80.71115728540892,76.72020795718409,-7.653663294332157,52.918886497440795,49.623330176098705,11.58174449252437,35.4595338907339
