run,obj_vals,opt_converged,opt_runtime,is_best_vec,param_1,param_2,param_3,param_4,param_5,param_6,param_7
1,0.08030843612187041,1,2596.548593649,0,88.7425765636408,71.86792844954155,-7.963107351323177,57.197796584062345,48.49099336492298,13.899921610530301,33.7873792598968
2,0.08030806296536938,0,3637.527490495,1,88.7106386951221,71.93647561241899,-7.8763543134823495,57.03709850848563,48.421072674806474,14.114821054614108,33.75766478285314
