run,obj_vals,opt_converged,opt_runtime,is_best_vec,param_1,param_2,param_3,param_4,param_5,param_6,param_7
1,0.08173517286048207,1,657.698391477,0,157.4859291831685,67.71983215547239,-0.17373552298342881,59.78077508722368,86.27477379992236,4.667727633396177,62.0738834944821
2,0.08077693258801774,1,671.259520444,1,167.37683751824105,62.21405600144682,-4.075970870685843,63.831143086403834,131.27992966259208,1.020905509217719,57.257773791954854
