run,obj_vals,opt_converged,opt_runtime,is_best_vec,param_1,param_2,param_3,param_4,param_5,param_6,param_7
1,0.08290919114125428,1,517.943363609,0,86.00944026838528,48.142087397250435,-9.155007779429766,49.87613722342977,70.41620051725502,17.488026972684953,33.0169834587884
2,0.08290917329461876,1,370.195989812,1,85.9995805664024,48.149309601516094,-9.156872252543018,49.90602879825292,70.40373472845052,17.430884622332293,33.01707861390751
