run,obj_vals,opt_converged,opt_runtime,is_best_vec,param_1,param_2,param_3,param_4,param_5,param_6,param_7
1,0.07452339905540217,1,710.070514307,0,86.49267866207823,68.05788058002932,-8.608025563862817,626.9567603195914,62.99364415449059,99.36720722092637,56.81592372927631
2,0.07450754637511875,0,7245.99575723,1,84.42955891689361,68.64182707186255,-8.912359188605773,671.431541914191,67.4074080532423,105.36010105445722,56.68458340036849
