run,obj_vals,opt_converged,opt_runtime,is_best_vec,param_1,param_2,param_3,param_4,param_5,param_6,param_7
1,0.08572380034743277,1,567.805426475,0,120.09184340145673,75.69886266576121,-33.086363554996254,53.22850418995639,63.29526924449028,6.763107474148617,70.17032735728345
2,0.08572380010887222,1,356.413314852,1,120.15338321596528,75.69035042240544,-33.06930815670182,53.22993073611401,63.28759234257117,6.763442698976988,70.18309421887041
