run,obj_vals,opt_converged,opt_runtime,is_best_vec,param_1,param_2,param_3,param_4,param_5,param_6,param_7
1,0.08595202567804784,1,568.608314794,0,130.34723130315078,84.61984196707337,-32.37760500406941,55.38023130807814,50.515606901010976,10.091591440187928,64.14824621739632
2,0.08594077975666274,1,1106.980731579,1,134.1338314434324,81.91250019524115,-34.255659783927634,55.27399445662867,50.796640170049564,10.315221032678101,64.1599861354313
