run,obj_vals,opt_converged,opt_runtime,is_best_vec,param_1,param_2,param_3,param_4,param_5,param_6,param_7
1,0.059412831964945206,1,303.953328752,1,98.96152145221834,136.25904973324995,4.313409078678623,51.676861933837785,23.463225239653116,37.529256009926435,94.93890235010377
2,0.05941322491113714,1,483.505550681,0,99.00275308701175,136.26917045668333,4.294891055019375,51.595964672880136,23.54228072934302,36.98161523071637,94.95938916043505
3,0.059413229692635905,1,388.486014,0,99.2159676761755,136.1650098804122,4.301755270445452,51.60174670789347,23.5499160530842,36.94765317878193,95.03039884523015
4,0.0594132169046979,1,415.711468746,0,99.07331895777824,136.2326304055809,4.295378401510724,51.59273835565141,23.54529560343866,36.97048949044753,94.98327195132092
