run,obj_vals,opt_converged,opt_runtime,is_best_vec,param_1,param_2,param_3,param_4,param_5,param_6,param_7
1,0.0846358684755126,1,359.008225473,1,106.32790208345237,121.8373797411434,6.493869556481805,146.5003913849342,48.85001959969182,34.22635690468261,66.86312718179784
2,0.0846375693810434,1,303.907048538,0,105.90617761289622,122.19816582101532,6.616821845147585,148.64242607978136,48.81566540330017,34.12010280856931,66.79069039881053
