run,obj_vals,opt_converged,opt_runtime,is_best_vec,param_1,param_2,param_3,param_4,param_5,param_6,param_7
1,0.08540229580879001,1,2073.58205073,0,92.15686426756285,131.07343137480333,7.0714804354510665,87.96517367445585,46.65884205187175,25.172689660286878,55.02213118934841
2,0.08540201306561535,1,560.330612166,1,91.53463091679887,131.5058375470875,7.138068892176581,87.9751372535945,46.63600127968248,25.131935004161463,54.89896754999403
