run,obj_vals,opt_converged,opt_runtime,is_best_vec,param_1,param_2,param_3,param_4,param_5,param_6,param_7
1,0.07856455139632225,1,209.97013384,1,92.30397596974616,65.82933919941057,-14.651720943314904,162.3344103949174,116.50781705584608,37.00647437016914,40.6591865392746
2,0.07856455142232308,1,192.503022783,0,92.30478824746619,65.82918111656917,-14.651787812757712,162.33162854034774,116.50045023966237,37.006654884066094,40.659338843791645
