run,obj_vals,opt_converged,opt_runtime,is_best_vec,param_1,param_2,param_3,param_4,param_5,param_6,param_7
1,0.08047315883655898,1,217.840048615,0,114.83180718824671,61.17873252133227,9.40656770566493,104.32635065923195,54.904920322242276,9.934483919611104,35.13696284866768
2,0.08041370333668989,1,181.764373568,1,107.27182676428734,62.672308919012025,6.8500601962058925,103.27358218078402,56.13910507000436,5.414735753839898,34.45705689675186
