run,obj_vals,opt_converged,opt_runtime,is_best_vec,param_1,param_2,param_3,param_4,param_5,param_6,param_7
1,0.08021892892361306,1,113.90251353,1,117.28128661483208,60.94098403475282,6.258513955219568,90.02939603065958,51.3315096939468,13.401977333586082,32.66560610026039
2,0.08090862474704226,1,536.079121322,0,96.08248879213507,66.97898843148093,2.029475057561537,85.09564503636406,52.842406267593645,5.191898423721803,29.7988249731137
