run,obj_vals,opt_converged,opt_runtime,is_best_vec,param_1,param_2,param_3,param_4,param_5,param_6,param_7
1,0.0842558805046154,1,611.709336021,1,71.73410076612629,82.3723279707895,-17.171639584472757,56.02950465207786,76.2297810404372,11.868845703411507,44.4964507343172
2,0.08425954630886066,1,416.924195272,0,72.10440914750396,82.26641731329089,-17.174474596739717,55.482767303460065,75.20956695408859,11.761786720733653,44.60984375528236
