run,obj_vals,opt_converged,opt_runtime,is_best_vec,param_1,param_2,param_3,param_4,param_5,param_6,param_7
1,0.08041896224833192,1,368.201503842,0,73.71156890654811,91.41530642156015,-31.32297826192091,57.24831065397489,85.91467705131004,13.57846209807662,43.938778799613154
2,0.07892683287160171,1,2770.567708586,1,71.66834904410996,91.68537078298411,-31.92303653053078,54.36522911989606,159.12714004504204,11.976571763870762,43.20952035387337
