run,obj_vals,opt_converged,opt_runtime,is_best_vec,param_1,param_2,param_3,param_4,param_5,param_6,param_7
1,0.08104775428569937,1,538.984602234,0,68.19078954383022,108.87155453220522,-22.451330217206465,49.635361646913225,82.61426451126476,19.06436290759261,38.570929144558406
2,0.08060610800643626,1,467.592932734,1,68.97772552796253,107.51230093453425,-23.14107403489326,48.6966183941247,125.87230004169686,16.121218868288118,38.808373732336335
