run,obj_vals,opt_converged,opt_runtime,is_best_vec,param_1,param_2,param_3,param_4,param_5,param_6,param_7
1,0.08657035655817982,1,644.441356075,1,121.09027816880342,101.65616097996005,-0.9679619669189847,68.76933410989378,46.355940136759536,61.90173231171376,42.28461528049985
2,0.08657039183887705,1,756.636619141,0,121.3050595183429,101.59743859013017,-0.9270732824265722,68.83816032518574,46.39246366884915,61.95887849400768,42.32374463722287
