run,obj_vals,opt_converged,opt_runtime,is_best_vec,param_1,param_2,param_3,param_4,param_5,param_6,param_7
1,0.07419016481779668,1,306.706997886,1,128.34025677060265,64.56624308669775,-25.113895924090137,59.421511368828384,66.65050167276756,70.9375160198318,51.361419220632
2,0.07419016728249644,1,446.66730918,0,128.3461698679821,64.56499400974808,-25.113056696162683,59.396820183804756,66.69095069309704,70.91415012891923,51.363044557370145
