run,obj_vals,opt_converged,opt_runtime,is_best_vec,param_1,param_2,param_3,param_4,param_5,param_6,param_7
1,0.07464343029228342,1,649.601261336,1,127.626396747109,73.68993393984266,-29.433641749575333,47.179191206334686,64.53928570625739,54.154903224326425,50.61478962928934
2,0.07464371790869195,1,425.951803864,0,127.91370371896078,73.62884671500954,-29.33869970776173,47.14669655855675,64.22826746362149,55.384768344120964,50.634058384199015
