run,obj_vals,opt_converged,opt_runtime,is_best_vec,param_1,param_2,param_3,param_4,param_5,param_6,param_7
1,0.08670506850812876,1,2899.969847019,0,104.27320265330405,48.55325782802119,-18.972631088598035,75.21523529754941,49.090138451373235,2.3268025296513826,36.37645094604
2,0.08662451296229856,1,235.14681488,1,105.23059140440274,48.24603127833137,-18.92134157718715,77.07443818650957,48.50670620028953,1.6506502518642616,36.51371856433494
