run,obj_vals,opt_converged,opt_runtime,is_best_vec,param_1,param_2,param_3,param_4,param_5,param_6,param_7
1,0.08929959513542048,1,894.482242009,0,116.8462461126263,37.4353328595998,-24.93402433248152,83.9694494736316,84.15143946733254,1.4198021989863563,39.47509431829141
2,0.0878436315764942,1,586.152946567,1,97.63131619473567,43.490405628382156,-22.49792963420643,81.02742389950227,57.40397109528486,1.7655097918355906,38.12462278519354
