run,obj_vals,opt_converged,opt_runtime,is_best_vec,param_1,param_2,param_3,param_4,param_5,param_6,param_7
1,0.0786945422825897,1,513.64954034,1,113.1310831507402,71.33612533479473,-52.98041725252972,61.07344873932543,62.92848226811176,14.497640138112684,58.45766177876826
2,0.0786950042065862,1,657.906761666,0,111.79513983630433,71.96580398740726,-52.8257103525832,60.856960922129694,62.69811322514535,14.524239757330006,58.356780330698044
