run,obj_vals,opt_converged,opt_runtime,is_best_vec,param_1,param_2,param_3,param_4,param_5,param_6,param_7
1,0.07433777367198806,1,554.017441508,1,35.34427584176453,83.85892218583561,1.5299289365592676,403.15690437522557,64.10643715773516,20.015884440120747,24.616669938225574
2,0.07562037108753436,1,390.671727487,0,38.04792704466596,85.036721790819,4.389412102614837,357.4175499786917,50.46732216795596,19.578517070971305,25.647257563848395
