run,obj_vals,opt_converged,opt_runtime,is_best_vec,param_1,param_2,param_3,param_4,param_5,param_6,param_7
1,0.08509156593761574,1,422.488473793,1,57.92227381877732,90.67798172921462,-25.015860036422506,42.99424172817943,107.98765164323726,16.079300312540855,66.40679658594077
2,0.08509169214950991,1,387.684635185,0,57.95737979730001,90.65086804045855,-25.012163956051072,42.94256900992267,107.21931112936048,16.050908624159145,66.4099217050661
