run,obj_vals,opt_converged,opt_runtime,is_best_vec,param_1,param_2,param_3,param_4,param_5,param_6,param_7
1,0.08385511918994372,1,179.709697862,1,65.6828028914415,82.18553130602653,-24.280334211386062,48.1780230162283,62.44691939877114,13.560272092770752,55.96887037551756
2,0.08385555930697737,1,257.282137859,0,65.15778508701464,82.58075086516442,-24.26529573286681,48.54003259577291,62.66409739148319,13.451677585199207,55.88024191462645
