run,obj_vals,opt_converged,opt_runtime,is_best_vec,param_1,param_2,param_3,param_4,param_5,param_6,param_7
1,0.07250045195862802,1,395.103661846,1,76.9037905112019,107.55615988149012,-18.413098411662833,83.42812129816463,46.71759745750662,54.15598896920332,51.79044524437014
2,0.07250052098581258,1,1743.382451259,0,77.13044237517877,107.47318347563419,-18.36814712589402,83.51627710690643,46.71798412644222,54.22904141189369,51.83026837923475
