run,obj_vals,opt_converged,opt_runtime,is_best_vec,param_1,param_2,param_3,param_4,param_5,param_6,param_7
1,0.07297274688165126,1,1953.03295149,0,62.05230953707988,120.19739712242824,-14.849341490986667,59.57305602565925,45.21490971290718,43.68660789523552,43.53340628272645
2,0.07297247507512775,1,921.073125486,1,62.24141368560071,120.12596533393409,-14.822620192706696,59.520969651733886,45.171346874249615,43.54760221847644,43.569354685717485
