run,obj_vals,opt_converged,opt_runtime,is_best_vec,param_1,param_2,param_3,param_4,param_5,param_6,param_7
1,0.07118890117263607,1,180.797603908,0,65.20047047926252,58.05153343261605,4.566879381689332,45.122546866727,54.4777581161963,10.015869987396204,28.099545814493986
2,0.07113086706174629,1,125.355834743,1,67.29550663474912,57.30511560010473,4.621735448402222,45.97573527604717,54.19726844926388,10.541855530011155,28.389317130132728
