obj_vals,opt_results,opt_runtime,param_1,param_2,param_3
0.0804383732629698,1,81.892346817,70.22365337091658,45.625654016310435,16.64769083093384
