obj_vals,opt_results,opt_runtime,param_1,param_2,param_3
0.08046247241200967,1,126.545913492,67.95815942786501,46.26155171645667,18.81969701061016
