obj_vals,opt_results,opt_runtime,param_1,param_2,param_3
0.08049276120927813,1,49.852338269,69.67027311756429,45.09556412233584,17.944460381526458
