obj_vals,opt_results,opt_runtime,param_1,param_2,param_3
0.08046079102776439,1,83.169659627,67.95016616985647,46.24552426682911,18.824100394783965
