obj_vals,opt_results,opt_runtime,param_1,param_2,param_3
0.0806667869056068,1,112.058699078,61.25864568249102,55.944756625852634,21.646361988706726
