obj_vals,opt_results,opt_runtime,param_1,param_2,param_3
0.08049219405072941,1,69.934325849,70.20767223770764,45.32518007520443,18.14172731446975
