obj_vals,opt_results,opt_runtime,param_1,param_2,param_3
0.08045147009767648,1,79.680700247,68.0127749375598,46.23503611877043,18.87292672916842
