obj_vals,opt_results,opt_runtime,param_1,param_2,param_3
0.08052272110142339,1,80.266121906,68.6150547421907,45.40677647767837,17.67069301841169
