obj_vals,opt_results,opt_runtime,param_1,param_2,param_3
0.08065719098746127,1,60.917239537,64.157264712348,50.26889841396581,19.739149396978874
