obj_vals,opt_results,opt_runtime,param_1,param_2,param_3
0.08065194873780446,1,76.589515479,64.2211693786716,49.72746787854983,20.25930410016298
