obj_vals,opt_results,opt_runtime,param_1,param_2,param_3
0.08043830505532029,1,110.166660955,67.48183461797323,45.70654615128821,18.83752892932574
