obj_vals,opt_results,opt_runtime,param_1,param_2,param_3
0.08067020219287385,1,48.991528438,60.081103940319906,54.71592349525299,21.54402646127549
