obj_vals,opt_results,opt_runtime,param_1,param_2,param_3
0.08042878615706174,1,77.320891445,69.47264296194008,45.557336365741335,17.200320490637775
