obj_vals,opt_results,opt_runtime,param_1,param_2,param_3
0.08049367831477441,1,52.310076902,69.6843333348686,44.9111242685158,18.057547232314494
