obj_vals,opt_results,opt_runtime,param_1,param_2,param_3
0.08043486271842921,1,82.267663666,68.03907462672466,46.14388712376294,18.946670603539488
