obj_vals,opt_results,opt_runtime,param_1,param_2,param_3
0.0805065586954355,1,58.901413216,68.80645434174676,44.168051327123756,17.94416285511764
