obj_vals,opt_results,opt_runtime,param_1,param_2,param_3
0.0804344628231955,1,50.700650799,70.0856358483495,45.69767130992287,16.898288768975302
