obj_vals,opt_results,opt_runtime,param_1,param_2,param_3
0.08054038385799529,1,102.115852764,67.25293746237097,43.93857139527388,17.12775666485534
