obj_vals,opt_results,opt_runtime,param_1,param_2,param_3
0.08065712439452148,1,68.743826915,64.00053752706134,50.12882381566082,19.712605219634153
