obj_vals,opt_results,opt_runtime,param_1,param_2,param_3
0.08065179458229724,1,87.483840001,64.2813924441578,49.83160613284004,20.206448174271195
