obj_vals,opt_results,opt_runtime,param_1,param_2,param_3
0.0806741170624356,1,218.054446191,65.86478533965038,48.13124447813362,19.885469345497906
