obj_vals,opt_results,opt_runtime,param_1,param_2,param_3
0.08052672627298704,1,251.215070535,71.68312389575372,44.43934298470544,16.80667000218327
