obj_vals,opt_results,opt_runtime,param_1,param_2,param_3
0.08067882445050842,1,65.164434002,61.57974160954882,54.95341899433641,21.36340630940165
