obj_vals,opt_results,opt_runtime,param_1,param_2,param_3
0.08053113446454534,1,35.444974796,68.56029447275925,45.777518664696906,18.282770932130465
