obj_vals,opt_results,opt_runtime,param_1,param_2,param_3
0.08065242012891655,1,172.05505292,64.35380159414302,49.84556218156935,20.346113126459056
