obj_vals,opt_results,opt_runtime,param_1,param_2,param_3
0.08065196559154285,1,89.727519805,64.3915150719946,49.966603444822404,20.193036193327405
