obj_vals,opt_results,opt_runtime,param_1,param_2,param_3
0.08053159358175943,1,93.024679654,67.97672109872886,44.84965129673948,17.302473870831914
