obj_vals,opt_results,opt_runtime,param_1,param_2,param_3
0.08056513435923647,1,81.348324933,67.56635108167143,44.003633741350576,19.974618815253578
