obj_vals,opt_results,opt_runtime,param_1,param_2,param_3
0.08042908291366206,1,75.169323279,69.65949960654854,46.006792415631764,17.430503629442274
