obj_vals,opt_results,opt_runtime,param_1,param_2,param_3
0.08051186292278896,1,77.282220811,68.12086942834024,45.32037288393942,19.516074383788663
