obj_vals,opt_results,opt_runtime,param_1,param_2,param_3
0.08053181628954764,1,86.904258977,68.177203785635,45.42008065115494,18.03447211232809
