obj_vals,opt_results,opt_runtime,param_1,param_2,param_3
0.0804290332836331,1,74.530493107,69.89971048263169,45.78786826330551,17.215804683819645
