obj_vals,opt_results,opt_runtime,param_1,param_2,param_3
0.08065228128500083,1,93.563509957,63.995787557335966,49.54984885596509,20.1761838591172
