obj_vals,opt_results,opt_runtime,param_1,param_2,param_3
0.08046579731652943,1,64.159152799,67.77786011176315,45.28931339264409,16.701175755927203
