obj_vals,opt_results,opt_runtime,param_1,param_2,param_3
0.0805107537450312,1,37.478027042,67.44053506770646,46.18649906437923,16.02944836593557
