obj_vals,opt_results,opt_runtime,param_1,param_2,param_3
0.08065487391608916,1,80.073270429,64.95797433290315,50.43355666875892,20.331985985669423
