obj_vals,opt_results,opt_runtime,param_1,param_2,param_3
0.0805054449393928,1,95.096997171,68.08037317456741,45.66229141055334,19.273546556324078
