obj_vals,opt_results,opt_runtime,param_1,param_2,param_3
0.08050594911372605,1,74.874998948,67.9413934473924,45.6139030339209,19.208622724616355
