obj_vals,opt_results,opt_runtime,param_1,param_2,param_3
0.08045714558712702,1,106.76786682,67.90949857558174,46.19389495609845,18.828234409407596
