obj_vals,opt_results,opt_runtime,param_1,param_2,param_3
0.0804993416275624,1,96.874489158,68.95772104022936,44.745940770389154,17.708531819425502
