obj_vals,opt_results,opt_runtime,param_1,param_2,param_3
0.08066755051839225,1,137.087579253,61.34345543374196,55.955034797156024,21.895656073313226
