obj_vals,opt_results,opt_runtime,param_1,param_2,param_3
0.08066738609355353,1,62.671835524,60.565031571362404,55.32473711381528,21.264062522286505
