obj_vals,opt_results,opt_runtime,param_1,param_2,param_3
0.0804620193510098,1,130.771061792,67.94930763907853,46.25231239740213,18.819435470739254
