obj_vals,opt_results,opt_runtime,param_1,param_2,param_3
0.08049211002594284,1,63.378950645,70.20085468082826,45.44100528909153,18.07188510998252
