obj_vals,opt_results,opt_runtime,param_1,param_2,param_3
0.08066721791350838,1,100.575589169,61.338289442543754,56.01854319217887,21.682125208767907
