obj_vals,opt_results,opt_runtime,param_1,param_2,param_3
0.08066597080809262,1,324.294891812,60.88635050495345,55.510148266390054,21.755381517888456
