obj_vals,opt_results,opt_runtime,param_1,param_2,param_3
0.08067836736066215,1,73.15688656,61.227119330632156,54.63247305736559,21.23911286095828
