obj_vals,opt_results,opt_runtime,param_1,param_2,param_3
0.08066586486466037,1,330.222456921,60.91426547738169,55.54325298566082,21.745520731588062
