obj_vals,opt_results,opt_runtime,param_1,param_2,param_3
0.08065425765490111,1,83.913691654,64.0812581468724,50.01570923757394,19.891808141720908
