obj_vals,opt_results,opt_runtime,param_1,param_2,param_3
0.08066648505594105,1,447.634712723,61.19422647378145,55.876600976923775,21.64326783857333
