obj_vals,opt_results,opt_runtime,param_1,param_2,param_3
0.080651811222079,1,67.301833737,64.2247305233534,49.728760685037344,20.239596630950345
