obj_vals,opt_results,opt_runtime,param_1,param_2,param_3
0.08043438795360226,1,77.499822973,70.08165407635151,45.69833003135353,16.90310619611388
