obj_vals,opt_results,opt_runtime,param_1,param_2,param_3
0.08046045209490772,1,77.52567884,67.84231285382474,46.16454020777768,18.80070594344634
