obj_vals,opt_results,opt_runtime,param_1,param_2,param_3
0.08043681285695697,1,101.256565204,67.74758256919176,45.8721081605302,18.916040585225858
