obj_vals,opt_results,opt_runtime,param_1,param_2,param_3
0.08043576760931788,1,118.865617743,67.84326677262925,45.978317571355895,18.915728271988577
