obj_vals,opt_results,opt_runtime,param_1,param_2,param_3
0.08065233774104284,1,86.492190109,63.97472094112189,49.62477784414051,20.09080048694877
