obj_vals,opt_results,opt_runtime,param_1,param_2,param_3
0.08065200917854752,1,49.743184236,64.38366302089392,49.85077205981827,20.30604988209336
