obj_vals,opt_results,opt_runtime,param_1,param_2,param_3
0.08065770091551464,1,61.389546253,63.62920220666116,49.760323642508396,19.677993631474944
