obj_vals,opt_results,opt_runtime,param_1,param_2,param_3
0.08043752512925056,1,99.242773846,67.59268335722435,45.7788497428578,18.868352717239354
