obj_vals,opt_results,opt_runtime,param_1,param_2,param_3
0.08049270880687923,1,85.724340481,69.69515157149046,45.09562325778916,17.95954596804447
