obj_vals,opt_results,opt_runtime,param_1,param_2,param_3
0.08051825377609767,1,42.5731114,68.19392922090621,45.07739878035624,19.720916326597283
