obj_vals,opt_results,opt_runtime,param_1,param_2,param_3
0.08049226403808211,1,98.235781532,69.9567514220451,45.16238811915434,18.08109686397567
