obj_vals,opt_results,opt_runtime,param_1,param_2,param_3
0.0804274795128269,1,64.406113872,69.5698585476337,45.66004846888542,17.287402548354176
