obj_vals,opt_results,opt_runtime,param_1,param_2,param_3
0.08044716563750354,1,107.55817335,67.94613305877516,46.16159493502167,18.872809235543745
