obj_vals,opt_results,opt_runtime,param_1,param_2,param_3
0.08066702716846728,1,317.430999963,61.30414979249239,55.99055847683779,21.655566590123165
