obj_vals,opt_results,opt_runtime,param_1,param_2,param_3
0.08128943785252914,1,25.623358638,59.32652095827177,69.89392690394007,20.661436945642166
