obj_vals,opt_results,opt_runtime,param_1,param_2,param_3
0.08054030930497987,1,44.631332634,70.91275871578969,47.0743977969233,20.331252551946065
