obj_vals,opt_results,opt_runtime,param_1,param_2,param_3
0.08065640740682313,1,65.833118714,63.45205500355428,49.31453580619478,19.898607515318105
