obj_vals,opt_results,opt_runtime,param_1,param_2,param_3
0.08066406354279076,1,870.07402202,63.86165601194543,49.88532504116311,19.6168930887664
