obj_vals,opt_results,opt_runtime,param_1,param_2,param_3
0.08050956013780604,1,70.712253835,67.45471220967725,45.341153680726016,19.045667002430314
