obj_vals,opt_results,opt_runtime,param_1,param_2,param_3
0.08065185697812226,1,74.662914776,64.1582625676783,49.72095038062168,20.183919736575614
