obj_vals,opt_results,opt_runtime,param_1,param_2,param_3
0.08050893579274297,1,72.722104736,68.09857464698133,45.47353014111532,19.404177847798174
