obj_vals,opt_results,opt_runtime,param_1,param_2,param_3
0.08049350819936354,1,56.567389673,69.54365596521674,45.05287628221207,17.891566802147636
