obj_vals,opt_results,opt_runtime,param_1,param_2,param_3
0.08065187976104883,1,95.230890487,64.14650962530942,49.69647815096357,20.193971446672084
