obj_vals,opt_results,opt_runtime,param_1,param_2,param_3
0.0804297457592643,1,72.430908822,68.97859867956448,45.393852363768644,17.350952244838773
