obj_vals,opt_results,opt_runtime,param_1,param_2,param_3
0.08043120340527837,1,67.862563495,69.83409051246493,45.67280372959543,17.079574985323113
