obj_vals,opt_results,opt_runtime,param_1,param_2,param_3
0.08042723226068764,1,120.266032724,69.48973609668887,45.681420220741195,17.390728312417508
