obj_vals,opt_results,opt_runtime,param_1,param_2,param_3
0.08049335714394913,1,52.537682156,70.5542746197914,45.596699995747485,18.198861682024862
