obj_vals,opt_results,opt_runtime,param_1,param_2,param_3
0.08043689126747684,1,94.580742555,67.61736894082351,45.82363627135487,18.857545877883567
