run,obj_vals,opt_converged,opt_runtime,is_best_vec,param_1,param_2,param_3,param_4,param_5,param_6,param_7
1,0.08404557131194747,1,685.616879822,1,136.17784850475078,49.213596842252585,-46.45033001198351,120.19290995170506,62.749347582169214,1.1823841633255374,49.87023019422796
2,0.13143365207268012,0,7252.961569265,0,130.40634139505326,118.64758380138181,0.14703994276038165,52.39728757944992,72.95430546323182,31.51649563178554,13.39837221064927
