run,obj_vals,opt_converged,opt_runtime,is_best_vec,param_1,param_2,param_3,param_4,param_5,param_6,param_7
1,0.08504574730531358,1,318.423189553,1,158.31285334951124,61.31516406415676,-47.065672298528916,78.07453106915457,61.68744459774249,5.527643259336455,49.41647745696695
2,0.10153091004057632,0,7262.762373979,0,129.66252998628534,116.91705346983932,0.9084061236676685,54.601519447391006,73.02116065424535,31.466577784231234,15.52902917403632
