run,obj_vals,opt_converged,opt_runtime,is_best_vec,param_1,param_2,param_3,param_4,param_5,param_6,param_7
1,0.08826936277274024,1,194.323407776,1,96.58315777664521,60.42938674674056,-5.072622136655831,46.35286935144361,100.73475531922314,5.9078123190877765,36.75188260622436
2,0.0884291053618539,1,197.298584275,0,92.01177857585819,62.28219556059159,-5.753796245387022,45.85694576810348,70.78320160333077,9.07259956953,36.24505903665748
