run,obj_vals,opt_converged,opt_runtime,is_best_vec,param_1,param_2,param_3,param_4,param_5,param_6,param_7
1,0.09602234899807162,1,562.546440817,1,132.48436610048813,107.85212326865953,5.704016517484782,46.256258170912616,104.10461110424109,21.81202196259535,46.93610399130962
2,0.0960224208706241,1,503.543550688,0,132.48385709516987,107.83821690745246,5.680652230736834,46.280834645092156,104.65974390037726,21.695143743426023,46.95376385085053
