run,obj_vals,opt_converged,opt_runtime,is_best_vec,param_1,param_2,param_3,param_4,param_5,param_6,param_7
1,0.09482706400224925,1,559.527112786,1,144.1361049730246,91.59088174530788,-2.7186825397300614,51.3129664058426,193.2012088324853,17.00700790815488,57.79273643357795
2,0.0948573719082827,1,444.451959193,0,148.65195159382588,90.27590456055334,-1.1829344317423116,51.69719766791792,161.41061049006444,17.513346252780213,57.46775450100037
