run,obj_vals,opt_converged,opt_runtime,is_best_vec,param_1,param_2,param_3,param_4,param_5,param_6,param_7
1,0.07318450612822396,1,1211.167294369,1,110.89458933506938,76.90713882108588,-0.906872511571604,163.24101361060946,44.72677692785211,7.949501909312138,51.191119840218555
2,0.07503615515536326,1,508.320690368,0,105.16061357622999,77.39833926808764,-2.9442232099399495,100.13926443325317,96.40093761177599,10.969799978692308,50.19244469533065
