{
    "fe_w2": 0.0,
    "delta": 0.9,
    "mu": 46.60940726398855,
    "fe_late": 0.0,
    "fe_w1": 0.0,
    "fe_w3": 0.0,
    "beta_e": 527.6991582397035,
    "prob_respond_alpha": 1.0,
    "gamma_01_factor": 1.0,
    "fe_w4": 0.0,
    "sigma_dt": 29.34406511267475,
    "alpha": 598.2375684914625,
    "fe_early": -30.13883236373139,
    "beta_l": 257.94180153729377,
    "gamma": 49.98821562447036,
    "prop_to_wage": 0.0
}
