run,obj_vals,opt_converged,opt_runtime,is_best_vec,param_1,param_2,param_3,param_4,param_5,param_6,param_7
1,0.08809269257550424,1,246.329087616,0,126.83122041499792,67.85073453992906,-15.462511215883287,93.08382868471264,60.490335232848636,1.0316868368967445,30.498297469442033
2,0.08726639120073777,1,908.368790683,1,111.75680019122923,73.01826712182316,-18.598143667521178,112.69282281541703,62.837022845399424,1.0655633006875909,28.104326977359985
