run,obj_vals,opt_converged,opt_runtime,is_best_vec,param_1,param_2,param_3,param_4,param_5,param_6,param_7
1,0.08736960143169308,1,352.186882773,1,152.30287442776947,60.33913686135003,-22.354268344616766,119.46795590133262,62.525457437151125,1.0000000013582409,34.65881890112608
2,0.08844791587670128,1,901.619004663,0,125.60291005999795,67.47194421650299,-30.505342310464304,91.22420395979498,59.04272559614503,1.0000000221487606,29.75247486963905
