run,obj_vals,opt_converged,opt_runtime,is_best_vec,param_1,param_2,param_3
1,0.07812278685431151,1,48.540751584,1,58.81233355854797,61.57716175857545,9.968897741363566
2,0.07812278701809343,1,63.282997602,0,58.81390403056951,61.57300442229315,9.966782151336197
