run,obj_vals,opt_converged,opt_runtime,is_best_vec,param_1,param_2,param_3,param_4,param_5,param_6,param_7
1,0.08282601262032024,1,293.739352473,0,171.10062296722137,32.15208545906037,-0.02652923714088492,78.41140219348057,71.81865602636115,49.551865392188155,53.540281775755226
2,0.08282572053346415,1,510.560125011,1,172.51814729697494,31.898186773346183,-0.28069791988918524,78.66769041827018,71.94030757004172,49.44506869069342,53.75252805966399
