run,obj_vals,opt_converged,opt_runtime,is_best_vec,param_1,param_2,param_3,param_4,param_5,param_6,param_7
1,0.08255865225582122,1,495.079656408,1,156.4643112914841,52.91414498501758,-8.748415099229495,336.0308838611643,107.83770368653286,241.64208339633015,49.710193486433916
2,0.08255865225582305,1,480.219209354,0,156.46431181784322,52.914145067549306,-8.748414597023942,336.03083288287337,107.8377016945409,241.64210346914265,49.710193933214704
