run,obj_vals,opt_converged,opt_runtime,is_best_vec,param_1,param_2,param_3,param_4,param_5,param_6,param_7
1,0.07775919859635363,1,217.148224744,1,55.071027858428295,73.95209489462513,-8.906788161657706,70.45269983871994,83.74630868831822,36.70704381109363,47.326956983438116
2,0.07778231996238309,1,297.946800085,0,56.472454056661945,73.8088341864812,-8.476180948313262,72.66372110364557,80.46287052347891,37.36822511734456,48.01965294452679
