run,obj_vals,opt_converged,opt_runtime,is_best_vec,param_1,param_2,param_3,param_4,param_5,param_6,param_7
1,0.07941567231291924,1,256.096882321,0,35.921878034814725,76.9958540218606,-11.164883747192686,84.98768158973758,115.1646657208452,47.13372892315847,45.401940524346976
2,0.0793962306642645,1,273.714309742,1,40.01064036876249,76.10169700269509,-10.730461144757797,74.82469364191722,100.29369653351388,41.19807071148579,46.881958255985815
