run,obj_vals,opt_converged,opt_runtime,is_best_vec,param_1,param_2,param_3,param_4,param_5,param_6,param_7
1,0.06309636136110192,1,1136.269349501,0,200.69882016236568,44.17549525206506,-8.067976331869138,66.32151155965133,42.93666869614041,13.635231479008443,66.97288869645061
2,0.06309536688797551,1,402.320272505,1,202.22685109807117,43.740840902722724,-7.857530409900609,66.41824268596339,43.210683090307086,13.612230977935031,67.10290818462191
3,0.06309574879365423,1,349.842494591,0,202.75613184590625,43.59014951477684,-7.798573790021522,66.49884104113302,43.13623060790523,13.585186187293917,67.14369344743073
4,0.06309605595246742,1,520.319553981,0,201.98085096759323,43.81095641796165,-7.893877393970103,66.44948852220452,43.01319537769437,13.64024353049585,67.0791941487018
