run,obj_vals,opt_converged,opt_runtime,is_best_vec,param_1,param_2,param_3,param_4,param_5,param_6,param_7
1,0.061192602265771494,1,331.918134445,1,190.38129317113075,41.72248407596791,-4.076691507232181,69.00094836100479,39.82302229272056,14.089043218065331,67.4804736013023
2,0.06119475093781872,1,511.826900977,0,189.28695672768833,42.08031188026869,-4.109677028296008,69.0391856175133,39.90717020372234,14.248142669003867,67.375160513916
3,0.061194915160997294,1,331.226060376,0,188.66041050708338,42.34503923454155,-4.129715426457368,68.77868137073126,39.75821866901256,13.90189154489389,67.33616470370447
4,0.06119837747998397,1,305.825680522,0,192.0069412059069,41.08731359745926,-3.8544487733926363,69.12961121714206,40.000537653209555,14.387079851988444,67.52652472560975
