run,obj_vals,opt_converged,opt_runtime,is_best_vec,param_1,param_2,param_3,param_4,param_5,param_6,param_7
1,0.0846092742338601,1,1230.855180382,0,174.00264581863075,49.70560071357573,7.259013436892398,74.67129027383409,50.24345568262723,13.753666167282107,51.0465155383768
2,0.084508095233689,1,440.162901552,1,189.64662465800026,43.689072556777816,6.044905323060656,75.15962825175173,53.91679638499555,12.660266529896417,52.97915918128312
