run,obj_vals,opt_converged,opt_runtime,is_best_vec,param_1,param_2,param_3,param_4,param_5,param_6,param_7
1,0.08456970369001918,1,455.160359004,1,188.10080298485337,44.00472637578284,10.735821563437723,75.26018557054255,53.56734213775487,10.291313205675246,56.82876929133686
2,0.0847405544899888,1,368.846017659,0,187.68908021437775,44.00576062862212,10.242041981820913,80.55439133010066,52.61739496804254,10.910616711188894,56.83937087982658
