{
    "fe_w2": 0.0,
    "delta": 0.9,
    "mu": 46.56305811771899,
    "fe_late": 0.0,
    "fe_w1": 0.0,
    "fe_w3": 0.0,
    "beta_e": 825.0746826216141,
    "prob_respond_alpha": 1.0,
    "gamma_01_factor": 1.0,
    "fe_w4": 0.0,
    "sigma_dt": 7.0304737407639415,
    "alpha": 220.78443210203534,
    "fe_early": -7.796839520413018,
    "beta_l": 647.9329282905826,
    "gamma": 92.0380374954057,
    "prop_to_wage": 0.0
}
