run,obj_vals,opt_converged,opt_runtime,is_best_vec,param_1,param_2,param_3,param_4,param_5,param_6,param_7
1,0.08691645032725577,1,337.71039198,0,289.74569871226953,0.0,3.252995041242245,228.86183120311875,95.48572445077976,6.77535747827316,67.83210465141481
2,0.08673469529352264,1,317.083861127,1,265.2049422454206,3.579701693360658,3.875326500201073,204.66400978326755,82.08916807052557,1.0000080450862296,65.7157154383378
