{
    "fe_w2": 0.0,
    "delta": 0.9,
    "mu": 52.246533726539674,
    "fe_late": 0.0,
    "fe_w1": 0.0,
    "fe_w3": 0.0,
    "beta_e": 366.09433082512305,
    "prob_respond_alpha": 1.0,
    "gamma_01_factor": 1.0,
    "fe_w4": 0.0,
    "sigma_dt": 179.02251394642764,
    "alpha": 559.2398470597138,
    "fe_early": 3.457910275069002,
    "beta_l": 243.30324897080249,
    "gamma": 79.35462405641161,
    "prop_to_wage": 0.0
}
