{
    "fe_w2": 0.0,
    "delta": 0.9,
    "mu": 50.30823807058925,
    "fe_late": 0.0,
    "fe_w1": 0.0,
    "fe_w3": 0.0,
    "beta_e": 1070.5440694327715,
    "prob_respond_alpha": 1.0,
    "gamma_01_factor": 1.0,
    "fe_w4": 0.0,
    "sigma_dt": 61.13852039210682,
    "alpha": 539.2078859796504,
    "fe_early": -7.755221574859655,
    "beta_l": 529.9386549029003,
    "gamma": 78.65989612423029,
    "prop_to_wage": 0.0
}
