run,obj_vals,opt_converged,opt_runtime,is_best_vec,param_1,param_2,param_3,param_4,param_5
1,0.07925028644963462,1,51.67389741,0,269.7181455502967,80.53795266509312,45.572264094898074,33.531074723298694,68.1805950820451
2,0.07925022814252249,1,71.681253822,1,269.9953192239097,80.61247978051613,45.59545728026722,33.546895817494615,68.24460738287219
