run,obj_vals,opt_converged,opt_runtime,is_best_vec,param_1,param_2,param_3,param_4,param_5,param_6,param_7
1,0.0778271614975819,1,1188.995946602,0,127.57050316333107,87.37610824594823,15.076990612850086,59.16983703479466,144.47259519651396,52.02445018747354,58.71843402459644
2,0.07775492853958504,1,399.802881979,1,123.23058001309076,87.50172695771715,12.749956737934703,62.12820652932791,148.1253495681309,28.21839146143746,58.30424177466397
