run,obj_vals,opt_converged,opt_runtime,is_best_vec,param_1,param_2,param_3,param_4,param_5,param_6,param_7
1,0.08294164705218827,0,7229.363575775,0,121.40475996869763,40.14507603915663,18.632872365984024,60.86276251948694,70.81003203368346,22.566662019468424,30.446013811025416
2,0.08279938841975408,1,300.791609329,1,96.82977300169009,45.62367832919645,11.360498533792683,59.911763843775574,74.57761556603404,18.313328009249727,29.794812924683765
