run,obj_vals,opt_converged,opt_runtime,is_best_vec,param_1,param_2,param_3,param_4,param_5,param_6,param_7
1,0.08047306434307457,1,2642.668675528,0,162.54313046181343,82.2305542839639,9.356487384294715,102.32362106993386,74.56445466388796,37.27525466706757,45.118961947179166
2,0.08047116846696013,0,3641.12307036,1,162.43717757029745,82.30484087156121,9.329238602487804,99.83907743054016,74.0221336486232,33.76416003905588,45.127286911036215
