{
    "fe_w2": 0.0,
    "delta": 0.9,
    "mu": 40.813391462987155,
    "fe_late": 0.0,
    "fe_w1": 0.0,
    "fe_w3": 0.0,
    "beta_e": 524.4195863014621,
    "prob_respond_alpha": 1.0,
    "gamma_01_factor": 1.0,
    "fe_w4": 0.0,
    "sigma_dt": 20.391596243643978,
    "alpha": 736.2990699475913,
    "fe_early": -16.905072646609984,
    "beta_l": 302.9969252188602,
    "gamma": 58.03968463523556,
    "prop_to_wage": 0.0
}
