{
    "fe_w2": 0.0,
    "delta": 0.9,
    "mu": 48.571228348214035,
    "fe_late": 0.0,
    "fe_w1": 0.0,
    "fe_w3": 0.0,
    "beta_e": 756.1964774343235,
    "prob_respond_alpha": 1.0,
    "gamma_01_factor": 1.0,
    "fe_w4": 0.0,
    "sigma_dt": 55.790696682195865,
    "alpha": 496.0142706016615,
    "fe_early": -14.27982009775878,
    "beta_l": 568.6962485763522,
    "gamma": 74.1337788321864,
    "prop_to_wage": 0.0
}
