run,obj_vals,opt_converged,opt_runtime,is_best_vec,param_1,param_2,param_3,param_4,param_5,param_6,param_7
1,0.08468033987861442,1,532.731214461,0,36.997656419400975,72.84230378308187,7.976172286586529,41.53334411942993,48.54760418327961,17.004333406399603,25.67840300754866
2,0.08458126501955708,1,163.854102054,1,31.952009832042666,74.6353623536251,6.194408092004703,41.97304644019638,48.661601019852846,16.39018277054322,25.00255468393236
