run,obj_vals,opt_converged,opt_runtime,is_best_vec,param_1,param_2,param_3,param_4,param_5,param_6,param_7
1,0.08429178433793048,1,480.695216351,0,40.773156492680464,83.59864801045292,5.010259010111141,46.843187750773424,45.36162670261826,17.754966558266457,28.887956093606217
2,0.08428146833389231,1,482.693751921,1,39.26197002793836,84.19770265458642,4.938797836775132,47.04774050499412,45.56631091299592,17.94384634040242,28.386080306217064
