run,obj_vals,opt_converged,opt_runtime,is_best_vec,param_1,param_2,param_3,param_4,param_5,param_6,param_7
1,0.07813966636229089,1,414.963425205,1,89.80069014309959,45.373771501788504,-1.8584412421217817,54.95309970164365,41.85169334779369,25.741925510357643,34.56862276540764
2,0.07814053808758417,1,210.83231031,0,90.20872362918813,45.290209025917655,-1.7888488269396847,55.29799127656378,42.08319164626247,25.176449825117768,34.61514464947068
