run,obj_vals,opt_converged,opt_runtime,is_best_vec,param_1,param_2,param_3,param_4,param_5,param_6,param_7
1,0.08632989769649756,1,314.993920049,0,45.03960917409854,143.0265561879468,-5.911098648637136,49.62696948542363,69.82973283021057,20.814764828143456,38.49888615687057
2,0.08632970428769407,1,466.269378557,1,45.901939621664596,142.50453750619224,-6.000830060010954,49.66360023741382,69.87225609984662,20.816124242782845,38.97515178386055
