run,obj_vals,opt_converged,opt_runtime,is_best_vec,param_1,param_2,param_3,param_4,param_5,param_6,param_7
1,0.07827727903543089,1,376.259990128,0,194.69246514163464,37.97795078067311,-10.286232416835196,65.71642983048342,58.182208401568055,15.560773375308674,57.900521612033785
2,0.07827717811643947,1,367.241775299,1,195.6329226633142,37.73166763605337,-10.194267955755814,65.76881764314815,58.27765356039691,15.537920927928946,57.98520984764487
