run,obj_vals,opt_converged,opt_runtime,is_best_vec,param_1,param_2,param_3,param_4,param_5,param_6,param_7
1,0.07883680078391456,1,865.808922274,1,190.71272637870166,40.215628421438375,-10.19323599601978,65.63207387914576,54.82210362187481,16.90070880958441,52.382017543657604
2,0.07883695468700837,1,446.260463003,0,189.46994430381406,40.5046237396698,-10.304754524889892,65.6022632833232,54.80656913089206,16.886122046831492,52.26540772119526
