run,obj_vals,opt_converged,opt_runtime,is_best_vec,param_1,param_2,param_3,param_4,param_5,param_6,param_7
1,0.08068218361938807,1,163.432967473,0,169.46464193824795,67.69263540844291,1.1532371258065195,107.6640206269874,53.88138831001707,27.124572494190875,47.30095505373243
2,0.08067862223239627,1,222.660223778,1,168.03979132255554,68.12251245958694,0.6605765359053507,110.09366429791008,53.7707747647447,28.62372708332095,47.219418926479705
