run,obj_vals,opt_converged,opt_runtime,is_best_vec,param_1,param_2,param_3,param_4,param_5,param_6,param_7
1,0.07940418609083928,1,236.050868732,1,202.7950964371266,60.200345878205006,-2.9265322693636424,117.80575694644817,69.85778457069283,21.212240300061723,57.73363730741835
2,0.08087170485690619,1,253.871654652,0,154.46664693089068,78.61578575436937,-16.09617131594669,107.50001012031159,64.33056966570697,20.391907558637353,51.941448281072525
