run,obj_vals,opt_converged,opt_runtime,is_best_vec,param_1,param_2,param_3,param_4,param_5,param_6,param_7
1,0.08437616339484487,0,7249.257508598,0,150.35172840895333,71.9764398736157,9.010895391314586,73.63160617028399,24.88025333153132,25.80227392600614,48.14500411672828
2,0.08427064050007362,0,7234.40860827,1,148.792920831907,74.61835496369447,12.114351500977525,74.76403612554957,27.12067520117002,30.237777411394763,48.873048667375805
