run,obj_vals,opt_converged,opt_runtime,is_best_vec,param_1,param_2,param_3,param_4,param_5,param_6,param_7
1,0.0027944384079017746,1,244.880021361,0,156.09875096481704,40.833568754833365,0.4447993671800006,32.46564895349114,70.7639089235268,23.804564262905,40.84936955079278
2,0.002794438391666047,1,388.190563731,0,156.09641765946037,40.834129106426644,0.44396841022287076,32.4655280521549,70.76256274584141,23.804664476966142,40.84944727992539
3,0.002794438389584504,1,409.551854246,0,156.09624921463254,40.83412727039606,0.4439282443044162,32.46549579774883,70.76387871855245,23.804673261327757,40.84943861638675
4,0.0027944383882980988,1,413.889002359,1,156.09631499438245,40.834093428701664,0.4439459308002724,32.46549252483418,70.76459065286119,23.804650101324157,40.84943833416653
