iteration,param_1,param_2,param_3,param_4,param_5,param_6,param_7
1,148.1669849630436,65.29441802595828,0.0,44.34271494657281,25.69418662409082,31.536732399525125,18.47821473879521
2,108.7701944066119,106.19040775935034,0.0,30.87816556291469,28.699490486708402,17.076643387134,35.384903654140864
3,53.34762598792573,142.77366309495187,0.0,65.26303034071672,25.384123076356936,14.745299958045216,18.053539803285307
4,139.54223017123644,72.38885826358108,0.0,33.79381786226532,43.13171353869561,36.06840834990065,37.498313625663805
