run,obj_vals,opt_converged,opt_runtime,is_best_vec,param_1,param_2,param_3,param_4,param_5,param_6,param_7
1,0.09007241515730124,1,299.247963336,1,87.87118804717844,97.86140724065821,3.78362913586473,89.24665755208697,56.29829712985905,23.32585683353127,47.530331129011365
2,0.09008960273920923,1,303.279114726,0,90.49430161120891,96.58021056660208,3.134920533376531,89.577924878545,56.303151144936976,23.84228090467787,48.62082669528666
