run,obj_vals,opt_converged,opt_runtime,is_best_vec,param_1,param_2,param_3,param_4,param_5
1,0.07796539741401551,1,83.537555729,1,261.80414244944814,102.85354772534639,56.22517934614779,55.49278330044673,64.24517476377329
2,0.0779654261000658,1,76.102929817,0,261.71927132194435,102.74346481864156,56.20705460003072,55.55312345171485,64.2268752902869
