run,obj_vals,opt_converged,opt_runtime,is_best_vec,param_1,param_2,param_3,param_4,param_5,param_6,param_7
1,0.07771781799104449,1,197.140578323,1,87.15009266571882,44.62700262311952,7.945269307918732,83.50348543758786,64.10970565348408,13.446442404053535,30.806015805913656
2,0.07775191336077159,1,614.912654048,0,86.69663235567519,44.80051858312567,7.772603787979087,80.01769665120192,64.46008507244245,18.32821687088514,30.82485035901969
