run,obj_vals,opt_converged,opt_runtime,is_best_vec,param_1,param_2,param_3,param_4,param_5,param_6,param_7
1,0.07656094345537817,1,215.826167642,0,71.56170894809607,42.4253003500389,12.967589976735411,93.45579222621868,70.17975184398317,10.236805690628236,29.059692392195306
2,0.07653190495860014,1,514.491438363,1,72.40862307194713,42.339468482918555,13.337968562356338,98.01866437925037,72.84472824753506,9.130171373070189,29.05891072465518
