{
    "fe_w2": 0.0,
    "delta": 0.9,
    "mu": 30.436821953918525,
    "fe_late": 0.0,
    "fe_w1": 0.0,
    "fe_w3": 0.0,
    "beta_e": 495.62569902032465,
    "prob_respond_alpha": 1.0,
    "gamma_01_factor": 1.0,
    "fe_w4": 0.0,
    "sigma_dt": 343.6338091654172,
    "alpha": 157.55081558283084,
    "fe_early": 1.9235832028592583,
    "beta_l": 336.0436389137435,
    "gamma": 86.86805379585931,
    "prop_to_wage": 0.0
}
