run,obj_vals,opt_converged,opt_runtime,is_best_vec,param_1,param_2,param_3,param_4,param_5,param_6,param_7
1,0.09167644121893494,1,383.963790889,1,92.44192322405873,73.47319550063526,-6.82656436980567,115.36605334018157,51.02861465507539,15.162878094930386,39.60327760810259
2,0.09168357308881131,1,546.463850271,0,90.37908475626392,74.5602688982482,-5.915219090025582,111.86254890844661,50.799540056762304,15.526926605863974,38.855423131067035
