run,obj_vals,opt_converged,opt_runtime,is_best_vec,param_1,param_2,param_3,param_4,param_5,param_6,param_7
1,0.08172013546420812,1,6194.794730568,0,416.92777713866775,12.820262992027537,18.586182861945627,89.87109662750701,48.221856941257194,61.1243303847946,74.82333846385826
2,0.08171986305882897,1,385.453479967,1,417.24683568742495,12.808297640325684,18.651873363491305,89.93919773961693,48.20955956182456,60.82347207918925,74.8307097679361
