run,obj_vals,opt_converged,opt_runtime,is_best_vec,param_1,param_2,param_3,param_4,param_5,param_6,param_7
1,0.08473278184629683,1,367.666132851,1,149.58876595620583,91.87758396945526,-1.154515964245822,90.38641032384905,50.05060962207493,36.526946791327084,49.15091158429592
2,0.08474813183802955,1,255.584557169,0,149.62993724582793,92.03094707250747,-0.8513795271867967,91.02815689016377,49.333811188165534,38.98384865453212,49.09738488163267
