run,obj_vals,opt_converged,opt_runtime,is_best_vec,param_1,param_2,param_3,param_4,param_5,param_6,param_7
1,0.08676340071341018,1,356.91565296,1,130.69322372894345,55.64106403368565,-2.0434862106046574,54.60299946048902,368.58745016722065,23.891017736231007,54.93158417200693
2,0.1470050367466247,0,7220.629070142,0,130.3076104120247,118.39547242455724,0.3470376796466206,52.171388453586815,73.0890219823525,31.283027765224837,13.406890045684788
