run,obj_vals,opt_converged,opt_runtime,is_best_vec,param_1,param_2,param_3,param_4,param_5,param_6,param_7
1,0.08670081838033193,0,7250.37367786,1,146.27522007182353,61.67180442856515,-13.954371411775709,59.199695691771396,180.39132104532027,23.831622039418445,53.21819337298561
2,0.11069253079646962,0,7220.034567111,0,129.1973401747089,116.60157848794326,0.8000237789788232,52.83329730589293,73.61763216789619,31.12100047782107,15.622273442456454
