run,obj_vals,opt_converged,opt_runtime,is_best_vec,param_1,param_2,param_3,param_4,param_5,param_6,param_7,param_8,param_9,param_10,param_11
1,0.08179011927591755,1,594.349416606,0,50.2028942283614,104.40688691751313,1.3001083101422841,2.9929273010193302,-26.846723726658148,-13.999699238470305,7.03061730224302,64.42904140935626,90.29528935873441,10.54346115299103,34.7782460857583
2,0.08168144899201735,1,867.830340554,1,44.74312091476606,103.15092915835619,0.4034599295349097,2.3507720836847095,-29.04189733800826,-11.259443667719907,-0.08349938816336373,90.64267458627832,58.595353570602285,7.109804960378766,33.44346131289959
