run,obj_vals,opt_converged,opt_runtime,is_best_vec,param_1,param_2,param_3,param_4,param_5,param_6,param_7
1,0.05933286339955197,1,253.384861884,0,60.63532304935782,73.5239707279817,-5.599508451448638,33.604419987315275,50.04336251745913,13.452061201229679,17.687485060347022
2,0.059332863399353605,1,249.549331388,1,60.635301419195414,73.52397887856142,-5.599503086888875,33.60440798160683,50.04339421379577,13.452156094035555,17.687482379577432
3,0.05933286339996183,1,225.744762919,0,60.63558797709042,73.52387431058808,-5.599499360920835,33.60440494658127,50.043285538884874,13.452171166873438,17.687535953421126
4,0.059332863400869816,1,254.763487493,0,60.634993239219455,73.52410690507932,-5.599480687037062,33.60431421796805,50.04317931673296,13.452338059226081,17.687426694383376
