{
    "fe_w2": 0.0,
    "delta": 0.9,
    "mu": 39.12580690269652,
    "fe_late": 0.0,
    "fe_w1": 0.0,
    "fe_w3": 0.0,
    "beta_e": 554.932827757247,
    "prob_respond_alpha": 1.0,
    "gamma_01_factor": 1.0,
    "fe_w4": 0.0,
    "sigma_dt": 7.581995866351012,
    "alpha": 713.3752100180243,
    "fe_early": 2.830225355703634,
    "beta_l": 365.02958627048594,
    "gamma": 57.88944150596887,
    "prop_to_wage": 0.0
}
