run,obj_vals,opt_converged,opt_runtime,is_best_vec,param_1,param_2,param_3,param_4,param_5,param_6,param_7
1,0.053204700628914095,1,376.020921154,0,199.97938767733046,95.64647882631989,3.105399737828096,45.11308096454542,63.80548482317132,14.604552006832153,69.6643617418575
2,0.05320492159709971,1,378.669386678,0,199.31445726382725,95.84317296367317,3.101701647369435,44.973631198878586,63.82192141556011,14.649040986433636,69.58355331202232
3,0.053204470335328755,1,437.057239002,1,200.27767940871365,95.60314490755506,3.1207390626879565,45.084271352440446,63.84915819698892,14.620045713273965,69.7148493570531
4,0.053205869820517275,1,170.40033993,0,202.0958818784577,95.10227528704227,3.132737304382427,45.32727611288361,63.07639641638538,14.630424394539821,69.95145349480366
