run,obj_vals,opt_converged,opt_runtime,is_best_vec,param_1,param_2,param_3,param_4,param_5,param_6,param_7
1,0.07593990216733468,0,3651.57768089,1,114.46167165163477,104.19459687428434,-5.93296582657425,50.4661420710234,118.1836749819159,17.24192785442221,51.00741465781122
2,0.07593990844648187,1,584.550609641,0,114.55446207400469,104.1688310566898,-5.92160762651106,50.45169226227798,118.12753161352438,17.23578404719025,51.02180872296871
