run,obj_vals,opt_converged,opt_runtime,is_best_vec,param_1,param_2,param_3,param_4,param_5,param_6,param_7
1,0.07496716259825034,1,496.925073823,0,116.55990442359894,97.01138434622156,-9.23595522227978,68.3664084030072,194.12508932120227,11.851693363675086,58.40408801747173
2,0.07485657257386341,1,340.544257412,1,115.44326830604955,98.57960854852402,-9.445964996873894,74.72037161663864,177.62674970374258,9.898491865565791,58.24350000581408
