run,obj_vals,opt_converged,opt_runtime,is_best_vec,param_1,param_2,param_3,param_4,param_5,param_6,param_7
1,0.0835195694472935,1,315.999921567,1,134.93597216873883,68.85214549139624,-5.782889841345931,54.45244743897952,107.16422806423141,34.355308231128646,69.93232064378513
2,0.1267144390731839,0,7242.988868082,0,130.23498354355243,118.60768236238124,0.36067613328579107,51.92957922370019,73.01328707425994,31.389366817852522,13.386592859396567
