run,obj_vals,opt_converged,opt_runtime,is_best_vec,param_1,param_2,param_3,param_4,param_5,param_6,param_7
1,0.0845430284643227,1,377.922129293,1,168.67873671691567,76.41157997728116,-8.10559498586088,59.18932008254083,96.45596560707327,31.00078480069047,67.88994686215648
2,0.10247746230645641,0,7229.580779984,0,129.51818112028957,117.19346588000562,1.158025046942214,52.139560640851634,72.99838870653129,31.788655019166093,15.293470128508064
