run,obj_vals,opt_converged,opt_runtime,is_best_vec,param_1,param_2,param_3,param_4,param_5,param_6,param_7
1,0.08328921236993271,1,286.28232933,0,216.11649878409207,77.20089777653571,49.98750926335125,65.47875912230118,312.590262068367,6.0203610575777615,56.29569692814902
2,0.08300769514414715,1,3457.297653736,1,208.01292724557288,80.65349812654888,47.50906666827351,69.57796266908069,153.3233822050948,2.232512294914025,56.003942161176894
