run,obj_vals,opt_converged,opt_runtime,is_best_vec,param_1,param_2,param_3,param_4,param_5,param_6,param_7
1,0.07733881346243866,1,448.948688021,1,96.05993592668187,116.98318976931047,4.09642090072639,65.69634782853788,156.28148402915122,67.96306487937967,46.79063356268786
2,0.07743224357437009,1,669.236054272,0,98.24457073390867,117.39768748236138,5.048827137762239,64.08273898400476,159.4664755911222,108.8130154599205,47.5958689448062
