run,obj_vals,opt_converged,opt_runtime,is_best_vec,param_1,param_2,param_3,param_4,param_5,param_6,param_7
1,0.0768026664642493,1,270.650501638,1,88.61530162776849,112.48968046975178,5.120352805918642,112.26349603634021,124.03564093363629,18.649473180283252,50.824611997128265
2,0.07761400122296391,0,3636.845588785,0,97.07193360017293,108.26184633122705,9.87982422642862,130.61228035407376,329.8180816736903,325.808868824558,54.48883509993709
