{
    "fe_w2": 0.0,
    "delta": 0.9,
    "mu": 68.6216023374542,
    "fe_late": 0.0,
    "fe_w1": 0.0,
    "fe_w3": 0.0,
    "beta_e": 382.8084892017777,
    "prob_respond_alpha": 1.0,
    "gamma_01_factor": 1.0,
    "fe_w4": 0.0,
    "sigma_dt": 34.37910449170355,
    "alpha": 726.4847604612403,
    "fe_early": -15.947799821025328,
    "beta_l": 423.08139508966667,
    "gamma": 72.54088671673007,
    "prop_to_wage": 0.0
}
