run,obj_vals,opt_converged,opt_runtime,is_best_vec,param_1,param_2,param_3,param_4,param_5,param_6,param_7
1,0.08019689229402958,1,403.329363421,1,134.64992664346502,30.585499211085942,-9.965089600842715,121.72496165413077,108.49761943861846,1.0000000048108029,44.22200712486289
2,0.08159230618302116,1,823.492877126,0,130.77282271862978,29.85806628556321,-13.044552788909415,155.46247207481753,79.60105596296259,3.336805586321228,44.89679963938418
