run,obj_vals,opt_converged,opt_runtime,is_best_vec,param_1,param_2,param_3,param_4,param_5,param_6,param_7
1,0.08203900536420611,1,123.078716258,1,148.8291766644273,36.156786107432765,-6.176179374866431,104.72028909075375,66.2976512102335,23.15283666415426,42.865011613419526
2,0.08205404703871459,1,3509.814939205,0,173.12249943233837,31.803106372899187,-13.480153243533977,111.22748453699452,77.36581068793669,31.56371145787852,46.306128236814956
