obj_vals,opt_results,opt_runtime,param_1,param_2,param_3,param_4,param_5,param_6,param_7
0.06681176773696691,1,277.053978069,100.67839525985117,80.22041614987032,0.2730876203850146,91.12350624607153,55.91778475077288,19.88641766697343,57.225018775434954
