obj_vals,opt_results,opt_runtime,param_1,param_2,param_3,param_4,param_5,param_6,param_7
0.06684560540975079,1,191.140336063,102.9387704554538,79.43895652367341,0.5265666824302135,87.08624072246498,55.08357055519281,20.311081527994624,57.497045801338814
