obj_vals,opt_results,opt_runtime,param_1,param_2,param_3,param_4,param_5,param_6,param_7
0.0667778606689804,1,212.720634206,101.56369904703686,80.37542852269789,0.047663899056197084,91.1258672092715,57.94536469774189,20.456768567605117,57.91882522601245
