obj_vals,opt_results,opt_runtime,param_1,param_2,param_3,param_4,param_5,param_6,param_7
0.06679792280865894,1,222.380260556,102.20504927979144,79.11449589821751,-1.4694020597921975,89.6275231507031,56.60660076344887,20.00998201809246,57.80568661010457
