obj_vals,opt_results,opt_runtime,param_1,param_2,param_3,param_4,param_5,param_6,param_7
0.06684694113466769,1,197.303770143,101.8059553286705,80.14207402574327,-0.25331338286753935,89.36561714526452,58.418643090109086,20.292670682989225,57.946532525992396
