obj_vals,opt_results,opt_runtime,param_1,param_2,param_3,param_4,param_5,param_6,param_7
0.066806440206346,1,245.877955739,100.2121984924945,80.37036271437194,-0.7992851338555502,85.86690961780582,59.44411705196068,19.13140390948794,57.66376405949915
