obj_vals,opt_results,opt_runtime,param_1,param_2,param_3,param_4,param_5,param_6,param_7
0.06684684523777717,1,298.193934514,101.87264678885161,80.11318887441894,-0.259270335090796,89.58883954221307,58.32563254516378,20.408213861437783,57.95029142365196
