obj_vals,opt_results,opt_runtime,param_1,param_2,param_3,param_4,param_5,param_6,param_7
0.06684684823824937,1,314.154844989,101.8310313108863,80.1274225119989,-0.268540399967067,89.57447590673529,58.308374142861574,20.32794908832042,57.94498943762453
