obj_vals,opt_results,opt_runtime,param_1,param_2,param_3,param_4,param_5,param_6,param_7
0.06679868900571695,1,299.709630493,102.6080376485205,79.76290757612739,0.861706499416661,92.04401545562287,56.93947754829913,19.58069135868493,57.39326938649363
