obj_vals,opt_results,opt_runtime,param_1,param_2,param_3,param_4,param_5,param_6,param_7
0.06684685016712612,1,404.968704067,101.76909474757166,80.14795752977946,-0.28557772087383204,89.62704094186668,58.35269883224505,20.1249416813131,57.93900708979975
