obj_vals,opt_results,opt_runtime,param_1,param_2,param_3,param_4,param_5,param_6,param_7
0.06680823631801674,1,217.432190881,104.68015363921606,78.87985008405883,0.7290735736449381,90.84052384710628,57.96902781604617,22.173450029054607,58.08453969975303
