obj_vals,opt_results,opt_runtime,param_1,param_2,param_3,param_4,param_5,param_6,param_7
0.06680527915628219,1,247.441137375,101.63953864194573,80.09042166326667,-0.3905194664622179,85.39796537768466,59.656475755822,19.57446131366917,57.926325970184884
