obj_vals,opt_results,opt_runtime,param_1,param_2,param_3,param_4,param_5,param_6,param_7
0.06680769059755819,1,281.710997361,100.32345509287589,80.51227637941614,-0.5668790330292093,85.48876549106915,59.08122475530854,19.379836536177653,57.735247055361086
