obj_vals,opt_results,opt_runtime,param_1,param_2,param_3,param_4,param_5,param_6,param_7
0.06680536715225721,1,340.945019745,101.3166698537491,80.20217011819156,-0.455400571358553,85.57666080747798,59.61617999924673,19.47753322769155,57.859408056458165
