obj_vals,opt_results,opt_runtime,param_1,param_2,param_3,param_4,param_5,param_6,param_7
0.06681689252900891,1,514.857690139,100.45726751207026,80.56214066496261,-0.371760746817379,86.64460613844828,60.7392303412409,17.536151465092736,57.77192606519385
