obj_vals,opt_results,opt_runtime,param_1,param_2,param_3,param_4,param_5,param_6,param_7
0.066804049061331,1,385.060094207,102.31292337793661,79.83559900611591,-0.4094558879570961,85.40880860442651,59.64637351055141,18.770386151516952,58.03241770329885
