obj_vals,opt_results,opt_runtime,param_1,param_2,param_3,param_4,param_5,param_6,param_7
0.06681011504520709,1,301.552733513,99.57584863359973,81.78921227045284,1.4401675852138627,89.92067376234485,57.400182915586946,20.265517226382247,57.76782623859617
