obj_vals,opt_results,opt_runtime,param_1,param_2,param_3,param_4,param_5,param_6,param_7
0.0668468571875489,1,324.944610982,101.88462847483075,80.11437778451173,-0.2664880721268974,89.52781616191109,58.28506606430208,20.377615085029177,57.94923954661103
