obj_vals,opt_results,opt_runtime,param_1,param_2,param_3,param_4,param_5,param_6,param_7
0.06680093672130492,1,397.86158388,99.05112906823867,80.85586084445903,0.656065002452439,91.24438177289689,58.03393468400166,20.529169786707847,56.85487685888269
