obj_vals,opt_results,opt_runtime,param_1,param_2,param_3,param_4,param_5,param_6,param_7
0.06680704167013972,1,230.714503729,102.50764622597492,79.81798659124988,-0.24330542451829057,86.81567595366779,60.46637230824361,18.900422196581903,58.07711299637424
