obj_vals,opt_results,opt_runtime,param_1,param_2,param_3,param_4,param_5,param_6,param_7
0.06684684713945635,1,374.836582245,101.80516465552324,80.13611981254853,-0.27100093702726724,89.57878961873195,58.32973627338996,20.325122510972975,57.940908102962645
