obj_vals,opt_results,opt_runtime,param_1,param_2,param_3,param_4,param_5,param_6,param_7
0.06684684490574598,1,390.571891947,101.84236097401858,80.12429823510166,-0.26254430715068755,89.57439987209409,58.32224054412588,20.40155408825728,57.945863277926584
