obj_vals,opt_results,opt_runtime,param_1,param_2,param_3,param_4,param_5,param_6,param_7
0.06678238446877582,1,213.503146426,101.9842989060773,80.16483493102179,-0.1308095589645484,90.28520622001484,56.91623512659384,19.94033285453488,57.84836768321235
