obj_vals,opt_results,opt_runtime,param_1,param_2,param_3,param_4,param_5,param_6,param_7
0.06691640336649084,1,185.849088439,97.04709020468503,81.48182054497806,-0.6959822181278142,93.35809953538235,55.387384082204115,16.62441764363375,56.93051836204479
