obj_vals,opt_results,opt_runtime,param_1,param_2,param_3,param_4,param_5,param_6,param_7
0.06678824570231941,1,195.702355411,102.75309290603828,79.8102159676647,0.37823723576599927,91.80820505998147,57.857905889613285,21.255383195651927,57.870293320112786
