obj_vals,opt_results,opt_runtime,param_1,param_2,param_3,param_4,param_5,param_6,param_7
0.0668129674448922,1,142.457361661,98.62771058284605,80.98983177362719,1.0097438485339336,92.23848962229845,58.209547318317156,20.11320205878239,56.696866810480465
