obj_vals,opt_results,opt_runtime,param_1,param_2,param_3,param_4,param_5,param_6,param_7
0.06679727415872234,1,148.21045529,97.23443397030937,81.34988056201547,-0.5701293946435662,94.04052603295357,58.48778339991061,18.505791593267453,57.174000972059396
