obj_vals,opt_results,opt_runtime,param_1,param_2,param_3,param_4,param_5,param_6,param_7
0.06684787876009993,1,304.095384631,101.7009485363384,80.19398614320222,-0.24554081302028374,90.68847103345644,58.056151261160814,20.409923599192883,57.92009902694842
