obj_vals,opt_results,opt_runtime,param_1,param_2,param_3,param_4,param_5,param_6,param_7
0.0667946200171369,1,209.622313602,100.92663547493983,80.26047860987579,0.26932166860908757,90.85280410081086,58.32982148015706,21.91120264013611,57.607389595438214
