obj_vals,opt_results,opt_runtime,param_1,param_2,param_3,param_4,param_5,param_6,param_7
0.06680827776468692,1,172.772213041,103.23518362370001,79.92210609104735,0.2567962080157161,92.58739164372724,56.38276630572858,20.718372235493224,57.98655619688986
