obj_vals,opt_results,opt_runtime,param_1,param_2,param_3,param_4,param_5,param_6,param_7
0.06684689937477395,1,265.925578285,101.82414033786088,80.1298865163111,-0.2691112769259622,89.53332950031248,58.21273895105635,20.385557204144053,57.9424188784299
