obj_vals,opt_results,opt_runtime,param_1,param_2,param_3,param_4,param_5,param_6,param_7
0.06680723935550019,1,214.179432029,105.34706868560082,78.63641950000505,0.1415509174147913,90.39689220355959,56.22943511647844,19.1370241096427,58.23826791534739
