obj_vals,opt_results,opt_runtime,param_1,param_2,param_3,param_4,param_5,param_6,param_7
0.06684684569751262,1,392.50118284,101.83162859566534,80.1277720580864,-0.26315281854941375,89.53371408387571,58.318683003831474,20.409618014386947,57.94420346492492
