obj_vals,opt_results,opt_runtime,param_1,param_2,param_3,param_4,param_5,param_6,param_7
0.06679659514464929,1,144.137255181,105.47826362557504,78.60896786845146,-0.49561809281450087,89.3474954764225,56.90984947406178,19.874821520701765,58.46759126900391
