obj_vals,opt_results,opt_runtime,param_1,param_2,param_3,param_4,param_5,param_6,param_7
0.0668496690615862,1,165.862313911,94.52704729086574,83.6943025516254,0.7360532604242135,92.05401907012143,57.35756254447679,19.97361835920924,57.023905503144036
