obj_vals,opt_results,opt_runtime,param_1,param_2,param_3,param_4,param_5,param_6,param_7
0.06678363540777968,1,235.979478933,101.27333988814404,80.34590366500544,-0.3510814045308326,91.55001987817454,56.73325475657704,17.830598740834436,57.78285834250784
