obj_vals,opt_results,opt_runtime,param_1,param_2,param_3,param_4,param_5,param_6,param_7
0.06682124154820288,1,214.304039716,102.03945102062094,79.87780102611232,0.17651556582506628,91.12694919308063,55.6047226181539,20.74074177207298,57.80572218272769
