obj_vals,opt_results,opt_runtime,param_1,param_2,param_3,param_4,param_5,param_6,param_7
0.06680513713772485,1,318.596445848,101.0497265365215,80.29240681441449,-0.4037167781850532,85.66390329400964,59.865445816352235,19.229673169512854,57.83881860352579
