obj_vals,opt_results,opt_runtime,param_1,param_2,param_3,param_4,param_5,param_6,param_7
0.06680638254411007,1,175.610174388,101.07324898306639,80.39032219300019,-0.2642349013052832,84.85500112685939,59.172957535274094,18.82101893531669,57.82486984337458
