obj_vals,opt_results,opt_runtime,param_1,param_2,param_3,param_4,param_5,param_6,param_7
0.06693069450583444,1,292.232654553,101.58557633398036,79.93170134413322,-1.104650167709815,90.92830339482035,60.647804193813776,11.361766207463504,58.24658280847028
