obj_vals,opt_results,opt_runtime,param_1,param_2,param_3,param_4,param_5,param_6,param_7
0.06680343778238144,1,220.195504156,98.28524090397684,81.81924948164131,-0.08563019238118968,88.62463623972667,56.76428946517837,20.55536337633966,57.46337416026068
