obj_vals,opt_results,opt_runtime,param_1,param_2,param_3,param_4,param_5,param_6,param_7
0.06677831996721899,1,234.695113158,101.67962717694685,80.06697425946528,0.1295214017319115,92.06632276554936,57.97619480966746,19.991724009112435,57.72730411149891
