obj_vals,opt_results,opt_runtime,param_1,param_2,param_3,param_4,param_5,param_6,param_7
0.06679394952581379,1,146.976309242,99.95037177789571,80.68214560469279,-0.26647665038842705,93.50356557620972,58.71669192182904,21.268928504877806,57.5703903010633
