obj_vals,opt_results,opt_runtime,param_1,param_2,param_3,param_4,param_5,param_6,param_7
0.06681209649581937,1,610.691783475,101.79354087700627,79.72606050825463,-0.6614360551274081,85.50419267612612,59.65627267722212,17.544760966086667,57.811381298564356
