obj_vals,opt_results,opt_runtime,param_1,param_2,param_3,param_4,param_5,param_6,param_7
0.0668486182477519,1,164.145745089,97.72651135957658,80.5669219002943,-0.578443668735022,89.41438979761658,55.16470092515971,17.91265978233042,56.9964528827904
