obj_vals,opt_results,opt_runtime,param_1,param_2,param_3,param_4,param_5,param_6,param_7
0.0668064399547158,1,284.741177841,100.93271898620243,80.43527405253616,-0.30343966193974364,85.24347248961632,59.32489835180038,19.73890298508153,57.816804728384334
