obj_vals,opt_results,opt_runtime,param_1,param_2,param_3,param_4,param_5,param_6,param_7
0.06680651782454552,1,338.562861626,101.39539945900896,80.10353576374199,-0.09773972873586499,85.50305172978327,59.64102108175974,19.246075476675745,57.790818143218004
