obj_vals,opt_results,opt_runtime,param_1,param_2,param_3,param_4,param_5,param_6,param_7
0.06681042184260642,1,294.922194438,100.78500653518184,80.39868447765426,-0.5569726970517006,84.18970729004603,58.69447844072799,19.230539893346215,57.80567106364783
