run,obj_vals,opt_converged,opt_runtime,is_best_vec,param_1,param_2,param_3,param_4,param_5,param_6,param_7
1,0.07907336672143185,1,272.538250277,1,116.01473119714204,61.55506388343993,-17.639445009240195,70.74575550092604,65.26973592286049,24.101031477308393,47.032540675624276
2,0.07907349287718365,0,3646.353753961,0,116.36608813652151,61.42390592792566,-17.61446860264495,70.79991959714425,65.30391715710519,24.10253433153651,47.06055249426877
