run,obj_vals,opt_converged,opt_runtime,is_best_vec,param_1,param_2,param_3,param_4,param_5,param_6,param_7
1,0.07873398416790618,1,257.691591842,1,113.02563099862428,62.18619342509209,-20.708250982540306,71.28048147863126,82.43518012608337,23.09268857970344,52.70173428010262
2,0.07874608946518152,1,348.044695266,0,107.3562100600346,66.53757764031755,-17.868546620206732,73.30549433668489,80.96721644010661,19.894867590263193,51.44691239645248
