run,obj_vals,opt_converged,opt_runtime,is_best_vec,param_1,param_2,param_3,param_4,param_5,param_6,param_7
1,0.07434680376790047,1,351.06075878,0,71.31988853537861,87.2811064573421,-5.254902706021098,92.07858177266435,168.25069215863886,10.217664718267342,51.36808246990848
2,0.07362014628623599,1,608.316250494,1,71.00580556255858,88.06127699892322,-4.65409772252191,83.13747596161251,189.4519510824463,3.364023162475007,51.16020738070645
