run,obj_vals,opt_converged,opt_runtime,is_best_vec,param_1,param_2,param_3,param_4,param_5,param_6,param_7
1,0.0721723509087161,1,327.336495221,1,80.8700762565733,84.44324587074514,-4.309190094988789,78.81816410868124,128.31178511626246,10.107451780506251,49.21613074821721
2,0.07247036274209988,1,228.822937781,0,82.92017654276835,81.58612633068418,-7.8945163358902155,66.51810381152038,119.80354065121473,8.784034040389232,50.82246572785152
