run,obj_vals,opt_converged,opt_runtime,is_best_vec,param_1,param_2,param_3,param_4,param_5,param_6,param_7
1,0.07210044694338211,1,264.109071526,1,123.26296117620339,72.79783138503426,3.1422684867469606,68.93040704240721,83.66332746946755,14.026479612975756,47.9173205438724
2,0.11320799512463922,0,7246.56959871,0,130.42685068976124,117.70067289675738,0.19548750888478358,52.85982194901251,73.2552072456665,31.02693937768576,13.450270641521303
