run,obj_vals,opt_converged,opt_runtime,is_best_vec,param_1,param_2,param_3,param_4,param_5,param_6,param_7
1,0.08011203709921108,1,201.312978059,0,64.92396733755074,42.04948052338254,-22.023387227755265,47.290730869199116,59.66320743693365,18.29521917329079,35.01288718348343
2,0.0801040612876655,1,387.891643596,1,65.89060123899338,41.93135485846657,-21.92232901033601,46.53120080430125,65.15809943437856,17.81710227590795,35.14556889161
