run,obj_vals,opt_converged,opt_runtime,is_best_vec,param_1,param_2,param_3,param_4,param_5,param_6,param_7
1,0.07946032010000544,1,475.601435754,1,67.60027950673978,52.62789298098061,-23.60070919126883,49.61196060817228,60.159211291667425,18.163718290477355,35.30168495326323
2,0.07946308533991699,1,355.16137342,0,68.65018239282583,52.134937644595496,-23.41673323238915,49.02511829538045,59.57759582308351,18.03314414758342,35.317625607808736
