{
    "fe_w2": 0.0,
    "delta": 0.9,
    "mu": 49.267467057980504,
    "fe_late": 0.0,
    "fe_w1": 0.0,
    "fe_w3": 0.0,
    "beta_e": 506.85399429853567,
    "prob_respond_alpha": 1.0,
    "gamma_01_factor": 1.0,
    "fe_w4": 0.0,
    "sigma_dt": 37.42658258346946,
    "alpha": 293.39205041122545,
    "fe_early": 0.2473270612208472,
    "beta_l": 1700.0223617945148,
    "gamma": 110.9350368612657,
    "prop_to_wage": 0.0
}
