c_density,c_const,vcov_density,vcov_const
1.0076663,2.0918875,.0017140688,-.0010638757
,,-.0010638757,.0015790198
