run,obj_vals,opt_converged,opt_runtime,is_best_vec,param_1,param_2,param_3,param_4,param_5,param_6,param_7
1,0.05977180110592678,1,544.373062269,0,55.25607863612942,83.21079195377207,-0.42622912957746023,79.41369261721108,29.331473525330402,11.837497796164135,39.81749454422372
2,0.0597717769238016,1,276.580381791,0,55.22422225603113,83.21684101345795,-0.43114265700180276,79.43322459590966,29.341590152834844,11.805334676387437,39.811772800420876
3,0.059771765859440204,1,233.977025369,1,55.20763804532808,83.22404893069935,-0.4311952698250182,79.50652863583868,29.328407260974625,11.81886666380513,39.80730142274839
4,0.05977181895587116,1,343.221614091,0,55.13965930831928,83.24256382348909,-0.4431804137158015,79.56112109810577,29.319306987096358,11.829835198019094,39.791391961840425
