run,obj_vals,opt_converged,opt_runtime,is_best_vec,param_1,param_2,param_3,param_4,param_5,param_6,param_7
1,0.08353242172947835,1,464.085440324,1,111.28481768733828,66.22970443699606,-14.414681184225767,74.6298734581277,24.588081326941946,19.096376167612707,41.34289811610443
2,0.08497811748637732,0,7235.688823586,0,99.46505439734959,68.73595378823515,-13.855921962436286,63.960330797335814,54.650536500364105,22.655401158762622,39.93451948581983
