run,obj_vals,opt_converged,opt_runtime,is_best_vec,param_1,param_2,param_3,param_4,param_5,param_6,param_7
1,0.08219779206283111,1,397.379019637,1,100.21091257041665,68.92311902807678,-21.732877208472555,70.82491298228688,22.73146772915885,16.399018064102652,43.64238830311826
2,0.08437993005709635,0,7236.068151448,0,93.90428089540626,70.43218686152076,-21.006074077204655,59.61478716526337,50.23299083322459,19.88183609915814,43.12906027329683
