run,obj_vals,opt_converged,opt_runtime,is_best_vec,param_1,param_2,param_3,param_4,param_5,param_6,param_7
1,0.0017567555194957505,1,220.779603314,0,54.65507608975573,103.19605666725121,0.33254566506278993,94.15099006229941,30.623508190423347,15.444125872304994,22.73916946529054
2,0.001756755548155865,1,202.361401597,0,54.65519462510013,103.19604787459195,0.332550529669731,94.1502266635762,30.623591565968066,15.444023596720681,22.739202596789927
3,0.0017567555486300505,1,201.516579162,0,54.655198830738556,103.19604761960242,0.33255079258452114,94.15021724610851,30.623592463840225,15.444022949385936,22.73920382733061
4,0.0017567555154392133,1,223.621974455,1,54.655050082459,103.19605531495067,0.3325441917096388,94.15130384887689,30.62350468289058,15.444098422942755,22.739161430105213
