run,obj_vals,opt_converged,opt_runtime,is_best_vec,param_1,param_2,param_3,param_4,param_5,param_6,param_7
1,0.0016091783444288832,1,416.571707736,0,54.82764223033623,103.05693509290786,0.3836437281795568,98.1298369233357,30.512983845894148,15.468912855534063,22.716948713133366
2,0.00160918011887223,1,440.878739599,0,54.83668257954256,103.05374614538769,0.38503103257670374,98.15465221530845,30.514531759597354,15.468079570490538,22.718160043859356
3,0.0016091814673976042,1,470.237345235,0,54.844116745264905,103.05089650718176,0.38558120826618736,98.12455981684678,30.513190529837356,15.467765684307642,22.719484907030395
4,0.001609177581056277,1,577.781254032,1,54.826757485591266,103.05445132009918,0.3841220266410124,98.12616946236636,30.513619780058374,15.467386840173752,22.715538451733273
