{
    "fe_w2": 0.0,
    "delta": 0.9,
    "mu": 54.960154122342296,
    "fe_late": 0.0,
    "fe_w1": 0.0,
    "fe_w3": 0.0,
    "beta_e": 560.7256021392293,
    "prob_respond_alpha": 1.0,
    "gamma_01_factor": 1.0,
    "fe_w4": 0.0,
    "sigma_dt": 4.085984820787848,
    "alpha": 349.1057143003857,
    "fe_early": -8.809087835109372,
    "beta_l": 348.5172887941521,
    "gamma": 78.79109931941899,
    "prop_to_wage": 0.0
}
