run,obj_vals,opt_converged,opt_runtime,is_best_vec,param_1,param_2,param_3,param_4,param_5,param_6,param_7
1,0.07860550564018665,1,183.28194479,1,101.31309506509908,65.36367224866926,-4.5127090152558775,160.1496797012191,24.44214776658985,45.24790534932929,43.534407267368344
2,0.07865021471427894,1,558.482780246,0,96.35126653355682,66.34710824651613,-4.648752500104414,103.39782346118022,25.16432138485408,40.11113998015184,42.94243626965111
