run,obj_vals,opt_converged,opt_runtime,is_best_vec,param_1,param_2,param_3,param_4,param_5,param_6,param_7
1,0.07802872182686965,1,156.251958655,0,98.7127645703251,65.94235178458918,-6.134492495173403,104.96398193435942,27.51833950977774,40.01705001119538,39.99524320193687
2,0.07801873843219811,1,229.062229652,1,97.79890972580999,65.81895295699232,-6.57356732025087,96.74875487995392,27.965840921808407,40.215929686685975,39.78548084457385
