{
    "fe_w2": 0.0,
    "delta": 0.9,
    "mu": 39.45630651787281,
    "fe_late": 0.0,
    "fe_w1": 0.0,
    "fe_w3": 0.0,
    "beta_e": 1000.6726527063066,
    "prob_respond_alpha": 1.0,
    "gamma_01_factor": 1.0,
    "fe_w4": 0.0,
    "sigma_dt": 1.018029534593958,
    "alpha": 330.58378740431607,
    "fe_early": -21.420006020596716,
    "beta_l": 758.9714221334934,
    "gamma": 73.66308326660436,
    "prop_to_wage": 0.0
}
