run,obj_vals,opt_converged,opt_runtime,is_best_vec,param_1,param_2,param_3,param_4,param_5,param_6,param_7
1,0.07673541184094514,1,326.367189239,0,137.94467095052903,84.7519670990461,6.981120518616003,73.30248276116383,49.89711652605861,22.884757089861175,55.99075075029519
2,0.07673505592702479,1,562.982985907,1,137.89926830969313,84.884202678582,6.9502146329157455,74.3429654467583,50.279998242260476,23.23741753588278,56.002791838766896
