run,obj_vals,opt_converged,opt_runtime,is_best_vec,param_1,param_2,param_3,param_4,param_5,param_6,param_7
1,0.07732272549776391,1,690.903526001,0,119.31100307459926,102.18935513519345,3.7059777239303417,57.387031430698904,47.025095961809015,21.981316472487418,50.44813117166238
2,0.07732272549737605,1,541.906946982,1,119.31087151658564,102.18939526686258,3.705943201886591,57.38711200009962,47.025098571500685,21.981290521006983,50.44811630237998
