run,obj_vals,opt_converged,opt_runtime,is_best_vec,param_1,param_2,param_3,param_4,param_5,param_6,param_7
1,0.003726939517774714,1,1943.918644186,0,42.30898301996699,111.62193786712031,0.41531214496322705,49.23332214328486,29.308008539166824,31.10672337631217,47.03796493244593
2,0.003726944928825906,1,577.205944332,0,42.28306967907188,111.63383850187746,0.4071433029834771,49.23203089551502,29.307622579332275,31.107176577559756,47.03193861473411
3,0.0037269393651857808,1,1042.719288788,1,42.31511719276882,111.6219990864405,0.417082648710344,49.23355907725504,29.307975515836283,31.106468615821882,47.03997040548798
4,0.003726948979118069,1,401.687750612,0,42.34976811325034,111.59971925953444,0.42385415696763556,49.2207875119109,29.307893438435755,31.106106795378736,47.04325175169935
