run,obj_vals,opt_converged,opt_runtime,is_best_vec,param_1,param_2,param_3,param_4,param_5,param_6,param_7
1,0.08577931443618683,1,412.778406333,0,100.14060952327395,70.61247846846088,-16.52314862788745,931.0603466955699,49.20873686924136,94.27885717545519,44.82455482115992
2,0.08577927938746538,1,412.074674764,1,100.1319255556797,70.61487467022003,-16.524907612892154,931.1199827192652,49.205494474681444,94.26821036950643,44.82264422411039
