run,obj_vals,opt_converged,opt_runtime,is_best_vec,param_1,param_2,param_3,param_4,param_5,param_6,param_7
1,0.0861479602437072,0,7249.374844787,0,131.41641410235124,62.81003502985451,-6.55635341454055,104.50518663813074,35.84093067505173,41.40454060481591,41.15161354853654
2,0.08582844448678094,1,903.482108379,1,116.96145130154902,67.03597872769049,-9.128279693738765,303.24150723796475,40.004897228576695,54.35543508627771,41.84712672988516
