run,obj_vals,opt_converged,opt_runtime,is_best_vec,param_1,param_2,param_3,param_4,param_5,param_6,param_7
1,0.08422912426110483,1,615.487784517,0,97.26971102099195,117.38009898332297,-0.37184788011005093,109.11291533144552,134.5182930289462,33.16012721899726,79.75824529368745
2,0.08419614740767321,1,511.061335515,1,97.5165859915082,115.93854444435141,-1.5092612095237221,125.49224456771067,131.17547164345902,33.815526734091584,79.83293716677606
