obj_vals,opt_results,opt_runtime,param_1,param_2,param_3,param_4,param_5,param_6,param_7
0.0841168487081215,1,288.679178462,174.91825636187062,92.71123401669081,1.00847424732363,82.14965184276117,52.908837472855076,22.50522217241394,65.2151149170987
