obj_vals,opt_results,opt_runtime,param_1,param_2,param_3,param_4,param_5,param_6,param_7
0.08412911810524676,1,450.483332591,175.87001287574753,92.22547675653374,1.4707855006761228,80.90388352745062,53.83170770545012,21.66252827302967,65.33770339153854
