obj_vals,opt_results,opt_runtime,param_1,param_2,param_3,param_4,param_5,param_6,param_7
0.08420212832193798,1,462.644800198,176.07247797410753,92.37025992001487,1.5035148332368686,78.78583624723487,54.83940241367852,20.826862901188516,65.4379532940403
