obj_vals,opt_results,opt_runtime,param_1,param_2,param_3,param_4,param_5,param_6,param_7
0.08420462104088974,1,397.999843032,178.45407438884686,91.33925334921685,2.08876103578101,81.18503734097004,53.373954337762605,23.054984622579774,65.90739496690948
