obj_vals,opt_results,opt_runtime,param_1,param_2,param_3,param_4,param_5,param_6,param_7
0.08411954700276461,1,437.932744586,173.58592746535888,93.20166657694277,0.7792526573660198,81.95718697964075,52.98981256134703,22.44520031579435,64.84049420288932
