obj_vals,opt_results,opt_runtime,param_1,param_2,param_3,param_4,param_5,param_6,param_7
0.08412154997189934,1,397.751429516,171.96893483610287,93.58204887544223,0.6074000713228949,82.28779574008826,52.369205629870194,22.684770878914076,64.4518375522777
