obj_vals,opt_results,opt_runtime,param_1,param_2,param_3,param_4,param_5,param_6,param_7
0.084208559204165,1,2611.480637796,174.47186320843613,92.83504600144678,1.0435758526959018,81.10241406771907,53.498051696937175,23.066042230983324,65.17357798929581
