obj_vals,opt_results,opt_runtime,param_1,param_2,param_3,param_4,param_5,param_6,param_7
0.08412676817942873,1,304.482904204,170.83307120788544,94.56915615969304,0.33781331858968827,82.07652576392628,52.230898953082814,22.645612171330903,64.46418791742907
