obj_vals,opt_results,opt_runtime,param_1,param_2,param_3,param_4,param_5,param_6,param_7
0.08412625045300144,1,541.667566322,182.84575744950746,89.86604056859703,3.0165402563080526,81.5693806628655,53.082632689347086,22.09083593435356,66.9272695138548
