obj_vals,opt_results,opt_runtime,param_1,param_2,param_3,param_4,param_5,param_6,param_7
0.08428517829032692,1,589.291654665,182.2950358970009,90.10819258113477,2.9496332351250087,77.31296938093386,56.24873887268113,24.94598210922925,66.78058243200702
