obj_vals,opt_results,opt_runtime,param_1,param_2,param_3,param_4,param_5,param_6,param_7
0.0841973275007014,1,718.902589163,181.3093095379848,90.50737091438913,2.7100388709557888,79.41779113125175,55.57896251448771,20.894376898534464,66.56790955426673
