obj_vals,opt_results,opt_runtime,param_1,param_2,param_3,param_4,param_5,param_6,param_7
0.08413327056848659,1,363.410024454,175.8098710966718,92.42790155815966,1.4923217094107364,81.10456733860606,53.77824711127039,21.34776489219942,65.36314381666558
