obj_vals,opt_results,opt_runtime,param_1,param_2,param_3,param_4,param_5,param_6,param_7
0.08420556642006745,0,3649.841268865,179.12877161272903,91.11888672918136,2.2340596341094487,81.64205016986644,53.36866852708943,23.13677426870922,66.07883936834716
