obj_vals,opt_results,opt_runtime,param_1,param_2,param_3,param_4,param_5,param_6,param_7
0.0841148872023152,1,295.137561647,175.1766641777284,92.45328777440199,1.3423675262497006,82.54805097255647,52.61391742348293,22.69048726896785,65.17344283093797
