obj_vals,opt_results,opt_runtime,param_1,param_2,param_3,param_4,param_5,param_6,param_7
0.08421328308184473,0,3638.655592319,172.59620459099375,93.4049079460948,0.7506573145818817,80.80073993914873,52.890317979048206,22.91747283560918,64.60434796614975
