obj_vals,opt_results,opt_runtime,param_1,param_2,param_3,param_4,param_5,param_6,param_7
0.08411559988835574,1,353.656725341,174.60884915045213,92.83826981020613,1.2025038288600256,82.34547981580694,52.50554310261069,22.63340121919937,65.13560665770137
