obj_vals,opt_results,opt_runtime,param_1,param_2,param_3,param_4,param_5,param_6,param_7
0.08462331782425901,1,226.161625925,156.27801036180222,102.01223906895919,-3.226591093068516,81.56568656780811,49.36428719036369,16.561906774874412,62.030917284527874
