obj_vals,opt_results,opt_runtime,param_1,param_2,param_3,param_4,param_5,param_6,param_7
0.08426744055997587,1,277.982670157,166.33808664875525,96.53253954947931,-0.5665229686677189,80.79743225469528,51.93224943622463,24.299842692256973,63.63213998044464
