obj_vals,opt_results,opt_runtime,param_1,param_2,param_3,param_4,param_5,param_6,param_7
0.08421894738109363,0,3641.980791652,170.8009341650329,93.94634666766736,0.27236497191479686,80.7931091915004,53.03919251432217,22.941081880428634,64.22346275603768
