obj_vals,opt_results,opt_runtime,param_1,param_2,param_3,param_4,param_5,param_6,param_7
0.08411469481671359,1,489.697511119,177.31594625714874,91.73155119748,1.7928481424310196,82.84230890266153,52.45858171443257,22.798354166975983,65.68238463574109
