obj_vals,opt_results,opt_runtime,param_1,param_2,param_3,param_4,param_5,param_6,param_7
0.08422396358013653,0,3660.528601411,169.6115681899652,94.21517579069547,0.009902675697564105,80.56485218274905,52.889618044310296,22.878965194626602,63.87514898536754
