obj_vals,opt_results,opt_runtime,param_1,param_2,param_3,param_4,param_5,param_6,param_7
0.08421964165583451,1,779.723716789,170.4721163340808,94.08651195765577,0.2394275234128644,80.32751900118953,53.25204291092131,22.891745374741433,64.12558538953468
