obj_vals,opt_results,opt_runtime,param_1,param_2,param_3,param_4,param_5,param_6,param_7
0.08416031755101136,1,238.094921507,168.76208312217832,94.91866566847139,-0.5038649787493847,80.39176947635995,52.35701257891272,20.744536541551557,64.05018302121016
