obj_vals,opt_results,opt_runtime,param_1,param_2,param_3,param_4,param_5,param_6,param_7
0.08421922450776174,0,3654.901389902,170.71262793281304,94.30589281259499,0.2799374814571004,80.38196507353359,53.25522249330533,22.90169281182812,64.32583582106096
