obj_vals,opt_results,opt_runtime,param_1,param_2,param_3,param_4,param_5,param_6,param_7
0.08422227454532999,1,3193.120121906,169.84241897581703,94.27003186898975,0.10513781694715203,80.31067293308577,53.25903033884298,22.8907944865477,63.954607419509244
