obj_vals,opt_results,opt_runtime,param_1,param_2,param_3,param_4,param_5,param_6,param_7
0.08414158716012428,1,238.277939217,175.69853875803537,92.358557371276,1.4672621892516353,80.57151002883163,53.22022457650605,20.97523944610815,65.2106109060445
