obj_vals,opt_results,opt_runtime,param_1,param_2,param_3,param_4,param_5,param_6,param_7
0.08421910492026217,1,570.064730633,170.63284658087815,94.15372457975369,0.2873578423873094,80.40225619889537,53.253802715440266,22.90538931725429,64.20595936559481
