obj_vals,opt_results,opt_runtime,param_1,param_2,param_3,param_4,param_5,param_6,param_7
0.08420617357635701,0,3638.832501931,179.79451797901174,90.8682550535737,2.3017046928187552,81.81354998174953,53.88018849871186,23.248118412045624,66.29650539895621
