obj_vals,opt_results,opt_runtime,param_1,param_2,param_3,param_4,param_5,param_6,param_7
0.08423234969697431,0,3647.485783214,167.81987492810907,94.97603623158692,-0.3453134101349327,80.10509150448897,53.18153644933456,22.846199238046186,63.48005515724486
