obj_vals,opt_results,opt_runtime,param_1,param_2,param_3,param_4,param_5,param_6,param_7
0.08411821502555966,1,300.861406882,173.54565773260993,93.39112436633572,0.9612693139002132,82.41544196516793,52.42724982884184,22.697456089031657,64.97379430990694
