obj_vals,opt_results,opt_runtime,param_1,param_2,param_3,param_4,param_5,param_6,param_7
0.0842950318085967,1,922.831505352,178.29174947330748,91.57996271178125,1.7844859599709728,76.5337660595186,55.37550210860848,24.78428568919273,65.93978883138357
