obj_vals,opt_results,opt_runtime,param_1,param_2,param_3,param_4,param_5,param_6,param_7
0.08413261052376177,1,257.162704593,175.96559851090706,92.6881095257586,1.3774039783324543,80.83945284213344,52.82566808583719,21.222311108826382,65.60123107721736
