obj_vals,opt_results,opt_runtime,param_1,param_2,param_3,param_4,param_5,param_6,param_7
0.08413719697494619,1,272.880889995,174.17508389021825,92.96312462131439,1.1016496683070482,81.53784532741795,53.57787215791736,21.139440892134637,64.89455382409977
