obj_vals,opt_results,opt_runtime,param_1,param_2,param_3,param_4,param_5,param_6,param_7
0.08415284458355628,1,560.241517981,165.55328451740274,95.75320808014796,-1.073343883136474,80.94363353130046,52.284779988563336,22.281056327240854,63.01403734169598
