obj_vals,opt_results,opt_runtime,param_1,param_2,param_3,param_4,param_5,param_6,param_7
0.08411753933484561,1,459.444427211,181.06403650561305,90.52561355907903,2.700725546633819,83.12936325806926,52.84836653739337,22.780444255706048,66.52230941163498
