obj_vals,opt_results,opt_runtime,param_1,param_2,param_3,param_4,param_5,param_6,param_7
0.08414553492466632,1,145.125609225,176.13349028305072,92.43654107994864,1.596812514314274,81.51253772130474,53.71412914722484,20.852787222631658,65.43893821744057
