obj_vals,opt_results,opt_runtime,param_1,param_2,param_3,param_4,param_5,param_6,param_7
0.08420715482441929,0,3631.658813215,175.49318243814034,92.30865717739864,1.327669084789903,80.2570488310347,53.257913276534424,22.8715986728791,65.2730829756038
