obj_vals,opt_results,opt_runtime,param_1,param_2,param_3,param_4,param_5,param_6,param_7
0.08411866387834573,1,318.098189903,173.11548317827288,93.15320306896535,0.845440041054398,82.42320566119143,52.36858465044613,22.72495461731354,64.71979710814647
