obj_vals,opt_results,opt_runtime,param_1,param_2,param_3,param_4,param_5,param_6,param_7
0.08420652536554249,0,3657.290381546,179.6193662212474,91.06269589213967,2.2980880272935837,81.53271569716674,53.15263658839582,23.081711314273022,66.27886365454479
