obj_vals,opt_results,opt_runtime,param_1,param_2,param_3,param_4,param_5,param_6,param_7
0.08411380978227584,1,369.043772122,177.5814796278692,91.62605198391766,1.8893215219739101,82.75199240163609,52.75006464209854,22.721173109183145,65.71887831749724
