obj_vals,opt_results,opt_runtime,param_1,param_2,param_3,param_4,param_5,param_6,param_7
0.08419423070063405,1,553.641231369,160.30476982575726,97.6246618171162,-2.1263079852244817,80.77191316143514,51.66894531003419,22.408039499609064,61.78604710164383
