obj_vals,opt_results,opt_runtime,param_1,param_2,param_3,param_4,param_5,param_6,param_7
0.08411750461244415,1,496.039347912,174.79448563470442,92.60486552643104,0.895741284788552,82.13862617855501,52.435697168760186,22.559552641016104,65.09794101325234
