obj_vals,opt_results,opt_runtime,param_1,param_2,param_3,param_4,param_5,param_6,param_7
0.08413224943737954,1,530.013633113,170.7721423351979,94.14102910281866,0.2911684074118005,80.49867324756345,52.78699841402234,21.950162278566655,64.2085663333488
