obj_vals,opt_results,opt_runtime,param_1,param_2,param_3,param_4,param_5,param_6,param_7
0.08412971606427715,1,348.323708055,174.7487046340361,92.87060911039237,1.0694864852477852,80.87244251982777,53.62693769704829,21.652426150570033,65.30704220057204
