obj_vals,opt_results,opt_runtime,param_1,param_2,param_3,param_4,param_5,param_6,param_7
0.08411513718572843,1,390.396785392,176.96982055863307,91.87787606576572,1.625549457116841,82.8539823600719,52.41356240173622,22.800480049546486,65.67949971878221
