obj_vals,opt_results,opt_runtime,param_1,param_2,param_3,param_4,param_5,param_6,param_7
0.08411385736021441,1,355.116089554,177.4314119983087,91.6803313016147,1.8538918542600793,82.76252128485645,52.73809864667047,22.71468897661361,65.6872556912575
