obj_vals,opt_results,opt_runtime,param_1,param_2,param_3,param_4,param_5,param_6,param_7
0.08413404946835318,1,308.263653772,169.15406755356534,94.53744201637994,-0.0943329886770305,80.94310089383299,51.845376199145946,22.265851367919243,63.81313163956629
