obj_vals,opt_results,opt_runtime,param_1,param_2,param_3,param_4,param_5,param_6,param_7
0.08413471275517512,1,261.644719278,174.72419528968322,92.79155412180369,1.298342160674199,80.70005662098707,52.80291526900788,21.134557962032922,65.00859702510013
