obj_vals,opt_results,opt_runtime,param_1,param_2,param_3,param_4,param_5,param_6,param_7
0.085287216767341,1,295.176406414,138.14921091977098,108.4948759208,-6.000511640117232,82.29714531678874,49.38059204056418,13.946777281617493,57.775476680064706
