obj_vals,opt_results,opt_runtime,param_1,param_2,param_3,param_4,param_5,param_6,param_7
0.08418694479620664,1,239.132816752,173.61859898303044,93.13167876633638,0.9555956429449645,83.66599900179125,51.05073354040484,20.568677390217545,64.74435079826101
