obj_vals,opt_results,opt_runtime,param_1,param_2,param_3,param_4,param_5,param_6,param_7
0.08420623383697061,1,306.342699993,162.38452432810476,95.47519516050001,-0.7147754923151612,79.17286169385447,51.8513955260382,21.708982588459474,61.17764371960433
