obj_vals,opt_results,opt_runtime,param_1,param_2,param_3,param_4,param_5,param_6,param_7
0.08414748728986203,1,249.152176159,171.9577553786743,94.09797920706598,0.8987569270804389,79.6669576030525,53.479823513333834,21.33186358959809,64.47049619805144
