obj_vals,opt_results,opt_runtime,param_1,param_2,param_3,param_4,param_5,param_6,param_7
0.08412182209496138,1,619.464056155,173.73668201886997,93.12646055011261,0.9740059339489989,81.08691838114248,52.96248967674358,22.098014288979364,64.93000873511721
