obj_vals,opt_results,opt_runtime,param_1,param_2,param_3,param_4,param_5,param_6,param_7
0.08412898453392778,1,423.853910264,172.47604218836943,93.54359832394121,0.30281838125084404,80.9256910931338,52.61410262477072,22.10520702682915,64.4807671340421
