obj_vals,opt_results,opt_runtime,param_1,param_2,param_3,param_4,param_5,param_6,param_7
0.08414966603070101,1,400.307170019,165.8458873937017,95.67959564883145,-0.8015259575852575,81.71108950364038,52.04820363637486,22.619067035896595,63.03869016296301
