{
    "fe_w2": 0.0,
    "delta": 0.9,
    "mu": 46.07871950422572,
    "fe_late": 0.0,
    "fe_w1": 0.0,
    "fe_w3": 0.0,
    "beta_e": 489.79666555867414,
    "prob_respond_alpha": 1.0,
    "gamma_01_factor": 1.0,
    "fe_w4": 0.0,
    "sigma_dt": 88.83942053303683,
    "alpha": 992.3765239150352,
    "fe_early": 22.473303022228528,
    "beta_l": 243.44543572331733,
    "gamma": 49.98550224825075,
    "prop_to_wage": 0.0
}
