run,obj_vals,opt_converged,opt_runtime,is_best_vec,param_1,param_2,param_3,param_4,param_5,param_6,param_7
1,0.08416485864465745,1,1825.46343475,0,149.2625465151677,42.62414469929573,1.3446740019772858,92.9614549329124,59.06850169202506,12.020435985412202,38.237616458086755
2,0.08416485143379808,1,469.355758064,1,145.4229504189093,43.224443849499025,2.050404709184703,93.17001771736365,58.888745306573306,12.019805818650184,37.75502897437259
