run,obj_vals,opt_converged,opt_runtime,is_best_vec,param_1,param_2,param_3,param_4,param_5,param_6,param_7
1,0.08272871289849096,1,199.71016599,1,120.31792786166943,39.06448951389454,-1.6792059079657544,108.6033880715894,72.56081218698999,7.2125481759333026,36.45191781801029
2,0.08286134238428164,1,160.655493206,0,112.42506660319665,40.22622434447498,-1.0448385987614643,106.24704571888407,68.2115235113793,6.421810010631071,35.78163134278691
