run,obj_vals,opt_converged,opt_runtime,is_best_vec,param_1,param_2,param_3
1,0.07991051411363365,1,31.085579604,1,92.84083849091115,88.60089564773378,1.0
2,0.0804399111514116,1,164.366212268,0,115.35820094781856,93.65446869158494,4.738739145529209
