run,obj_vals,opt_converged,opt_runtime,is_best_vec,param_1,param_2,param_3,param_4,param_5,param_6,param_7
1,0.07292234192816213,1,971.765026135,0,95.7665894705227,95.87204728804589,0.6831623920497596,49.24321880490807,177.328023397057,15.03077777969652,57.53422518029135
2,0.07285540622568833,1,340.153817549,1,92.9447244330965,96.23119313662669,0.08898787454604834,51.61482681045375,152.95898342305583,13.341793882982543,56.990572467445645
