{
    "fe_w2": 0.0,
    "delta": 0.9,
    "mu": 27.059654817963366,
    "fe_late": 0.0,
    "fe_w1": 0.0,
    "fe_w3": 0.0,
    "beta_e": 299.066945394287,
    "prob_respond_alpha": 1.0,
    "gamma_01_factor": 1.0,
    "fe_w4": 0.0,
    "sigma_dt": 11.743493545130201,
    "alpha": 350.84745673409293,
    "fe_early": -6.145879503953883,
    "beta_l": 371.2404521734499,
    "gamma": 70.50527279824084,
    "prop_to_wage": 0.0
}
