iteration,param_1,param_2,param_3,param_4,param_5,param_6,param_7
1,76.71221331050727,147.88795378871004,0.0,63.36887921635244,57.95854243444592,26.12007647477751,14.66586093734557
2,110.8970055543372,139.2940373627235,0.0,67.99312672329398,59.252773297787,33.35685365810263,35.176845173440874
3,70.20811037128074,137.97716526712463,0.0,65.98136781719543,68.52412365672215,26.954746995264077,13.759348985186614
4,70.13703891640904,111.98696786201188,0.0,58.87394146134489,28.88888457108003,22.832217599985793,36.85369869816387
