run,obj_vals,opt_converged,opt_runtime,is_best_vec,param_1,param_2,param_3,param_4,param_5,param_6,param_7
1,0.08200718281105739,1,561.074721777,0,139.42636022290037,77.33380570877078,-34.73930426686861,53.39228558153745,52.91467312307273,14.800020516016167,64.98068874331459
2,0.08200367859601372,1,622.838730669,1,141.31952976952334,76.70333775105752,-34.67528254229632,53.34528880772991,53.24906056926726,14.847757889933915,65.18448618699065
