run,obj_vals,opt_converged,opt_runtime,is_best_vec,param_1,param_2,param_3,param_4,param_5,param_6,param_7
1,0.08024709646974108,1,299.490204159,0,144.92053569497796,79.97191171756782,-4.306587597632642,123.84870563023871,90.86229750027289,32.42752366684375,63.283622128772784
2,0.08021697427689903,1,592.672022359,1,144.2182640389999,80.00735464166758,-4.617816730761306,122.92576202767683,96.75784405289636,32.162568041985416,63.20653317107252
