run,obj_vals,opt_converged,opt_runtime,is_best_vec,param_1,param_2,param_3,param_4,param_5,param_6,param_7
1,0.07803098383170652,1,145.241481084,1,63.13743217323164,79.12050230174535,-6.6967083896268775,113.6199799259066,52.84146243086551,29.510948647057138,36.00875474606282
2,0.07803254969106464,1,524.656636647,0,61.725415757962736,78.91666676832976,-6.481047782168711,109.90353616277784,52.846562627164566,29.137429555645117,35.52536862505511
