{
    "fe_w2": 0.0,
    "delta": 0.9,
    "mu": 41.104440540740015,
    "fe_late": 0.0,
    "fe_w1": 0.0,
    "fe_w3": 0.0,
    "beta_e": 372.6578600618691,
    "prob_respond_alpha": 1.0,
    "gamma_01_factor": 1.0,
    "fe_w4": 0.0,
    "sigma_dt": 27.58153913729843,
    "alpha": 291.0332984381628,
    "fe_early": -35.82862650107247,
    "beta_l": 687.4672940116163,
    "gamma": 60.54944433885051,
    "prop_to_wage": 0.0
}
