run,obj_vals,opt_converged,opt_runtime,is_best_vec,param_1,param_2,param_3,param_4,param_5
1,0.0855546857781079,1,91.350082126,1,289.2206471661213,79.42055944133169,63.43615508117159,9.631546052776718,82.1933438272989
2,0.08555471679312114,1,118.004671619,0,289.4804577521651,79.45880444777971,63.45739991097925,9.62398286800083,82.26072815266683
