run,obj_vals,opt_converged,opt_runtime,is_best_vec,param_1,param_2,param_3,param_4,param_5,param_6,param_7
1,0.08041667339091851,1,232.151850244,0,188.02862786978486,67.81607623554477,24.269922749654878,79.80294269384683,85.54125332247649,8.459842644014227,34.88432221684733
2,0.08025437050774287,1,253.077007846,1,189.01002436971618,67.50805208634304,24.9669380942067,90.69961568699759,83.9118962108852,6.130876957105417,34.9343670119005
