run,obj_vals,opt_converged,opt_runtime,is_best_vec,param_1,param_2,param_3,param_4,param_5,param_6,param_7
1,0.07986547316872833,1,255.245831133,1,242.67424769417178,63.64308838420513,38.243084766179216,101.1652794290552,114.51205397266948,7.202540146447209,39.71623171169852
2,0.07988350637248975,1,263.097458336,0,247.0985633360285,63.36391171763161,40.051717709472065,101.92374269390332,114.12712804645531,7.527886798350877,40.08728000958976
