run,obj_vals,opt_converged,opt_runtime,is_best_vec,param_1,param_2,param_3,param_4,param_5,param_6,param_7
1,0.08440850380530238,1,481.358872344,0,144.80998552043613,27.437853607219292,-25.159117389537236,65.12333091805478,80.33509839504664,13.971721640397805,51.87157460726464
2,0.08424438415259343,1,630.806882252,1,146.80850089654183,26.415154213557962,-28.82523790956405,64.13233013989458,89.82952995957244,11.984058504693278,52.266681991993764
