{
    "fe_w2": 0.0,
    "delta": 0.9,
    "mu": 47.678603682892025,
    "fe_late": 0.0,
    "fe_w1": 0.0,
    "fe_w3": 0.0,
    "beta_e": 395.7045538646971,
    "prob_respond_alpha": 1.0,
    "gamma_01_factor": 1.0,
    "fe_w4": 0.0,
    "sigma_dt": 41.89583658798742,
    "alpha": 1042.2357023333586,
    "fe_early": -5.7663220316206,
    "beta_l": 367.27888367884293,
    "gamma": 39.66563375277386,
    "prop_to_wage": 0.0
}
