{
    "fe_w2": 0.0,
    "delta": 0.9,
    "mu": 66.12133680353445,
    "fe_late": 0.0,
    "fe_w1": 0.0,
    "fe_w3": 0.0,
    "beta_e": 1062.653264588996,
    "prob_respond_alpha": 1.0,
    "gamma_01_factor": 1.0,
    "fe_w4": 0.0,
    "sigma_dt": 77.87272182470552,
    "alpha": 687.8177929062729,
    "fe_early": 13.518383382422382,
    "beta_l": 315.22440785393746,
    "gamma": 111.6142238797306,
    "prop_to_wage": 0.0
}
