run,obj_vals,opt_converged,opt_runtime,is_best_vec,param_1,param_2,param_3,param_4,param_5,param_6,param_7
1,0.08226209890335694,1,168.712228473,1,154.04494799239612,38.02631005933654,-19.017444266482762,308.07456076897256,76.89344804613658,102.85431537209462,44.434303172702094
2,0.08250141029812744,1,3691.719021593,0,137.73210508862073,44.959725729157526,-19.508442623473396,208.8970589856832,107.02773453085402,89.61967041032557,44.33744551725235
