run,obj_vals,opt_converged,opt_runtime,is_best_vec,param_1,param_2,param_3,param_4,param_5,param_6,param_7
1,0.08911384081732958,1,254.250688888,0,403.8653497077619,9.03334593771793,-53.83830607426488,178.01597246638931,59.08740437603511,35.05837042608863,62.82862839125838
2,0.08911040927638503,1,310.349731448,1,404.6139884091624,9.012966555528958,-54.53159038093936,176.82149625726095,58.152460599968514,35.4685105533555,62.834570976967626
