run,obj_vals,opt_converged,opt_runtime,is_best_vec,param_1,param_2,param_3,param_4,param_5,param_6,param_7
1,0.07761478364936683,1,174.077255694,0,62.867433038334475,57.16430224591236,-0.17190438180247958,147.11907363805992,65.9088596537201,76.52612555532235,33.682403606862394
2,0.07759421753731194,1,171.403591466,1,61.725004036753575,57.59082457495292,-0.42047615803086974,181.01867524994466,66.20694228473512,76.263544616547,33.54561948026934
