run,obj_vals,opt_converged,opt_runtime,is_best_vec,param_1,param_2,param_3,param_4,param_5,param_6,param_7
1,0.08073330988318365,1,194.105476247,1,94.8898560238421,73.53592344793857,-25.49248407347592,64.78372702979321,90.924855705295,13.209377337263058,52.10535638004126
2,0.13073738129096643,0,7217.961332258,0,130.40946066626492,118.75191646141472,0.11024577102755312,52.62245492759228,72.99644797307302,31.20812905547361,13.427185655760995
