run,obj_vals,opt_converged,opt_runtime,is_best_vec,param_1,param_2,param_3,param_4,param_5,param_6,param_7
1,0.07603841258105881,1,685.156980278,0,96.35115200121834,56.276055171235484,-22.10130935480911,68.82796702587837,46.0261773410089,60.27654881492131,36.781862535959455
2,0.07603833815478346,1,643.281349232,1,96.3020879545968,56.30155353744633,-22.092524295703193,68.74407017682101,45.95600872709447,60.537353297916354,36.77994252754358
