{
    "fe_w2": 0.0,
    "delta": 0.9,
    "mu": 42.33422162953015,
    "fe_late": 0.0,
    "fe_w1": 0.0,
    "fe_w3": 0.0,
    "beta_e": 682.9747026504683,
    "prob_respond_alpha": 1.0,
    "gamma_01_factor": 1.0,
    "fe_w4": 0.0,
    "sigma_dt": 123.91725098527675,
    "alpha": 340.2788825426572,
    "fe_early": -41.17404822393092,
    "beta_l": 326.1432661082046,
    "gamma": 75.1000947368782,
    "prop_to_wage": 0.0
}
