run,obj_vals,opt_converged,opt_runtime,is_best_vec,param_1,param_2,param_3,param_4,param_5,param_6,param_7
1,0.0744767958341382,1,648.131878664,1,103.93486419487503,103.97533280928742,2.3576533128941253,70.19674402037533,83.22504649131817,18.610696201979497,63.05543888938713
2,0.10065593435975455,0,7242.452063253,0,130.24891210032422,118.46941622614865,0.8158444794156475,52.8767505965721,73.03648477088971,31.15463400925542,13.429355021581411
