run,obj_vals,opt_converged,opt_runtime,is_best_vec,param_1,param_2,param_3,param_4,param_5,param_6,param_7
1,0.07631076790408502,1,889.551577552,1,108.55588388610978,68.04105231517634,-29.540781758285437,126.437811564286,64.3242637459467,88.76591668305522,48.22850678270706
2,0.07634380681081802,1,801.343208468,0,108.76143435176236,67.95349236002886,-32.142557148180515,87.10064253073567,73.42323694659795,29.52919624050281,48.65930454126181
