run,obj_vals,opt_converged,opt_runtime,is_best_vec,param_1,param_2,param_3,param_4,param_5,param_6,param_7
1,0.07996673871286741,1,478.952523301,1,162.49140145039866,89.07416710000874,-3.9972412415255922,108.12963669547881,68.78815440651543,3.488333015309416,63.268170763041674
2,0.0804899369470239,1,337.727153662,0,145.08467660327918,92.85646208548809,-11.138119772977236,109.44731077006772,65.90361601454856,2.619682533248044,61.949937101551896
