run,obj_vals,opt_converged,opt_runtime,is_best_vec,param_1,param_2,param_3,param_4,param_5,param_6,param_7
1,0.08145684151924773,1,240.056880258,0,153.445327373081,83.77312117738619,1.3986700820992781,74.66013069369568,65.71210113318082,4.684980899793624,52.61172167599472
2,0.08079370445120555,1,424.290179211,1,153.01538183283566,82.68598643172196,1.7569128633140845,103.87438941086121,66.61597840975071,2.6936891477306446,51.80299339521131
