run,obj_vals,opt_converged,opt_runtime,is_best_vec,param_1,param_2,param_3,param_4,param_5,param_6,param_7
1,0.0009459319822090782,1,233.979785568,1,169.13234633819604,52.81136202925103,-0.3479879369449903,127.85521072647553,68.85760374986393,14.02062571891255,19.971683839979615
2,0.0009589876523324065,1,252.496814114,0,170.49987152494796,52.445080369578996,-0.45746884605249694,127.13150726112684,68.95650606644668,14.335050663767309,20.257205300073835
3,0.0009768935085077974,1,210.083116742,0,171.09472481527445,52.31192031858603,-0.36112243475627015,127.35216843852764,69.17514906991256,14.043122566380543,20.15220610929088
4,0.0009967536063109478,1,231.836348785,0,169.8381631945471,52.64489448078444,-0.3584504194040935,125.2511179896014,69.35644918549828,14.002962419431256,20.164517133832547
