obj_vals,opt_results,opt_runtime,param_1,param_2,param_3,param_4,param_5,param_6,param_7
0.08214223866451431,1,335.666568958,89.54396955153759,88.33088294854116,7.533562624580963,77.08700917708734,47.460676714955355,20.817787260646558,54.411082097384146
