obj_vals,opt_results,opt_runtime,param_1,param_2,param_3,param_4,param_5,param_6,param_7
0.0821270632322493,1,4398.30831481,79.74771876090136,91.25239576976598,6.321413036764797,73.89251889432455,48.85625000956817,21.162496189792314,51.5410471495521
