obj_vals,opt_results,opt_runtime,param_1,param_2,param_3,param_4,param_5,param_6,param_7
0.08210589392697373,1,621.363125428,84.75751309210709,89.78426372616102,6.959016143823191,74.35182028322997,48.88100875833184,21.137509749639644,53.03499085422509
