obj_vals,opt_results,opt_runtime,param_1,param_2,param_3,param_4,param_5,param_6,param_7
0.08210636154892605,1,1295.860931777,88.82034154748015,88.6216631196374,7.436679590708506,74.56465285382404,49.18338665792704,21.32251183916442,54.26757133359385
