obj_vals,opt_results,opt_runtime,param_1,param_2,param_3,param_4,param_5,param_6,param_7
0.08210843368612236,1,2332.595819104,89.8018116365234,88.3467598866678,7.544079706930811,74.62343649116039,49.194193613848796,21.33356742147474,54.572903305128925
