obj_vals,opt_results,opt_runtime,param_1,param_2,param_3,param_4,param_5,param_6,param_7
0.08211816844338538,1,2040.512960095,81.66941417294258,90.72701837416817,6.570745224973907,73.48354352338407,48.90623941293922,21.092430651942706,52.13348219829224
