obj_vals,opt_results,opt_runtime,param_1,param_2,param_3,param_4,param_5,param_6,param_7
0.08212258515973984,1,1249.932604905,80.54653114533176,90.982182139332,6.420729613497127,73.95816198535412,48.87620502480219,21.17637853309396,51.76042343737649
