obj_vals,opt_results,opt_runtime,param_1,param_2,param_3,param_4,param_5,param_6,param_7
0.08210757666849411,1,1255.026860571,89.43466160691945,88.44924542147298,7.4998743864941675,74.58724029092295,49.17473313549619,21.324514141696227,54.46268137937526
