obj_vals,opt_results,opt_runtime,param_1,param_2,param_3,param_4,param_5,param_6,param_7
0.08211051982905931,1,845.025011695,83.77287577320604,90.07675162403972,6.813860895870475,74.20048741263403,48.98647029809219,21.23296234072831,52.769689467965826
