obj_vals,opt_results,opt_runtime,param_1,param_2,param_3,param_4,param_5,param_6,param_7
0.08210817630137547,1,371.12016562,85.20477171009361,89.63572594525802,7.000246885522893,74.1576737032052,49.026997344114086,21.22928638922811,53.16913577250257
