obj_vals,opt_results,opt_runtime,param_1,param_2,param_3,param_4,param_5,param_6,param_7
0.08262775490564435,1,293.821039399,81.95857625961027,89.64723340836507,6.685996738711759,78.14470221580147,47.54843990625479,13.953056815445505,51.408492012689344
