obj_vals,opt_results,opt_runtime,param_1,param_2,param_3,param_4,param_5,param_6,param_7
0.08210886527825759,1,1076.194497724,88.52600734694238,88.69123764754988,7.380471662182305,74.54895631331283,49.196551265311065,21.32242631730672,54.19666797663736
