obj_vals,opt_results,opt_runtime,param_1,param_2,param_3,param_4,param_5,param_6,param_7
0.08211681820759915,1,1034.822565424,81.81361032445027,90.66060292009358,6.602450782475526,73.87227749041574,48.97185428778051,21.17378798065199,52.165717149197306
