obj_vals,opt_results,opt_runtime,param_1,param_2,param_3,param_4,param_5,param_6,param_7
0.08221330178093537,1,261.140207983,100.61877683174355,85.30251512473929,8.840041152716086,77.61708320551386,47.23529448130834,21.56035212943206,57.61737654527731
