obj_vals,opt_results,opt_runtime,param_1,param_2,param_3,param_4,param_5,param_6,param_7
0.08212712845274635,0,7241.087611736,79.7404639807249,91.20913986601963,6.323861336551391,73.89061832114277,48.86128154309376,21.163108420341825,51.503983185965794
