obj_vals,opt_results,opt_runtime,param_1,param_2,param_3,param_4,param_5,param_6,param_7
0.08210440516009454,1,760.617608203,86.47334832400536,89.30263142088143,7.136653182737742,74.43021426234942,49.02723134650099,21.27247720881897,53.591091110796995
