obj_vals,opt_results,opt_runtime,param_1,param_2,param_3,param_4,param_5,param_6,param_7
0.08210826621829166,1,2021.20733511,89.73324604598677,88.36446878315152,7.535631942785705,74.62031903685264,49.189501195936465,21.332449002529426,54.55142139291734
