obj_vals,opt_results,opt_runtime,param_1,param_2,param_3,param_4,param_5,param_6,param_7
0.08225290954801488,1,271.155800428,104.81948281752209,84.29211939702849,9.340104618897445,78.74795145047173,47.750171448911416,20.975223267973686,58.76313725497429
