obj_vals,opt_results,opt_runtime,param_1,param_2,param_3,param_4,param_5,param_6,param_7
0.08244032667243582,1,167.541324859,71.40646643205461,92.94766491869028,5.244992079127296,76.13230523272573,46.39551132770157,17.13180388703847,48.38625307041156
