obj_vals,opt_results,opt_runtime,param_1,param_2,param_3,param_4,param_5,param_6,param_7
0.08214590712548776,1,274.473643247,90.1931043624203,88.22089280081211,7.569486777578733,77.84331833528805,47.8500262946764,21.223678988407876,54.72121879053447
