obj_vals,opt_results,opt_runtime,param_1,param_2,param_3,param_4,param_5,param_6,param_7
0.08212069176583575,1,1183.840636571,80.92037878312244,90.87463331206166,6.465725606266418,73.9923219844201,48.893683917818265,21.184801834135712,51.87730053448557
