obj_vals,opt_results,opt_runtime,param_1,param_2,param_3,param_4,param_5,param_6,param_7
0.0821398764557904,1,346.618420193,83.94012675975743,90.05646875147487,6.847700350307299,76.25623565487473,47.39099345085635,20.921581695146326,52.824077131703554
