obj_vals,opt_results,opt_runtime,param_1,param_2,param_3,param_4,param_5,param_6,param_7
0.08210614109940312,1,795.665207345,88.68990570682384,88.66202196143965,7.411039645183729,74.55878486349772,49.16305852849045,21.318709310039335,54.24217126226635
