obj_vals,opt_results,opt_runtime,param_1,param_2,param_3,param_4,param_5,param_6,param_7
0.08211915942112777,1,1111.719805971,81.24418487784428,90.78294245622136,6.50762573219889,74.0180551861419,48.900276569650835,21.190011709226475,51.9772099824225
