obj_vals,opt_results,opt_runtime,param_1,param_2,param_3,param_4,param_5,param_6,param_7
0.08210955968278907,1,1213.253101997,84.89283964218697,89.42230222867072,6.903579445657556,74.17156790816405,49.098374181561724,21.243677905621045,52.91814840201954
