obj_vals,opt_results,opt_runtime,param_1,param_2,param_3,param_4,param_5,param_6,param_7
0.08210478491548501,1,778.172867092,87.57874373941907,88.98401706960342,7.273671773950626,74.48467935278578,49.09586987650345,21.296192320932903,53.91828576860597
