obj_vals,opt_results,opt_runtime,param_1,param_2,param_3,param_4,param_5,param_6,param_7
0.0821078072576424,1,639.470859256,87.47037576781057,89.08467477607036,7.261857363884566,74.45190155111356,49.16929335269792,21.302030839540794,53.95095066608555
