obj_vals,opt_results,opt_runtime,param_1,param_2,param_3,param_4,param_5,param_6,param_7
0.0821093967238151,1,701.957560482,88.83970515271396,88.60395672861543,7.416073560724027,74.49426455566285,49.23188337192934,21.31751512451304,54.294045721608434
