obj_vals,opt_results,opt_runtime,param_1,param_2,param_3,param_4,param_5,param_6,param_7
0.08210509405976493,1,865.936225441,87.91241165917985,88.89768102097986,7.3155847829827305,74.51432998450848,49.12173625423901,21.305105154504584,54.021887237532894
