obj_vals,opt_results,opt_runtime,param_1,param_2,param_3,param_4,param_5,param_6,param_7
0.08211062445964967,1,559.454821286,83.82494281578782,89.9368144906951,6.845551127869261,74.15196818513631,49.00897257392107,21.227593409192963,52.67264549411391
