obj_vals,opt_results,opt_runtime,param_1,param_2,param_3,param_4,param_5,param_6,param_7
0.08212287221797636,1,1089.011811246,80.53471218612225,91.00927922212664,6.4175668801724735,73.68371866490278,48.961523614274626,21.139717455719982,51.774190267247334
