obj_vals,opt_results,opt_runtime,param_1,param_2,param_3,param_4,param_5,param_6,param_7
0.08212084897068468,1,1090.259400855,80.89097356647076,90.87333797860629,6.466472017787517,74.00061303142878,48.89793984012849,21.1870351550443,51.85746126631211
