obj_vals,opt_results,opt_runtime,param_1,param_2,param_3,param_4,param_5,param_6,param_7
0.08210615257574409,1,734.574025731,88.69339152204513,88.64907366666667,7.401087976274479,74.54853487656449,49.1680194409538,21.317600773619343,54.244809509119136
