obj_vals,opt_results,opt_runtime,param_1,param_2,param_3,param_4,param_5,param_6,param_7
0.08210772483308879,1,619.027164021,85.64296410891122,89.5211260426361,7.038715033516046,74.3019246098566,49.04303604790228,21.257519833143625,53.324120246396284
