obj_vals,opt_results,opt_runtime,param_1,param_2,param_3,param_4,param_5,param_6,param_7
0.08210837490700552,1,632.506168249,85.01318158770324,89.72139046090906,6.977687483400783,74.3331786541232,48.9912298641503,21.256029105024297,53.13374549190326
