obj_vals,opt_results,opt_runtime,param_1,param_2,param_3,param_4,param_5,param_6,param_7
0.08210781997009149,1,1897.463745875,89.54335441633557,88.4201800492681,7.513221725214718,74.59548975393103,49.181882248466245,21.32698454217085,54.495788019526834
