obj_vals,opt_results,opt_runtime,param_1,param_2,param_3,param_4,param_5,param_6,param_7
0.08210760247207015,1,535.283494768,86.172284567637,89.35913208688297,7.117661827511999,74.20172802866001,49.20672663066862,21.26433906800971,53.463629590872934
