obj_vals,opt_results,opt_runtime,param_1,param_2,param_3,param_4,param_5,param_6,param_7
0.08210957892294263,1,401.142984085,84.68791479618632,89.80899932654677,6.933036754556314,73.75949239557745,49.081224168538185,21.16365244365368,53.09107959285465
