obj_vals,opt_results,opt_runtime,param_1,param_2,param_3,param_4,param_5,param_6,param_7
0.08210793921349692,1,870.562941446,89.59321818245567,88.4033066209354,7.517108001737267,74.57660096593567,49.20048818846793,21.325655432024096,54.51124481848391
