obj_vals,opt_results,opt_runtime,param_1,param_2,param_3,param_4,param_5,param_6,param_7
0.08210845630203659,1,662.23754125,83.46949961769512,90.19374543336092,6.797362604720682,74.45242180875987,48.92905577480998,21.262242827782615,52.6823880354139
