obj_vals,opt_results,opt_runtime,param_1,param_2,param_3,param_4,param_5,param_6,param_7
0.08210749108988401,1,885.341959259,87.07224813543651,89.10491383127089,7.203438328945997,74.4511568438608,49.111838701720636,21.293427034685745,53.760444418244646
