obj_vals,opt_results,opt_runtime,param_1,param_2,param_3,param_4,param_5,param_6,param_7
0.08210759063823235,1,2192.327524404,89.44083846019952,88.44925493622105,7.500792707953056,74.59361406117533,49.177939597877355,21.326068172597406,54.46566498671764
