obj_vals,opt_results,opt_runtime,param_1,param_2,param_3,param_4,param_5,param_6,param_7
0.08215369562256225,1,345.478934906,90.78305445658238,88.08433519586984,7.529330940439331,78.5510349858414,48.485917596887546,21.022788045318222,55.013872685154084
