obj_vals,opt_results,opt_runtime,param_1,param_2,param_3,param_4,param_5,param_6,param_7
0.08212170122393163,1,2247.651356033,80.71936646183377,90.93278623942103,6.443132364489064,73.98147882026574,48.86660588247141,21.17878955120512,51.81315459645036
