obj_vals,opt_results,opt_runtime,param_1,param_2,param_3,param_4,param_5,param_6,param_7
0.08214381235159865,1,217.751897215,89.9384301995949,88.24526689286536,7.538372387165464,77.48774042406326,47.7535863345952,21.05513335295466,54.61432478305454
