obj_vals,opt_results,opt_runtime,param_1,param_2,param_3,param_4,param_5,param_6,param_7
0.08210863167050521,1,1077.667152277,87.74385338736764,88.85948262719673,7.329917389835419,74.14851575391289,49.39661914156171,21.28225175657217,53.880018271500674
