obj_vals,opt_results,opt_runtime,param_1,param_2,param_3,param_4,param_5,param_6,param_7
0.08210657569073274,1,537.523870389,88.93363182447646,88.59461306186216,7.432860719848892,74.59223822355351,49.16065014038961,21.323997602897414,54.32282234255206
