obj_vals,opt_results,opt_runtime,param_1,param_2,param_3,param_4,param_5,param_6,param_7
0.08216102359914672,1,191.315009731,93.99641351367045,87.16872730760633,8.064267999174172,77.75219048248034,47.65814075531784,21.194128762519313,55.77665084450509
