obj_vals,opt_results,opt_runtime,param_1,param_2,param_3,param_4,param_5,param_6,param_7
0.08210711555062142,1,751.403293266,89.21545424840575,88.48514913687258,7.471604867850501,74.5646109372054,49.18661203099022,21.322614010609076,54.381240033387186
