obj_vals,opt_results,opt_runtime,param_1,param_2,param_3,param_4,param_5,param_6,param_7
0.08210540444499675,1,801.86128954,88.17142283962683,88.80799300611731,7.351842210169457,74.56823629453281,49.14977980676695,21.318127706944647,54.083978606042436
