obj_vals,opt_results,opt_runtime,param_1,param_2,param_3,param_4,param_5,param_6,param_7
0.08210669902418612,1,636.614392672,88.98876123487719,88.53969706543205,7.453165216372508,74.64462940136313,49.180302586708464,21.336674360515666,54.29891238610952
