obj_vals,opt_results,opt_runtime,param_1,param_2,param_3,param_4,param_5,param_6,param_7
0.0821411517980868,1,211.937266066,89.16283483331097,88.5351353220986,7.4679736977257045,77.13255081515126,47.475809390073685,20.898931296238505,54.38831749699419
