obj_vals,opt_results,opt_runtime,param_1,param_2,param_3,param_4,param_5,param_6,param_7
0.08210594579743628,1,718.879821545,88.57168283668268,88.69256229666411,7.403662075781231,74.5247872856829,49.15311903517929,21.311026645691605,54.197630467672575
