obj_vals,opt_results,opt_runtime,param_1,param_2,param_3,param_4,param_5,param_6,param_7
0.08213094005344396,1,2665.443211223,79.13702834524389,91.40706106754753,6.2500697584306595,73.81398048167715,48.857822041794336,21.149363589713335,51.33158713444845
