obj_vals,opt_results,opt_runtime,param_1,param_2,param_3,param_4,param_5,param_6,param_7
0.08213998504259583,1,273.641266289,88.24139526248628,88.64826831859982,7.444891003876232,76.86107410647156,47.52699819698216,20.90129384675955,53.9207340545347
