obj_vals,opt_results,opt_runtime,param_1,param_2,param_3,param_4,param_5,param_6,param_7
0.08210522231995644,1,603.271529604,88.01420722104008,88.83362040652703,7.332848562626175,74.56267584954041,49.12149497388882,21.313794273753132,54.024279163024424
