obj_vals,opt_results,opt_runtime,param_1,param_2,param_3,param_4,param_5,param_6,param_7
0.08216338574318315,1,301.737013395,94.44063656203782,87.03490372776528,8.081662838345325,77.75973618328523,47.497721779426875,20.709824305139858,55.93412505570378
