obj_vals,opt_results,opt_runtime,param_1,param_2,param_3,param_4,param_5,param_6,param_7
0.08210568144012857,1,687.546872405,88.38617212196246,88.72717807299838,7.3724480974258775,74.46182764249836,49.11523462417485,21.293836686423262,54.13661942874256
