obj_vals,opt_results,opt_runtime,param_1,param_2,param_3,param_4,param_5,param_6,param_7
0.08210748105930124,1,702.533027814,89.39051637814116,88.46293085539703,7.494214666074479,74.59265607517851,49.18342837919167,21.32694701241676,54.450836392332334
