obj_vals,opt_results,opt_runtime,param_1,param_2,param_3,param_4,param_5,param_6,param_7
0.08211952321011223,1,968.902265128,81.16622743600469,90.80588614006007,6.495038673008668,74.0051026702497,48.882236898788584,21.184907882934503,51.954883101791665
