obj_vals,opt_results,opt_runtime,param_1,param_2,param_3,param_4,param_5,param_6,param_7
0.08210507777304099,1,487.626335225,85.6527626645563,89.52732996005912,7.045199635928329,74.50039900060844,48.954654176476765,21.02765475463039,53.32632427075033
