obj_vals,opt_results,opt_runtime,param_1,param_2,param_3,param_4,param_5,param_6,param_7
0.08211816240431834,1,1454.160316645,81.47185328414159,90.71240850944973,6.5361561349651645,74.06158142677923,48.88257811570115,21.194819820433672,52.04218014527486
