obj_vals,opt_results,opt_runtime,param_1,param_2,param_3,param_4,param_5,param_6,param_7
0.08210802131167876,1,988.967052066,86.11056802937598,89.44524478475923,7.012333339460413,74.07502613425083,48.99660969893102,21.207829489311713,53.576314475833605
