run,obj_vals,opt_converged,opt_runtime,is_best_vec,param_1,param_2,param_3,param_4,param_5,param_6,param_7
1,0.08143781174143967,1,178.992063139,0,73.20344711137024,37.14419001996746,-21.154742416400662,85.94011733494116,56.14382669600463,20.10389532627773,31.057864258962557
2,0.08143434180392428,1,245.820044588,1,73.68069156968805,37.266114228606966,-20.748566332119825,86.83201497763883,58.50167542241525,23.595091499562663,31.238537281304403
