run,obj_vals,opt_converged,opt_runtime,is_best_vec,param_1,param_2,param_3,param_4,param_5,param_6,param_7
1,0.07188660099132926,1,445.694397242,0,111.29484681996055,60.197221691546176,-12.660622229234198,86.48698811997725,69.27179024808392,15.21512017304093,51.57397174650449
2,0.07188656593857362,1,374.101475987,1,111.21675214627633,60.21479511539546,-12.69130413771579,86.51107828072249,69.3629200751482,15.203229915903014,51.570186149784085
