run,obj_vals,opt_converged,opt_runtime,is_best_vec,param_1,param_2,param_3,param_4,param_5,param_6,param_7
1,0.07238401635583018,1,601.076911927,1,127.9219813099309,67.15455864327615,-20.36637617515865,80.73149108281952,66.11311999421605,27.12677042916438,52.95356948506491
2,0.07246789436443922,1,281.493121423,0,126.91466084257458,67.63306183647917,-19.38628162626678,76.27320604824479,70.1043467466831,21.459720356901443,52.91169389558165
