run,obj_vals,opt_converged,opt_runtime,is_best_vec,param_1,param_2,param_3,param_4,param_5,param_6,param_7
1,0.08984849915915637,1,621.357925975,1,43.64824401961628,62.825244595719276,-9.903120095310307,98.82884037444343,48.14392220436503,9.720077736380969,29.617047135429857
2,0.08985113464006123,1,412.882339372,0,44.20145348580213,62.623182196368106,-10.08887890995382,99.05181415235087,48.23639070089393,9.643522729050499,29.793581319944295
