run,obj_vals,opt_converged,opt_runtime,is_best_vec,param_1,param_2,param_3,param_4,param_5,param_6,param_7
1,0.08117476419101038,1,438.497937073,1,96.38668467305745,105.48428535366371,-12.423954360817989,78.347709038508,54.58270779231983,15.588418685009445,37.13895687403058
2,0.08117476532948548,1,447.453449584,0,96.44245487382464,105.45798536631168,-12.421003781334415,78.3655955657936,54.584817824174706,15.581273999254918,37.14671095181509
