run,obj_vals,opt_converged,opt_runtime,is_best_vec,param_1,param_2,param_3,param_4,param_5,param_6,param_7
1,0.0829640286523555,1,315.935469731,1,85.33297931254057,103.55904189122879,-23.357431473153692,58.648203085119505,355.58962958527746,14.958351890674317,43.224634778511096
2,0.08320174845115076,1,520.731755626,0,85.89301443160028,104.11042359885265,-22.606515695219205,62.20882906152802,151.72604750423855,20.052539049876025,43.040288162435374
