run,obj_vals,opt_converged,opt_runtime,is_best_vec,param_1,param_2,param_3,param_4,param_5,param_6,param_7
1,0.07910603604803304,1,252.391065945,0,179.42929868434376,60.808463880239636,-0.145821148958425,72.27792408795746,47.406061170017566,71.04609354823006,39.827439868559686
2,0.079104385268314,0,3660.687850244,1,181.1880552670047,60.305217300254796,0.2753175234592671,69.0013544054811,48.19683138606586,71.1625248615235,40.03834256169045
