run,obj_vals,opt_converged,opt_runtime,is_best_vec,param_1,param_2,param_3,param_4,param_5,param_6,param_7
1,0.08070206069852946,1,409.485890997,1,166.90954938592512,53.34978878225961,16.600247396374694,125.37693533973557,68.1517457885614,1.000034966790549,38.10979190851707
2,0.13203194185839862,0,7219.984243727,0,129.2395334675815,116.43301227337676,1.6216666232214223,53.88448964304114,73.24281921978978,30.705071884670588,13.354463459780515
