{
    "fe_w2": 0.0,
    "delta": 0.9,
    "mu": 49.29679158271877,
    "fe_late": 0.0,
    "fe_w1": 0.0,
    "fe_w3": 0.0,
    "beta_e": 311.6346404606341,
    "prob_respond_alpha": 1.0,
    "gamma_01_factor": 1.0,
    "fe_w4": 0.0,
    "sigma_dt": 9.63648848140103,
    "alpha": 547.7113019772346,
    "fe_early": 1.914447486399837,
    "beta_l": 324.28094990162595,
    "gamma": 93.56359330352365,
    "prop_to_wage": 0.0
}
