iteration,param_1,param_2,param_3,param_4,param_5,param_6,param_7
1,57.11652853073035,61.95174789038783,0.0,34.75459836499202,42.37730208831078,16.77329335005106,28.488655919193768
2,132.7374409385208,65.30194143234257,0.0,44.6320878151171,59.416072654021804,13.014500046803315,28.67574766077804
