run,obj_vals,opt_converged,opt_runtime,is_best_vec,param_1,param_2,param_3,param_4,param_5,param_6,param_7
1,0.002518347883948366,1,349.1770003,0,39.49771060862594,79.23864514263937,0.03955142491486366,110.46005060064014,30.027676341329528,11.325694970853606,33.18263445107894
2,0.0025181649023874038,1,176.8104633,1,39.14696823865425,79.34059269474784,0.004366482165381622,118.50545681857871,29.95714129845048,11.310997137173368,33.101884642870395
