run,obj_vals,opt_converged,opt_runtime,is_best_vec,param_1,param_2,param_3,param_4,param_5,param_6,param_7
1,0.002343914719271275,1,145.3412935,0,38.83184737390615,79.36372219432437,-0.02380536907538286,125.17396127668168,29.882367315224823,11.180864223509882,33.03185852927298
2,0.00234391385643212,1,146.4279833,1,38.83222726327181,79.36339122295605,-0.02362972936539692,125.16670780453444,29.881779186754123,11.181177590102688,33.031834569269144
