run,obj_vals,opt_converged,opt_runtime,is_best_vec,param_1,param_2,param_3,param_4,param_5,param_6,param_7
1,0.08112100396489581,1,357.251087058,0,159.40442898093485,62.68033040886331,-27.82374082131223,119.92769961099845,70.66270439241856,26.300992532439388,57.37867662849102
2,0.08106304676119266,1,175.291598957,1,162.00984275595354,62.027259409201314,-27.93744806303598,120.2418726927007,69.5753911121297,21.513120930271693,57.598934798421645
