run,obj_vals,opt_converged,opt_runtime,is_best_vec,param_1,param_2,param_3,param_4,param_5,param_6,param_7
1,0.08111207819513105,1,385.960092526,0,102.95763893167064,93.45320278039718,8.52482320670302,54.315869695424546,57.385663867446006,10.6127385573207,49.82788575052021
2,0.0810443310414055,1,305.87296118,1,95.99958104928258,95.84884007204698,6.837835241395148,54.56070316086243,57.36937059296933,9.902258562197149,48.93704655791255
