run,obj_vals,opt_converged,opt_runtime,is_best_vec,param_1,param_2,param_3,param_4,param_5,param_6,param_7
1,0.005372585901119246,1,342.429467578,0,73.74410442201892,138.55483594599352,1.3158223925927486,89.748446049053,110.06576027242994,7.577571530970597,49.29382149150591
2,0.0045559920343337165,1,663.378247503,0,69.40839747326538,138.7867465824536,0.9888654957691813,85.38831803456667,112.85259400867213,8.149394389325819,47.79002565060274
3,0.0037195216284755016,1,546.860045257,1,79.29949251288343,137.8291232003596,1.6415263840102987,108.65341504931172,109.42805816315273,4.891975881272169,51.0645188641986
4,0.0048796451622250435,1,252.072846491,0,70.73955890104828,138.88478980624703,1.087158553824293,93.81989159772841,109.23558277641698,7.060851066530428,48.34625663401113
