run,obj_vals,opt_converged,opt_runtime,is_best_vec,param_1,param_2,param_3,param_4,param_5,param_6,param_7
1,0.0032837773170969115,1,230.207193559,0,71.78161602959639,137.21963934539028,0.45779595964061215,108.94705657154852,89.11977085338401,5.3039844696093885,48.902069934667864
2,0.0032013023840412216,1,230.637664277,0,61.96304334658443,138.5764855187043,-0.13096033837819415,108.9359496871194,96.33304109076587,5.476664572206456,45.464565955605615
3,0.0028282960082758797,1,213.388522418,1,67.60526730171034,138.15958802517915,0.03828570635608253,110.95230937203826,96.25208440343414,5.0554159493783875,47.6731616327998
4,0.0043817636054686365,1,164.862445404,0,83.39753504677735,135.5676349061992,0.5094448333193219,112.80219720712961,86.91962470322335,2.869132748231986,52.64159452696248
