run,obj_vals,opt_converged,opt_runtime,is_best_vec,param_1,param_2,param_3,param_4,param_5,param_6,param_7
1,0.09266955542065024,1,497.805868053,1,74.15892662307854,42.102670690752156,-14.228661761086109,55.118808982352036,108.58360515206353,16.49677927951677,36.90871683455841
2,0.09364639080121236,1,179.33873702,0,77.71370872673018,42.76230342749031,-14.414378060121043,62.92480649408413,63.76493145359252,4.074046622044108,38.0110655070339
