run,obj_vals,opt_converged,opt_runtime,is_best_vec,param_1,param_2,param_3,param_4,param_5,param_6,param_7
1,0.09371813054252774,1,141.868677252,0,85.07286151108184,47.56586685908625,-17.478394405924902,62.6253984412517,60.87177796525688,19.092444372799818,37.76104714901562
2,0.09364466392044345,1,639.358596358,1,85.10795192885558,48.451260735463805,-16.235459751658617,59.89627698663905,64.96829250971169,19.145869160625995,37.6578214400343
