run,obj_vals,opt_converged,opt_runtime,is_best_vec,param_1,param_2,param_3,param_4,param_5,param_6,param_7
1,0.0837090575432125,0,3689.407050524,0,70.3081047464708,96.35123944896273,-1.780502102946507,68.25628971033427,48.798259799997055,18.756150722134755,42.98484478773662
2,0.08370900534428363,0,3670.71907082,1,70.62958903076418,96.12993920032868,-1.82191385085916,68.26403514849969,48.81045918359191,18.76092608551788,43.04013343968044
