run,obj_vals,opt_converged,opt_runtime,is_best_vec,param_1,param_2,param_3,param_4,param_5,param_6,param_7
1,0.08541527599210444,1,711.861283996,1,87.18413601604043,84.82893064639275,-3.8381220689805504,68.64133266441289,46.97061159817946,22.01032920611912,41.63584803422698
2,0.08541753088521513,1,872.580255144,0,87.80327957529347,84.5545872496137,-3.783831565567951,68.59788284454355,46.597628830847576,23.082289320343943,41.71162511453889
