run,obj_vals,opt_converged,opt_runtime,is_best_vec,param_1,param_2,param_3,param_4,param_5,param_6,param_7
1,0.0881854237538314,1,438.639862593,1,128.88693876688257,56.62961481141176,-0.9552442276241094,132.21369996552033,30.35103077069478,47.363838796337525,45.82923716848549
2,0.0886203824886731,1,833.143154483,0,125.95289959287722,58.253344719654095,1.2644057152601844,333.02768139021697,46.93262032486748,86.71575322637749,46.35572006275026
