run,obj_vals,opt_converged,opt_runtime,is_best_vec,param_1,param_2,param_3,param_4,param_5,param_6,param_7
1,0.08866952870654699,1,376.608546977,1,126.85410959985714,56.37773861596802,6.630453121459944,412.2408967698656,41.156159824993686,94.6744009491879,50.57159092755828
2,0.08866952870658444,1,358.508263978,0,126.85410906426702,56.377736372064625,6.630448017973395,412.2416948865933,41.156147714610725,94.67430596342254,50.571591140452625
