run,obj_vals,opt_converged,opt_runtime,is_best_vec,param_1,param_2,param_3,param_4,param_5,param_6,param_7
1,0.056994536607477754,1,279.179249071,0,30.703046644781026,16.80158817902184,0.39995390597310493,474.3147578066005,25.569759431726375,43.635626452044264,83.39668425623996
2,0.057001637826558704,1,177.331458642,0,30.806140774721584,16.76010855599914,0.46383707574198113,428.49794343978914,25.734367052465213,41.637694765118624,83.42163119334205
3,0.05678251296871251,1,455.376868748,0,29.026332354844453,17.929089026366476,0.17531491299822471,2093.225147360188,25.616973718370524,42.67542382351234,83.65785459076731
4,0.05673267916643611,1,232.432212078,1,29.389427331069452,17.64631803130175,0.448870462622983,7288.617279598195,25.51185775606682,41.8171343951568,83.55707852700257
