run,obj_vals,opt_converged,opt_runtime,is_best_vec,param_1,param_2,param_3,param_4,param_5,param_6,param_7
1,0.0810077471363447,0,3636.308306827,0,168.3945096218529,90.83441894705258,15.16660937553424,72.73724873822134,83.96552355759692,8.20643078958591,56.07785167923657
2,0.08097014871914501,1,937.829061447,1,171.07751332355787,89.77805564244946,15.511580602079976,67.27089979658439,75.74312855610837,8.967446499795479,56.34612638683162
