run,obj_vals,opt_converged,opt_runtime,is_best_vec,param_1,param_2,param_3,param_4,param_5,param_6,param_7
1,0.08277558301105768,1,452.292061662,0,150.56665059450182,82.19585548791798,13.398356869754998,86.54253167796625,50.35501100259303,44.50744423091736,44.48714977705203
2,0.0822211930304882,1,393.676986818,1,145.39514821649027,82.82863637043185,10.196418174045782,65.11430612432089,66.11047212468864,12.716859884083838,45.19253003592176
