run,obj_vals,opt_converged,opt_runtime,is_best_vec,param_1,param_2,param_3,param_4,param_5,param_6,param_7
1,0.07632852868694476,0,3678.54670144,0,85.38817508547712,72.83480192404745,-0.7893423568252593,70.72910668598686,57.50095432328937,23.21065820696628,46.04400430854539
2,0.07515914492236869,1,1545.460910569,1,83.85280889870388,73.55205577020551,-1.0539958206033166,59.77143872082403,63.38914266922794,12.107239608192156,46.10789394465555
