run,obj_vals,opt_converged,opt_runtime,is_best_vec,param_1,param_2,param_3,param_4,param_5,param_6,param_7
1,0.07656897585978935,1,1038.449137475,0,70.99388422987474,78.6731006103061,-0.2484749113395053,61.022317332961734,66.33739605154632,8.1287525536787,48.26748023196938
2,0.07592963366064315,1,967.29591731,1,74.77694235063271,78.11940772438626,2.0463762663881218,62.372078989958695,68.21253726552699,16.587991349537347,47.46533678920369
