run,obj_vals,opt_converged,opt_runtime,is_best_vec,param_1,param_2,param_3,param_4,param_5,param_6,param_7
1,0.07754513791229015,1,518.534370329,0,97.39093009153434,104.350363449752,4.464497666230317,52.351175971409035,54.75695870458075,11.043536403060802,49.32975868100059
2,0.0774435261657311,1,239.241203904,1,97.10747517052666,104.45296410138221,4.57960513987059,51.97634613579557,55.616645616342865,10.601843818499622,49.26655781169136
