run,obj_vals,opt_converged,opt_runtime,is_best_vec,param_1,param_2,param_3,param_4,param_5,param_6,param_7
1,0.07721205332192925,1,232.563963863,0,75.18328860970257,101.12324130678338,-13.830856361336158,48.00905123787645,62.71491946981337,18.66417387046453,46.04119775540502
2,0.07719998808925542,1,426.841146534,1,74.96599502540145,101.18077815310448,-13.928178730001088,47.59663831429054,63.75755593928548,17.96391216543701,46.06000929420881
