run,obj_vals,opt_converged,opt_runtime,is_best_vec,param_1,param_2,param_3,param_4,param_5,param_6,param_7
1,0.07813727327468191,1,1399.651328092,1,75.46097357253245,92.97989335909624,-15.02573211599257,55.55922059702645,58.981697012204236,12.499921510300709,54.72166742688138
2,0.07849808806963998,1,289.639822532,0,81.77184538299664,90.28554518106789,-13.457726773707675,53.82953142124161,68.50279007932971,13.877985648786776,54.1801423953725
