run,obj_vals,opt_converged,opt_runtime,is_best_vec,param_1,param_2,param_3,param_4,param_5,param_6,param_7
1,0.09093028516791267,1,382.07779649,1,143.37877370576123,58.47851623641837,-7.935108516862939,79.53140585274953,57.403303800752695,17.357665139534426,42.14203789269698
2,0.09093028521301316,1,253.891836793,0,143.37363423828612,58.48045805407818,-7.934067931444159,79.53492230792588,57.40295589471481,17.357088353801156,42.14101941669666
