run,obj_vals,opt_converged,opt_runtime,is_best_vec,param_1,param_2,param_3,param_4,param_5,param_6,param_7
1,0.09182696166666338,1,338.946555903,0,139.96366901274754,59.935024116017,-15.638408371813517,81.33976619383621,75.74936671355016,6.746497334418225,49.236795190539944
2,0.09147239539532984,0,3640.521811348,1,135.01013415457578,61.18888552147796,-16.311106521490128,90.05874917945575,73.24175532892109,9.199887116665844,49.72866345517521
