run,obj_vals,opt_converged,opt_runtime,is_best_vec,param_1,param_2,param_3,param_4,param_5,param_6,param_7
1,0.08116361786538108,1,881.505807692,1,149.12160595619667,90.23398151917036,-10.045582721847156,72.72343357320744,88.31148426203215,11.810402614162351,51.71125837491381
2,0.09788765249412432,0,7230.864942703,0,129.106597988293,117.27174047496993,0.8844491686176091,55.02714521469454,73.44724815934296,30.878151172028282,16.3741101255459
