run,obj_vals,opt_converged,opt_runtime,is_best_vec,param_1,param_2,param_3,param_4,param_5,param_6,param_7
1,0.0809398060199001,1,455.239306893,1,215.91231176659267,32.83973799582781,24.40974042388932,66.72040302944013,95.37332351120014,34.58862206782347,45.257372162713956
2,0.08095644005902662,1,987.894408716,0,196.90267834758768,35.409486548525734,25.316858085520266,65.58007410111314,90.12407897129125,34.95271523039317,42.4523304349641
