run,obj_vals,opt_converged,opt_runtime,is_best_vec,param_1,param_2,param_3,param_4,param_5,param_6,param_7
1,0.08590076581573139,1,397.349644552,0,114.79281038898841,70.7285462260874,-31.900818415369105,51.96910959527252,65.54544721671373,6.608566204105605,70.44662982909162
2,0.08590051600497492,1,421.698496564,1,115.29866969574053,70.56054931685503,-31.91537969749918,52.04205626152978,64.9643456250953,6.63134313046866,70.49020277214768
