run,obj_vals,opt_converged,opt_runtime,is_best_vec,param_1,param_2,param_3,param_4,param_5,param_6,param_7
1,0.08616067706842602,1,208.5824358,0,113.9493832375906,78.89898674030269,-29.331318472234585,48.602936358197674,56.53539553950337,10.685335117066419,62.467812862314005
2,0.08614635202518044,1,230.022048476,1,113.63134863888031,79.40159753710782,-30.34141478716509,48.37790921274019,56.94037673158951,10.673805660428043,63.32228141526904
