run,obj_vals,opt_converged,opt_runtime,is_best_vec,param_1,param_2,param_3,param_4,param_5,param_6,param_7
1,0.08527264468273832,1,728.555997309,0,148.26370955930278,80.10357054851463,5.156552148796424,63.028562666081626,53.62358564972145,15.58279641527227,40.33243554793589
2,0.08526990209600743,0,3644.378336638,1,149.54529188423385,79.74685887017239,5.794621979533209,63.18351060539727,53.51655106625265,15.847389031720459,40.452111520105376
