{
    "fe_w2": 0.0,
    "delta": 0.9,
    "mu": 59.06311921172954,
    "fe_late": 0.0,
    "fe_w1": 0.0,
    "fe_w3": 0.0,
    "beta_e": 386.39220885808396,
    "prob_respond_alpha": 1.0,
    "gamma_01_factor": 1.0,
    "fe_w4": 0.0,
    "sigma_dt": 8.725414825327297,
    "alpha": 529.8953890797668,
    "fe_early": -8.717160589624942,
    "beta_l": 277.72080888829464,
    "gamma": 71.89461812261075,
    "prop_to_wage": 0.0
}
