run,obj_vals,opt_converged,opt_runtime,is_best_vec,param_1,param_2,param_3,param_4,param_5,param_6,param_7
1,0.08098344020764388,0,7237.7630246,0,165.15280781307533,62.091049098101166,3.01855633644897,116.6570784019857,43.70459263367767,41.61138961426519,51.05957351814036
2,0.08096220819265863,0,7245.35646416,1,166.04885637600742,62.00831002370955,3.2279603450726513,120.87280091781714,45.3759012465317,43.172700017400246,51.29334204558346
