run,obj_vals,opt_converged,opt_runtime,is_best_vec,param_1,param_2,param_3,param_4,param_5
1,0.08220359795133765,1,91.612852646,0,241.62203734986224,78.73107390822096,77.40174160436243,13.880764276250279,70.28482329976346
2,0.08220270084122856,1,57.784317247,1,242.21668693240187,79.92159123211636,79.0482540141753,14.433911090005658,70.85964693442718
