run,obj_vals,opt_converged,opt_runtime,is_best_vec,param_1,param_2,param_3,param_4,param_5,param_6,param_7
1,0.0837297807487448,1,252.263396281,0,100.71310316921807,99.51623178552511,6.09821382452244,312.67064656780207,58.6857044829123,367.8499853579084,56.75007055633827
2,0.08366946653442536,1,458.569366695,1,101.49509930229218,99.2064637916384,5.978363488647908,408.4563258721959,53.38984725552269,393.01756853063335,56.109530144754025
