run,obj_vals,opt_converged,opt_runtime,is_best_vec,param_1,param_2,param_3,param_4,param_5,param_6,param_7
1,0.08105647355080065,1,376.022275814,0,91.68887696584495,71.01361593103033,-3.7377842342062726,599.1649623304994,64.30922904868281,49.618401633615676,57.69000299590567
2,0.07872493815574669,0,7221.458939573,1,86.13280456338589,71.50748657511683,-9.578458600085819,122.57789300681621,146.128126224242,7.1227577124589105,58.69571821429357
