run,obj_vals,opt_converged,opt_runtime,is_best_vec,param_1,param_2,param_3,param_4,param_5,param_6,param_7
1,0.07924943664624684,1,432.456359303,0,109.73602855591251,66.15070169500041,0.6035860449064003,286.60786628718165,71.51041605914371,104.03969229856506,52.54013792204827
2,0.07866869491388803,1,383.472681224,1,103.59878321989108,65.64859828309278,-5.944533278244299,110.1936661709325,94.28690763892115,13.588031296727143,51.8685082285965
