run,obj_vals,opt_converged,opt_runtime,is_best_vec,param_1,param_2,param_3,param_4,param_5,param_6,param_7
1,0.0814950141598807,1,564.112756616,1,129.77573768059662,103.3785122895561,-1.3128914356695465,62.54757927365535,45.1037124564579,17.355399818272232,50.94003431702869
2,0.08149516343279553,1,375.340066061,0,130.82100673633633,103.02966628535964,-1.1092749300151765,62.65127109635826,45.13544503498227,17.35012475744014,51.10089687205368
