run,obj_vals,opt_converged,opt_runtime,is_best_vec,param_1,param_2,param_3,param_4,param_5,param_6,param_7
1,0.07669955746790727,1,855.178204985,0,159.0441659762739,60.3257817791472,-0.08676880798717826,31.8284034278377,30.180441755261427,32.185957683980206,80.78433032392257
2,0.07669956268347093,1,517.635147874,0,159.24298160885587,60.267728428469624,-0.0470162240946677,31.858076974221927,30.18401976466205,32.17415242564263,80.80624122119119
3,0.07669955473200342,1,1208.098173595,1,159.07010095980655,60.31860167209992,-0.08138084756985392,31.83278633189217,30.18190992635002,32.18323276405758,80.78675822434748
4,0.07669955721427137,1,535.449759048,0,159.0490648114257,60.32422920209147,-0.08402976483388924,31.82866965865945,30.182429206252657,32.176077243066786,80.78388386845747
