run,obj_vals,opt_converged,opt_runtime,is_best_vec,param_1,param_2,param_3,param_4,param_5
1,0.08993238833015732,1,74.211716717,0,350.10002690842146,86.36050060067272,73.78355953894517,25.77294559151852,80.10726177536903
2,0.08993174506274158,1,57.173860014,1,350.01943299331884,86.27566654266509,74.38383708384039,25.33725462340211,80.13466611542619
