run,obj_vals,opt_converged,opt_runtime,is_best_vec,param_1,param_2,param_3,param_4,param_5,param_6,param_7
1,0.0785632190606658,1,278.959081796,0,118.7795432249305,62.36397866530608,-4.610009509971522,172.03383809536982,40.85795614616134,15.21944347376791,43.527327050590884
2,0.07856300639442351,1,212.423679576,1,117.48983966590565,62.55752605118433,-4.675755061126232,169.43392350641759,41.15931686824398,15.338143236504878,43.52149229604531
