run,obj_vals,opt_converged,opt_runtime,is_best_vec,param_1,param_2,param_3,param_4,param_5,param_6,param_7
1,0.07907167933359903,1,260.502428428,0,103.70139344311497,65.5300261902906,-5.422164148046372,208.7858212746668,44.952746630636675,6.717623671558859,46.481600494341734
2,0.0789488108486875,1,818.866288611,1,105.0130208844875,67.13519469002058,-5.085226436051521,206.58137717403142,43.09619806931196,8.257584133775508,46.892263542433774
