run,obj_vals,opt_converged,opt_runtime,is_best_vec,param_1,param_2,param_3,param_4,param_5,param_6,param_7
1,0.07849745634537142,1,852.030768823,0,97.25797370961669,70.68312877974475,10.86971223516656,80.69925239775276,61.93993638966376,14.962257999767811,44.7412064195933
2,0.07849683268030457,1,1825.531509401,1,100.07257688608077,70.0485576012483,11.235772286657612,80.93627404217976,62.07667505592429,15.234928614623117,45.22251920529414
