run,obj_vals,opt_converged,opt_runtime,is_best_vec,param_1,param_2,param_3,param_4,param_5,param_6,param_7
1,0.07943959541559546,1,590.81016129,1,92.2116458300623,71.1064879563453,16.129810325602552,93.92455402201263,119.04538483307454,13.098065952997628,47.96976825265087
2,0.07964530374766823,1,254.705274331,0,97.76082657123169,69.50433795306311,16.472393814884622,95.81635107425625,131.87229132305106,17.976846303233398,49.41590095744495
