run,obj_vals,opt_converged,opt_runtime,is_best_vec,param_1,param_2,param_3,param_4,param_5,param_6,param_7
1,0.08229162526323239,1,469.481974042,0,90.60808478473695,93.84749355154906,-21.53657693946406,129.534331822805,36.73505424432765,21.532133685062373,58.732137611676904
2,0.08195691118197881,1,255.167602749,1,88.91612040769283,94.29888516999536,-21.16367885004447,294.2564257899762,35.985394954610975,23.162542826451887,58.45088253524795
