run,obj_vals,opt_converged,opt_runtime,is_best_vec,param_1,param_2,param_3,param_4,param_5,param_6,param_7
1,0.0857805338725381,1,265.555720113,1,92.93738766975201,69.36376354097538,-13.205872690040401,38.08430093088659,46.140502192263014,21.835496673134468,48.81339684767558
2,0.08578075900700527,1,793.579352877,0,92.5496522500264,69.65508195779746,-13.189709550923547,38.234842128151534,46.57811050474685,21.987160107501605,48.81452134002229
