run,obj_vals,opt_converged,opt_runtime,is_best_vec,param_1,param_2,param_3,param_4,param_5,param_6,param_7
1,0.08100399585888157,1,491.425239003,1,80.1728831562493,59.703545539961354,-24.903452140064942,71.83178280612876,58.98610852485523,33.88589053083374,40.74644467114972
2,0.0810042237778959,1,302.388759845,0,80.17847391401203,59.69262853917952,-24.910341848541194,72.15398405393469,58.93937842070911,34.18413777972219,40.74829243470135
