run,obj_vals,opt_converged,opt_runtime,is_best_vec,param_1,param_2,param_3,param_4,param_5,param_6,param_7
1,0.08489782437736491,1,403.694268574,0,72.62605209950705,103.17616556889858,-33.07604811622003,64.70753238481272,52.721804959682025,19.868050550254544,50.442887764362176
2,0.08489782423978502,1,5469.367674195,1,72.68965999250526,103.13982454305439,-33.10400225810744,64.70900891625811,52.721044141195875,19.868611697082507,50.4528379875119
