run,obj_vals,opt_converged,opt_runtime,is_best_vec,param_1,param_2,param_3,param_4,param_5,param_6,param_7
1,0.0837276218067362,1,390.616672367,1,56.87990435664633,93.9423863303067,-20.373439837381074,63.68720048305058,50.658019260011855,14.33711346029757,47.56792120489893
2,0.13136660299565464,0,7259.051385535,0,130.4020527093466,118.6242579168714,0.5867130553125105,52.307390275923595,72.85324139478753,31.274734013457707,13.415820893009833
