run,obj_vals,opt_converged,opt_runtime,is_best_vec,param_1,param_2,param_3,param_4,param_5,param_6,param_7
1,0.07383363485628669,1,232.455051702,1,124.57415663749876,53.54554537231503,-39.655533199729824,73.31757198530545,217.8802520440248,28.01011800801426,74.80618271720398
2,0.12413496370587768,0,7226.366042905,0,129.68017292300044,116.17035772678304,1.1401883268070923,53.447695696343864,73.6359292827031,30.861838611426954,13.392171777125888
