run,obj_vals,opt_converged,opt_runtime,is_best_vec,param_1,param_2,param_3,param_4,param_5,param_6,param_7
1,0.07261228507656216,1,385.881571989,1,143.40608408257305,64.17753933098282,-44.585644052286355,75.46269199214154,222.94362610191178,28.18595787046593,74.40826878492653
2,0.09715311511870504,0,7255.596137285,0,129.21056883369803,116.76126243705009,0.08126864679120267,53.91057352258902,73.82059720204109,31.68462963447224,15.299772517981259
