run,obj_vals,opt_converged,opt_runtime,is_best_vec,param_1,param_2,param_3,param_4,param_5,param_6,param_7
1,0.08716793869401168,1,1133.396236388,0,227.6332491527337,70.69192367879555,19.522694814986274,146.16355337684544,47.109269765189005,121.72281528322813,49.21161382568702
2,0.08716774968361202,1,442.061332881,1,227.208739483036,70.78548642063964,19.362810705459392,147.5791169387637,47.23149216905804,118.3916301972623,49.19836371496932
