run,obj_vals,opt_converged,opt_runtime,is_best_vec,param_1,param_2,param_3,param_4,param_5,param_6,param_7
1,0.09147261636371679,1,490.858888905,0,83.07191962213926,72.69693573665145,-14.948710614669569,262.9067544891335,176.8700474429135,165.16262324981454,47.18702563768725
2,0.09139154378651873,1,357.696791253,1,79.1271011268947,73.28476744848267,-15.486088389732135,329.10850618002365,211.33386027348573,181.67264291818697,46.620934947779546
