run,obj_vals,opt_converged,opt_runtime,is_best_vec,param_1,param_2,param_3,param_4,param_5,param_6,param_7
1,0.09562716730050624,0,7243.231637547,0,130.47047943992814,58.68796908284689,-3.843470564755787,76.56881945760036,44.56627600920089,29.9475915926569,35.284087217902844
2,0.09550814935630954,1,513.216046424,1,102.26183779313628,66.21922341629832,-12.798263158728217,92.00243867320135,118.50100419741226,67.06937447814056,41.371583610999544
