run,obj_vals,opt_converged,opt_runtime,is_best_vec,param_1,param_2,param_3,param_4,param_5,param_6,param_7
1,0.08255950831435138,1,775.13211764,0,125.00937009552223,83.72421277465487,-20.333128989430723,72.09950580434966,53.272622901293026,18.95547847883412,39.67937216856145
2,0.0825594452308837,1,712.900823597,1,125.04868139904748,83.74536267129804,-20.273251476300985,72.1008528874006,53.257847739851506,18.9739334950256,39.68510410698989
