run,obj_vals,opt_converged,opt_runtime,is_best_vec,param_1,param_2,param_3,param_4,param_5,param_6,param_7
1,0.07841764245254686,1,466.686802939,1,120.93066827260294,80.90970426006812,-16.711466927723052,111.12848779216976,106.50675378456062,25.43475688015314,56.14811713423092
2,0.09819968239883599,0,7228.470962069,0,128.8373940722733,113.85326614931044,3.290297393874189,57.734897104513976,74.42071526204768,31.845646597154996,16.32042163430343
