run,obj_vals,opt_converged,opt_runtime,is_best_vec,param_1,param_2,param_3,param_4,param_5,param_6,param_7
1,0.07847587539515383,1,245.265817847,0,104.50791173436264,80.85988676956622,-8.225440297085413,157.35025617424657,126.74952231426509,41.51238532476286,56.78055842867661
2,0.07829994929193167,1,260.038654362,1,107.13282621054333,81.27563952622604,-6.472245421115539,201.7641865670937,95.41405284739938,27.671747799212618,57.118877742996915
