run,obj_vals,opt_converged,opt_runtime,is_best_vec,param_1,param_2,param_3,param_4,param_5,param_6,param_7
1,0.07946283184835368,1,194.704444421,0,136.0079635029218,73.75746293129002,11.71830655474672,120.5152126175001,38.734380084028025,62.61220461699839,55.80029562435991
2,0.07945066206750856,1,355.95477132,1,136.68215652696173,73.66129712734926,11.64655683444237,130.60571895790764,39.80727200007452,67.94411111963372,56.08327175801901
