run,obj_vals,opt_converged,opt_runtime,is_best_vec,param_1,param_2,param_3,param_4,param_5,param_6,param_7
1,0.07973267798098561,1,5181.209073803,0,122.10452494737626,74.20312785327712,12.845791716256462,248.88080191784786,42.78137866720129,128.81575907190415,59.146069219849416
2,0.07965186553091237,1,922.975528959,1,120.37646663296627,75.00748224469339,12.671745311439585,419.86103845978283,42.396418369138175,135.94212114932523,59.16622196646917
