{
    "fe_w2": 0.0,
    "delta": 0.9,
    "mu": 42.01460458383235,
    "fe_late": 0.0,
    "fe_w1": 0.0,
    "fe_w3": 0.0,
    "beta_e": 363.99314946308033,
    "prob_respond_alpha": 1.0,
    "gamma_01_factor": 1.0,
    "fe_w4": 0.0,
    "sigma_dt": 25.99242080292517,
    "alpha": 564.8026256626781,
    "fe_early": 0.1917566194771952,
    "beta_l": 405.59558039584425,
    "gamma": 78.02093202971727,
    "prop_to_wage": 0.0
}
