run,obj_vals,opt_converged,opt_runtime,is_best_vec,param_1,param_2,param_3,param_4,param_5,param_6,param_7
1,0.0842911269828915,1,525.441359749,0,359.4100363523729,2.124531208592838,9.457251484735684,75.63314018420812,80.42450217687006,17.644622208226195,67.52916099591742
2,0.08429112641223269,1,437.078541369,1,359.29627333133607,2.1414579983919357,9.45617405876788,75.61917279720028,80.4210742600232,17.676266122205153,67.52702192912764
