{
    "fe_w2": 0.0,
    "delta": 0.9,
    "mu": 60.52492450194598,
    "fe_late": 0.0,
    "fe_w1": 0.0,
    "fe_w3": 0.0,
    "beta_e": 490.24400352016494,
    "prob_respond_alpha": 1.0,
    "gamma_01_factor": 1.0,
    "fe_w4": 0.0,
    "sigma_dt": 37.96200472255264,
    "alpha": 515.1544799126406,
    "fe_early": -36.807538482921885,
    "beta_l": 1534.7929455852357,
    "gamma": 50.617378351577614,
    "prop_to_wage": 0.0
}
