run,obj_vals,opt_converged,opt_runtime,is_best_vec,param_1,param_2,param_3,param_4,param_5,param_6,param_7
1,0.0803986916471367,1,440.806638086,0,81.54082193878466,80.50260271638,-23.40584238172665,60.89765996336997,83.842425632077,14.00822255686116,48.6430848925415
2,0.07925828968626407,0,3624.39601948,1,81.20774644878492,79.79941768375946,-24.163736872804908,56.37202413173752,162.75440039643956,11.978502668613043,48.36910513560813
