run,obj_vals,opt_converged,opt_runtime,is_best_vec,param_1,param_2,param_3,param_4,param_5,param_6,param_7
1,0.07899901562429719,1,205.514478007,1,85.81696645591192,89.23816889806166,-22.10200547669514,55.977493374577534,72.31296102504706,14.953272233760272,45.82966192075659
2,0.07900868716518554,1,205.824918298,0,86.97340158679715,90.70402001945897,-21.303292249909884,56.344542298593986,71.75312188383305,15.28725447509798,46.579274481203115
