run,obj_vals,opt_converged,opt_runtime,is_best_vec,param_1,param_2,param_3,param_4,param_5
1,0.08873146487812693,1,63.067199456,1,251.61046309039642,73.93893756716452,71.90575535426488,23.778246322106924,67.27223218777522
2,0.08873152523724509,1,95.367816172,0,251.56510115826714,73.9484955891708,71.93593660817749,23.843018285589274,67.26473663733853
