run,obj_vals,opt_converged,opt_runtime,is_best_vec,param_1,param_2,param_3,param_4,param_5,param_6,param_7
1,0.0789439747643593,1,333.650355494,1,98.93794227657942,77.53392307929629,10.795252686966716,78.34391512391923,54.91100582085581,20.432523929244514,34.809107091662376
2,0.07894398018163234,1,477.242395324,0,98.92258476698706,77.53207371758289,10.787824299790358,78.38462556204172,54.94963341463417,20.407266363533534,34.808026780266374
