run,obj_vals,opt_converged,opt_runtime,is_best_vec,param_1,param_2,param_3,param_4,param_5,param_6,param_7
1,0.08333201808182528,1,396.314964668,1,149.21231912351632,52.187780985817604,1.995166316257928,88.17208528840847,166.7621343766528,86.52422935133367,51.43795178162242
2,0.08333202272917595,1,476.266317942,0,149.37537413613057,52.160155169627416,2.036499500337903,88.44224805585547,167.32026132905958,87.10032437060153,51.45501060310672
