run,obj_vals,opt_converged,opt_runtime,is_best_vec,param_1,param_2,param_3,param_4,param_5,param_6,param_7
1,0.08271868648276097,1,1544.365843359,1,139.01902675068388,54.79088862804606,1.6050287913861683,109.63486450845924,74.23583826608379,87.75565778530331,44.37432699321744
2,0.0827188929570633,0,7242.988867498,0,138.94545791374415,54.79554009232175,1.5967436146701188,109.39946836004736,74.06933272794309,87.53046365446409,44.36215829852302
