run,obj_vals,opt_converged,opt_runtime,is_best_vec,param_1,param_2,param_3,param_4,param_5,param_6,param_7
1,0.07901647819911367,1,506.249283176,0,98.8962155104761,36.289755459033884,-1.214498289529097,56.026586860285136,38.26041405571166,10.07802031696502,39.25755026081438
2,0.07901643557029177,1,448.001362133,1,98.4165287924061,36.35827097208382,-1.4160450286058768,55.9090750385903,38.23602076629714,10.067662445098836,39.19947260442784
