run,obj_vals,opt_converged,opt_runtime,is_best_vec,param_1,param_2,param_3,param_4,param_5,param_6,param_7
1,0.07912680219747908,1,868.07158097,1,103.74011610364765,44.8716638814858,-4.152036430039501,57.96351347709109,39.02344955391053,11.472023223660852,37.84513756752228
2,0.07914646684486558,1,344.75590473,0,97.53141203879986,45.74889936777303,-5.739992260417935,62.1653642696596,38.492775891128105,11.608322978283226,36.915229907308515
