{
    "fe_w2": 0.0,
    "delta": 0.9,
    "mu": 53.64674077152017,
    "fe_late": 0.0,
    "fe_w1": 0.0,
    "fe_w3": 0.0,
    "beta_e": 658.6492933128476,
    "prob_respond_alpha": 1.0,
    "gamma_01_factor": 1.0,
    "fe_w4": 0.0,
    "sigma_dt": 34.82381423314429,
    "alpha": 723.0583728309441,
    "fe_early": -1.4028173646416764,
    "beta_l": 538.8721558498443,
    "gamma": 68.79470853573997,
    "prop_to_wage": 0.0
}
