run,obj_vals,opt_converged,opt_runtime,is_best_vec,param_1,param_2,param_3,param_4,param_5,param_6,param_7
1,0.0829709981982203,1,227.78588226,0,78.97421292420587,104.81364653574973,-13.383696601818846,515.6141365463615,35.26882260196008,26.448423335340483,56.75136562854855
2,0.08290145145443231,1,246.478064207,1,86.19546159986766,101.91243179357724,-12.043687622852136,633.2200103964346,34.88381204141151,28.324559785506356,58.47579760660847
