run,obj_vals,opt_converged,opt_runtime,is_best_vec,param_1,param_2,param_3,param_4,param_5,param_6,param_7
1,0.08442569959795466,1,367.221359793,1,71.89381405663453,118.26977024444632,-12.161294359639587,122.44640633888272,36.576380160003964,35.741963607649666,48.01065891966792
2,0.08442569959797687,1,325.371237841,0,71.89384712758554,118.26974582020387,-12.16130273958848,122.44592231100074,36.57638783491157,35.741941949938195,48.010663440130244
