run,obj_vals,opt_converged,opt_runtime,is_best_vec,param_1,param_2,param_3,param_4,param_5,param_6,param_7
1,0.09429530768328523,1,268.976644427,1,102.18768578862013,90.10279877683892,-25.875831249470167,87.53211787394173,59.94020958733659,6.204725889123536,47.70795417186275
2,0.09438165408493022,1,598.055989508,0,88.231044024585,97.740284457735,-27.279695929896715,87.65753081592041,58.22886787873509,6.528109840920635,44.829328327503724
