{
    "fe_w2": 0.0,
    "delta": 0.9,
    "mu": 45.589377417492535,
    "fe_late": 0.0,
    "fe_w1": 0.0,
    "fe_w3": 0.0,
    "beta_e": 895.4322680664462,
    "prob_respond_alpha": 1.0,
    "gamma_01_factor": 1.0,
    "fe_w4": 0.0,
    "sigma_dt": 11.870719687543174,
    "alpha": 385.9631018410921,
    "fe_early": -12.659787651710927,
    "beta_l": 324.4409249246946,
    "gamma": 80.27621677955554,
    "prop_to_wage": 0.0
}
