run,obj_vals,opt_converged,opt_runtime,is_best_vec,param_1,param_2,param_3,param_4,param_5,param_6,param_7
1,0.0831649391148126,1,464.812170884,1,179.80211118112885,80.92951890626597,35.34953396989205,67.7727789118685,59.908549255880935,41.11761662984166,54.801387724543815
2,0.08325355477624927,1,532.338208392,0,176.9586304538993,81.63791824359484,34.36107488521583,63.68303111652758,66.63849468569579,40.42228611835787,54.91672399277787
