run,obj_vals,opt_converged,opt_runtime,is_best_vec,param_1,param_2,param_3,param_4,param_5,param_6,param_7
1,0.0798241400999236,1,1682.666145438,0,91.57027181103808,70.81718236109634,-10.389786565225629,59.065636908057485,168.71748234897947,12.428644824936876,44.90228632648014
2,0.07981869082569214,1,297.898110214,1,91.0137117253504,71.18607188170766,-10.242466863341187,59.24664104650342,169.6347819205611,12.781221021694613,44.88331077021802
