run,obj_vals,opt_converged,opt_runtime,is_best_vec,param_1,param_2,param_3,param_4,param_5,param_6,param_7
1,0.07974052696352149,1,205.016461097,1,94.8258712690649,69.04022374284747,-7.514241223476859,62.48492145677183,81.25803416844583,16.82867075764799,39.857198422176765
2,0.07986550213807232,1,196.668311625,0,94.09936953518462,68.83967309284075,-7.789366961454674,60.67469654410823,75.95685148045443,16.726910741606975,39.28773040062861
