run,obj_vals,opt_converged,opt_runtime,is_best_vec,param_1,param_2,param_3,param_4,param_5,param_6,param_7
1,0.08396632809994878,1,558.913903332,0,147.82423181079943,94.07642368202389,24.793169750921667,52.80981213998196,71.72771473874796,42.957740727056844,47.732973975560206
2,0.08396484712431516,1,730.770717204,1,148.0435193520221,94.13683133486705,24.845452291401436,52.859880273347436,72.48679029206298,40.37698216219229,47.828820958010404
