run,obj_vals,opt_converged,opt_runtime,is_best_vec,param_1,param_2,param_3,param_4,param_5,param_6,param_7
1,0.0788949399228506,1,239.922982472,1,118.49933963103298,81.55052396273494,-36.56422737669022,83.069499318717,201.09106759968185,8.51876961035451,53.5762733398198
2,0.09814920622143926,0,7246.051059516,0,131.03246385248195,116.01656079075045,-0.5908293683573713,59.77595608127924,74.6554850555542,30.046816407165952,15.85130515384349
