run,obj_vals,opt_converged,opt_runtime,is_best_vec,param_1,param_2,param_3,param_4,param_5,param_6,param_7
1,0.07971969258837411,1,304.567356649,1,95.16289885878643,71.17450562432704,-34.33995899005402,85.55571944217462,123.42106484350646,7.053443531406486,51.940708459825984
2,0.1203770577583636,0,7225.774833465,0,131.50358425234413,114.09348211647566,0.6632258721036165,56.39789070308695,74.95922169557238,28.836573571906584,13.693801357527244
