run,obj_vals,opt_converged,opt_runtime,is_best_vec,param_1,param_2,param_3,param_4,param_5,param_6,param_7
1,0.0844519940084219,1,350.484155936,0,178.0653342136577,52.95948459698222,12.366974928636454,291.26162860488284,30.008002278543835,240.95866052961895,50.034614958824285
2,0.08429233288767793,1,4513.330635758,1,177.02740350576326,53.077543463017335,11.673766192474403,430.92330036647263,28.855746858210328,246.68585833247946,49.81705843449626
