run,obj_vals,opt_converged,opt_runtime,is_best_vec,param_1,param_2,param_3,param_4,param_5,param_6,param_7
1,0.0748211579058864,1,542.047366433,0,43.51158956512767,89.40390427788589,-3.4409303703079606,61.33435095437418,441.6643893611979,15.44729683059681,44.53456751318038
2,0.07466525850906401,1,577.415217008,1,43.328649305049545,86.94258780297793,-2.1726023504482974,57.240407352945056,409.1237354698421,16.349358490622386,42.36020727355221
