run,obj_vals,opt_converged,opt_runtime,is_best_vec,param_1,param_2,param_3,param_4,param_5,param_6,param_7
1,0.09489084686715202,0,7246.120391254,1,111.4075308473824,66.19929416956923,-21.46904600298697,159.0313618802974,97.55798517980773,113.64402046288602,67.70245449277412
2,0.0949098147222983,1,544.462829653,0,99.10938492856569,70.0885053256919,-18.78056703081585,337.09023555900694,133.34731061092327,268.62886693207747,67.09520614697338
