run,obj_vals,opt_converged,opt_runtime,is_best_vec,param_1,param_2,param_3,param_4,param_5,param_6,param_7
1,0.08657092982964264,1,1056.282053176,1,143.08546930230526,87.980937273896,-14.320315857711574,65.9281470400753,131.052676892701,2.4854575592988657,55.78687847013546
2,0.10286366337763332,0,7239.037220527,0,129.8981317703569,117.64798891946009,1.9099745386537776,52.34476215373301,73.14846740399834,30.151303116816862,15.445997359125942
