run,obj_vals,opt_converged,opt_runtime,is_best_vec,param_1,param_2,param_3,param_4,param_5,param_6,param_7
1,0.09457777204398903,1,252.942852489,0,108.43376788494285,119.0487994970434,9.02865033436683,58.821047538854266,67.2202621588598,11.039933851900763,63.47937923722616
2,0.08843871901938488,1,1558.341311671,1,136.4374426271613,78.36635735310016,-2.914580186942336,55.80443091915204,106.9103102456553,3.5487902813349645,59.407742059402366
