run,obj_vals,opt_converged,opt_runtime,is_best_vec,param_1,param_2,param_3,param_4,param_5,param_6,param_7
1,0.05078740732835083,1,232.766757047,1,80.00745182553496,71.23271005648526,-0.10889306601154583,70.19706543994482,67.513735630551,27.04878946755791,23.11559282160757
2,0.0508033608831513,1,344.283942417,0,80.1278909400229,71.2213657826269,-0.11931066681520228,71.61068467045149,64.62538117269342,25.82811888658326,23.137659782549147
3,0.050787581067318815,1,318.248261098,0,80.39053252050704,71.11701174819773,-0.07962094683185271,69.93526180347982,67.29890483838032,27.16145666332847,23.170707290668815
4,0.05078890365595933,1,298.30566517,0,79.98356515767729,71.20471521796799,-0.1797589443490312,69.96882354542025,67.22546870719594,26.487403555181526,23.117643277611673
