run,obj_vals,opt_converged,opt_runtime,is_best_vec,param_1,param_2,param_3,param_4,param_5,param_6,param_7
1,0.08913673710276958,1,516.340579647,0,240.95066880015906,24.585024681543434,-36.43775154262857,71.53895901254856,54.22932716043037,18.569382845488256,65.95152392295607
2,0.08906214396620335,1,450.133099709,1,238.48385150042026,24.342594009803577,-39.15247767841478,70.44902917420382,55.28841234676966,14.31573170635544,66.00469840193588
