run,obj_vals,opt_converged,opt_runtime,is_best_vec,param_1,param_2,param_3,param_4,param_5,param_6,param_7
1,0.08045739081507894,1,359.461590461,0,84.38732032915082,75.7871687788782,-15.108937638975865,54.14338844816878,92.43869984898267,1.0164606663057822,49.442901009678444
2,0.07908321099109579,1,831.565866005,1,114.96966260623316,68.43571266692307,-4.971589685027676,56.41607240251215,113.15552412036212,2.220457223580205,62.25182966543842
