run,obj_vals,opt_converged,opt_runtime,is_best_vec,param_1,param_2,param_3,param_4,param_5,param_6,param_7
1,0.07911908444870919,1,480.988441981,0,116.5291841555676,76.86270416099198,-6.550961890914438,48.57851181202836,71.42789848888131,9.466219240808764,58.801750405672095
2,0.07884546157081233,1,279.388678187,1,111.22487245661512,78.42444092066904,-7.702252148892913,49.56426301481797,78.8270171366704,7.872241934064358,58.728665882741055
