run,obj_vals,opt_converged,opt_runtime,is_best_vec,param_1,param_2,param_3,param_4,param_5,param_6,param_7
1,0.0874408006637335,1,632.530663823,1,144.81475291575592,42.197778724661376,11.863987527825362,95.06389998969811,103.08237894983569,1.0000059912745582,56.91750323057357
2,0.09096620062319412,1,203.90992248,0,128.55445484467475,45.218305908360655,9.691740460101018,100.13336213789461,80.97293563825653,7.409021637928957,59.313377580215864
