run,obj_vals,opt_converged,opt_runtime,is_best_vec,param_1,param_2,param_3,param_4,param_5,param_6,param_7
1,0.07832886113443241,1,221.496049079,0,76.0132086341562,121.79275883629828,-11.2432512080135,50.9969053377367,60.924146001527134,5.077596086484174,53.09724049775448
2,0.07830939563275471,1,365.519442291,1,77.99102601948897,119.52567620966826,-12.380451707727985,51.318276514814706,59.70791456190985,5.013002181541959,53.77016577872143
