run,obj_vals,opt_converged,opt_runtime,is_best_vec,param_1,param_2,param_3,param_4,param_5,param_6,param_7
1,0.0781046314653175,1,662.640540894,1,86.43086904993575,106.44624523251778,-16.584728963928402,61.97557305819392,61.56921539744344,2.292422921486931,63.958522212512584
2,0.07854183015532981,1,240.253067168,0,98.56766034177093,103.93393482180892,-9.112258935082187,75.44574624292535,67.91887205513892,5.129777064854248,65.42358845991508
