run,obj_vals,opt_converged,opt_runtime,is_best_vec,param_1,param_2,param_3,param_4,param_5,param_6,param_7
1,0.0872970998798292,1,3992.051406934,0,413.9604028272258,0.0,-63.221797889236115,159.35487153349928,55.641867762954284,46.63007434693314,95.19899358530908
2,0.08729539440159355,1,536.820539185,1,407.8228664235293,0.18742831841610988,-64.67497244943735,163.42703879922834,55.31568102665391,46.95932076554694,94.2871057297233
