run,obj_vals,opt_converged,opt_runtime,is_best_vec,param_1,param_2,param_3,param_4,param_5,param_6,param_7
1,0.08757258326292938,1,307.697034751,1,16.039579439279233,55.49239139275058,0.9336472447974067,56.632169371413255,43.60976998548842,18.493721426124917,23.93118759442956
2,0.08757556844543304,1,213.334689964,0,15.355729117854857,55.52064167561571,0.7969339609094627,61.072407513911465,45.15246141629641,22.5487028748365,23.598558182027055
