{
    "fe_w2": 0.0,
    "delta": 0.9,
    "mu": 53.801305150922474,
    "fe_late": 0.0,
    "fe_w1": 0.0,
    "fe_w3": 0.0,
    "beta_e": 561.5430973728995,
    "prob_respond_alpha": 1.0,
    "gamma_01_factor": 1.0,
    "fe_w4": 0.0,
    "sigma_dt": 3.2528181227165023,
    "alpha": 487.7550645248773,
    "fe_early": -2.875460447861238,
    "beta_l": 1318.547672042042,
    "gamma": 93.57235845716905,
    "prop_to_wage": 0.0
}
