run,obj_vals,opt_converged,opt_runtime,is_best_vec,param_1,param_2,param_3,param_4,param_5,param_6,param_7
1,0.0021046587573446155,1,199.430599102,0,92.10784952234825,103.39003074854813,-0.03996909254390589,28.452805611151103,37.51622782338448,10.165065795082434,98.64674418065016
2,0.0021046587565522255,1,198.684319329,1,92.10802879313214,103.3899661789918,-0.03996680498769095,28.452813259210693,37.51623776651606,10.16506368886205,98.64684042201719
3,0.002104658756643297,1,198.67779554,0,92.1080260064852,103.38996722713067,-0.03996683877271837,28.452813151111332,37.51623768311836,10.165063733689234,98.64683895936219
4,0.00210465875664057,1,199.172764522,0,92.10803277045585,103.38996460590604,-0.03996676017290893,28.452813576331128,37.51623812415422,10.16506356915761,98.6468424844606
