run,obj_vals,opt_converged,opt_runtime,is_best_vec,param_1,param_2,param_3,param_4,param_5,param_6,param_7
1,0.0018935953148222521,1,224.570334905,0,91.90138041736407,103.65085998069684,0.3026561161613333,28.64390467841931,37.48795211086141,10.206316589520917,97.9237556860968
2,0.0018935953147991387,1,201.492614201,1,91.90134204662064,103.65086811549301,0.3026464101371427,28.643898391881915,37.487950792860396,10.206316912449017,97.92374827621957
3,0.001893595314811019,1,202.033370187,0,91.90134746565211,103.65086677452017,0.3026483354060298,28.643897102888275,37.487951117755294,10.206316507700205,97.92375219924081
4,0.0018935953177036241,1,202.024262069,0,91.90195667779645,103.65074722938915,0.30278523769984483,28.64398432447733,37.487970306374514,10.206312605100553,97.92389619105876
