run,obj_vals,opt_converged,opt_runtime,is_best_vec,param_1,param_2,param_3,param_4,param_5,param_6,param_7
1,0.08556774664144358,0,3662.351996741,0,180.34170262766682,71.4917349257006,13.131723641443775,55.49369442947517,56.79012808745756,10.634829543780993,60.807808468601884
2,0.08543373312029873,1,556.209053257,1,208.48582386753807,58.62130370767866,12.501763131633695,59.78225957365494,57.36258444188435,13.94940419410726,61.63273202355362
