run,obj_vals,opt_converged,opt_runtime,is_best_vec,param_1,param_2,param_3,param_4,param_5,param_6,param_7
1,0.08458009838592409,1,399.290312214,0,205.9284873425182,46.97105488040953,13.31878455531027,69.17711479258332,55.45697461280187,10.614217074743268,61.792741163106946
2,0.08456806669577276,1,395.938935185,1,193.69298442635764,49.00763951181964,8.550650877343735,70.70009014233798,54.73127725657543,10.382408206426103,61.31018125050976
