run,obj_vals,opt_converged,opt_runtime,is_best_vec,param_1,param_2,param_3,param_4,param_5,param_6,param_7
1,0.0015690443130364792,1,321.302864352,0,88.94647406298463,124.00810964161718,-0.15415078293733764,37.008147094006446,40.83753757094547,7.400766344918392,71.1681243626126
2,0.0015691068774684523,1,298.558579633,0,88.81989398869703,124.02774144578109,-0.17539651789257438,36.995286571018,40.833417341984244,7.39934038782255,71.12598782737297
3,0.0015690029121416538,1,327.759488794,1,88.89232710388823,124.01658822709432,-0.1643053571795215,37.00713893660063,40.83352678574125,7.402427513910373,71.14761681702754
4,0.0015690128201914558,1,299.073824456,0,88.90246318022831,124.0154477251235,-0.16489956618639282,37.00907956839636,40.83520384217239,7.405014342116251,71.14589495614824
