iteration,param_1,param_2,param_3,param_4,param_5,param_6,param_7
1,104.43867524738484,117.99054020385773,0.0,64.509550036517,28.671737633735265,12.718462380516327,16.422620053885318
2,55.92333100470126,112.88919841337281,0.0,30.93094190958487,66.68734519925216,28.44254400097225,23.353222934585364
3,74.73269912648901,114.46501728980229,0.0,47.85552865012747,44.54658629967111,24.351564124646853,21.83420752661415
4,94.05263588911743,122.76557737862062,0.0,70.37215013311146,72.38923798919399,16.280989218881565,32.15089648162185
