run,obj_vals,opt_converged,opt_runtime,is_best_vec,param_1,param_2,param_3,param_4,param_5,param_6,param_7
1,0.08592361680579258,1,580.773105865,0,57.30133359531974,121.54184309543606,8.656091900189805,89.44963236380936,63.46684719005836,53.13101647103665,40.00589935106816
2,0.08592360956737655,1,1846.024866789,1,57.302298362522464,121.55333568065178,8.6476434567533,89.5314189445503,63.49991317448624,53.01480134031603,40.01527713099389
