run,obj_vals,opt_converged,opt_runtime,is_best_vec,param_1,param_2,param_3,param_4,param_5,param_6,param_7
1,0.0779800515333545,0,7231.769283115,0,161.81635753286994,66.34496888754626,2.6068417263095247,118.25384495201777,77.17129468197531,22.150486306122694,50.80413355937082
2,0.07791552991568301,1,491.247247312,1,168.16176676773426,64.43842762596842,4.697770212811874,97.04305963588452,108.38865196034982,22.1741836406226,51.83663748053479
