obj_vals,opt_results,opt_runtime,param_1,param_2,param_3,param_4,param_5,param_6,param_7
0.06534744856756265,1,323.459814785,98.76051096533628,86.95927114068172,8.50145561814862,88.02022947821767,60.46010327805418,20.319444360526525,50.620874933292505
