obj_vals,opt_results,opt_runtime,param_1,param_2,param_3,param_4,param_5,param_6,param_7
0.06532958769514789,1,245.23967368,97.86917225343898,86.8072352232084,9.038450839729808,94.23129629745769,58.68794941458817,18.609880979127627,49.77633759533954
