obj_vals,opt_results,opt_runtime,param_1,param_2,param_3,param_4,param_5,param_6,param_7
0.06532421008267698,1,492.188831742,97.94663653920202,87.04387771251508,9.169392386147008,94.38680127505204,59.15339091231419,20.873988373560227,49.783550836080956
