obj_vals,opt_results,opt_runtime,param_1,param_2,param_3,param_4,param_5,param_6,param_7
0.06533690446467146,1,195.655898715,99.53195827589406,86.16841379396953,9.565493535487233,93.22438816853173,59.29736040147606,22.043687957381312,49.89126125979505
