obj_vals,opt_results,opt_runtime,param_1,param_2,param_3,param_4,param_5,param_6,param_7
0.06539499180195288,1,167.329205233,98.00531565748337,86.43793872561731,7.995798519191986,92.3080891491887,60.039146568644604,20.165940340904022,50.37037174708001
