obj_vals,opt_results,opt_runtime,param_1,param_2,param_3,param_4,param_5,param_6,param_7
0.06531144578619034,1,324.158136844,98.61866132859146,87.08607822255529,8.638725710480314,92.33412405622862,58.5994777900453,20.905358269946458,50.499302233232804
