obj_vals,opt_results,opt_runtime,param_1,param_2,param_3,param_4,param_5,param_6,param_7
0.06534706514938766,1,643.822051604,98.65859254380396,86.97391448889721,8.517359583256516,88.10018303361105,60.63443614316941,21.098883261157308,50.595523931412885
