obj_vals,opt_results,opt_runtime,param_1,param_2,param_3,param_4,param_5,param_6,param_7
0.06531459251897422,1,413.942158407,98.8861153711008,86.99763060217514,8.619371505047107,93.97285700044813,58.82231712958386,21.449432842513247,50.61977342132275
