obj_vals,opt_results,opt_runtime,param_1,param_2,param_3,param_4,param_5,param_6,param_7
0.06531318825985026,1,246.331487412,97.96761636594707,87.5359799678343,8.875091032171412,93.14452309293807,59.15371261920798,21.113019278262744,50.276347332664756
