obj_vals,opt_results,opt_runtime,param_1,param_2,param_3,param_4,param_5,param_6,param_7
0.0653103416640965,1,255.058495837,98.90340568020297,86.97024422152514,8.567800976084012,93.5061769959048,58.940603701074956,20.70362630947308,50.63693964838625
