obj_vals,opt_results,opt_runtime,param_1,param_2,param_3,param_4,param_5,param_6,param_7
0.06534705317192889,1,543.406776016,98.80669796115126,86.92208350954347,8.520588469042229,88.1165069081821,60.628948427092325,21.061002312447478,50.629843626913676
