obj_vals,opt_results,opt_runtime,param_1,param_2,param_3,param_4,param_5,param_6,param_7
0.06535198146388439,1,390.17838344,97.06009779178102,87.59734437172338,8.269965771479768,87.4382767522706,61.0738738246977,20.540795005216225,50.2293746254838
