obj_vals,opt_results,opt_runtime,param_1,param_2,param_3,param_4,param_5,param_6,param_7
0.06537509907662628,1,349.512651438,100.98551029569222,85.85152510791502,8.283437490728636,84.59251723488487,60.02048932907729,19.806801802706016,51.32635564202199
