obj_vals,opt_results,opt_runtime,param_1,param_2,param_3,param_4,param_5,param_6,param_7
0.06532636543642695,1,253.320551565,99.62312059275267,86.59800258038864,8.514978151470155,93.9829186143786,58.834957903405304,22.511625746443606,50.896704918709325
