obj_vals,opt_results,opt_runtime,param_1,param_2,param_3,param_4,param_5,param_6,param_7
0.06531834297492135,1,192.864123841,99.56587588940974,86.6099447554266,8.49164901730553,93.19623262130875,59.073457156798504,22.1137006130349,50.884500876356526
