obj_vals,opt_results,opt_runtime,param_1,param_2,param_3,param_4,param_5,param_6,param_7
0.06534858380029046,1,129.80786003,98.97539695287422,87.01981166819151,8.696725905548359,91.09013486135439,56.31601391617449,20.387801529262468,50.51676340996383
