obj_vals,opt_results,opt_runtime,param_1,param_2,param_3,param_4,param_5,param_6,param_7
0.06532825508894412,1,276.942574442,98.49551749294186,87.25562522934823,8.805373287822254,94.02638812556886,58.6074539398407,22.588563684892314,50.45472954352421
