obj_vals,opt_results,opt_runtime,param_1,param_2,param_3,param_4,param_5,param_6,param_7
0.0653470555241288,1,510.97234705,98.8056582731332,86.93058338675593,8.529902056037836,88.136360821292,60.67994190287343,21.088677557015448,50.62347565937392
