obj_vals,opt_results,opt_runtime,param_1,param_2,param_3,param_4,param_5,param_6,param_7
0.0653683295105479,1,384.295538371,98.91534626025233,86.91336133568767,8.705788420871917,100.0429745373077,61.728008155408546,21.62560024775131,50.61101578159263
