obj_vals,opt_results,opt_runtime,param_1,param_2,param_3,param_4,param_5,param_6,param_7
0.06534409522961764,1,252.650165745,98.3444391882479,86.87368317645253,8.506907420276951,88.87923781370034,56.79284763606962,20.512226043783006,50.370739655038236
