obj_vals,opt_results,opt_runtime,param_1,param_2,param_3,param_4,param_5,param_6,param_7
0.06531881990116757,1,164.437117993,99.37407421910363,86.73415680005807,8.555543144867965,92.44496436391789,59.6467599371735,22.178666415731076,50.79702561429397
