obj_vals,opt_results,opt_runtime,param_1,param_2,param_3,param_4,param_5,param_6,param_7
0.0653471172601897,1,442.337779539,98.70453259419484,86.95833172778096,8.487061559285937,88.0699507507812,60.66033204659893,20.588571289560054,50.61209547183326
