obj_vals,opt_results,opt_runtime,param_1,param_2,param_3,param_4,param_5,param_6,param_7
0.06536315789730689,1,375.52140231,97.94595461236949,87.38318311434793,8.604338765300978,81.35263967106928,60.721926606146766,20.40317515215614,50.293509735122896
