obj_vals,opt_results,opt_runtime,param_1,param_2,param_3,param_4,param_5,param_6,param_7
0.06531514260912796,1,604.933049547,98.76033741215247,87.0772148165135,8.68276412425928,93.11904363289733,58.885763673061234,21.829228284150176,50.55208357642654
