obj_vals,opt_results,opt_runtime,param_1,param_2,param_3,param_4,param_5,param_6,param_7
0.0653383823405041,1,292.59414215,99.44343719268569,86.24316798041237,9.569081364462857,93.98619581285774,59.095805222940534,22.100780030686444,49.87465054522483
