obj_vals,opt_results,opt_runtime,param_1,param_2,param_3,param_4,param_5,param_6,param_7
0.06534715686390605,1,571.642640245,98.52190188225815,87.05905419128577,8.531095914445368,88.06177434153842,60.63719542549206,21.042162251207166,50.542394623431136
