obj_vals,opt_results,opt_runtime,param_1,param_2,param_3,param_4,param_5,param_6,param_7
0.06532871760803763,1,625.818290253,96.47195878994056,87.99573957485359,8.45987901962508,95.55554222437384,59.09946421497824,20.508795776013482,49.974552080314744
