obj_vals,opt_results,opt_runtime,param_1,param_2,param_3,param_4,param_5,param_6,param_7
0.06531309782407714,1,231.060285461,99.50033376359012,86.56572771388663,8.762735808024264,92.90594849986722,59.28713256472547,21.562998054099094,50.668254456900684
