obj_vals,opt_results,opt_runtime,param_1,param_2,param_3,param_4,param_5,param_6,param_7
0.06531259257698661,1,255.137508638,99.06971309875105,86.87183131528144,8.617041053400698,92.80495384016942,59.19491588221034,21.622319203026528,50.67084604285324
