obj_vals,opt_results,opt_runtime,param_1,param_2,param_3,param_4,param_5,param_6,param_7
0.06534753285901661,1,487.582112093,98.8852723286775,86.44094150190804,9.529725730491855,95.6574954942339,59.1247841707446,22.020597270552734,49.732244034829044
