obj_vals,opt_results,opt_runtime,param_1,param_2,param_3,param_4,param_5,param_6,param_7
0.06538714000263052,1,409.041734081,97.90430958474641,87.26911766168436,8.4368032071012,83.06512728383188,60.8815516861588,19.341991102044286,50.34083916345604
