obj_vals,opt_results,opt_runtime,param_1,param_2,param_3,param_4,param_5,param_6,param_7
0.06534704691493248,1,915.910012738,98.75751697765088,86.94508704968952,8.522874862782121,88.09398842371284,60.636806310151655,21.080291771222157,50.6144433688026
