obj_vals,opt_results,opt_runtime,param_1,param_2,param_3,param_4,param_5,param_6,param_7
0.06534806004888574,1,301.800435941,98.64518192685287,86.85190607018933,8.236412844679,87.54424871579835,60.754728057030604,20.45626845327463,50.726503650797575
