obj_vals,opt_results,opt_runtime,param_1,param_2,param_3,param_4,param_5,param_6,param_7
0.0653472717529684,1,692.328341342,98.64751819474083,86.98501210715315,8.490555801592008,87.83560723289561,60.833777831288266,20.63325159006088,50.59406030448682
