obj_vals,opt_results,opt_runtime,param_1,param_2,param_3,param_4,param_5,param_6,param_7
0.06538195770985124,1,189.760017496,98.79504756111663,86.44600668472567,8.40731541702782,83.77100409667266,60.742716793620104,19.479626708747986,50.213458250993654
