obj_vals,opt_results,opt_runtime,param_1,param_2,param_3,param_4,param_5,param_6,param_7
0.06534705428480027,1,707.254264572,98.71182160031928,86.95650234233166,8.502538285280364,88.11838788342368,60.65894655818265,21.0954673666933,50.610885435459714
