obj_vals,opt_results,opt_runtime,param_1,param_2,param_3,param_4,param_5,param_6,param_7
0.06538109745860074,0,3660.365951342,98.90226276901137,86.96952942858982,8.603935334998203,91.9142632197009,59.41916249782483,21.582930732193795,50.63367531842406
