obj_vals,opt_results,opt_runtime,param_1,param_2,param_3,param_4,param_5,param_6,param_7
0.0653471218079255,1,624.034437605,98.67636408464922,86.97503983005868,8.485224511528235,88.4163544927348,60.53766224609538,20.488249315036917,50.60360068941222
