obj_vals,opt_results,opt_runtime,param_1,param_2,param_3,param_4,param_5,param_6,param_7
0.06531734231060708,1,261.364621782,98.8671291977968,87.01494750549813,8.678605270849303,93.4185051961601,58.795017532561886,21.993896351529248,50.586679286938576
