obj_vals,opt_results,opt_runtime,param_1,param_2,param_3,param_4,param_5,param_6,param_7
0.06536304280520507,1,402.307642063,97.27456523005091,87.49601413456237,8.241352322683055,86.88573043917232,60.83642698697762,18.62669761870288,50.264769237474994
