obj_vals,opt_results,opt_runtime,param_1,param_2,param_3,param_4,param_5,param_6,param_7
0.06534705161774594,1,619.767368016,98.7952035052963,86.92682354936828,8.523093475425739,88.05002496246092,60.663797572336065,21.095566341115703,50.62560657734121
