obj_vals,opt_results,opt_runtime,param_1,param_2,param_3,param_4,param_5,param_6,param_7
0.0653470515113577,1,636.613102934,98.71548353543399,86.96550655145744,8.525449129375911,88.09009955848023,60.63256959142214,21.099361103271118,50.6011016652474
