obj_vals,opt_results,opt_runtime,param_1,param_2,param_3,param_4,param_5,param_6,param_7
0.0653806325279279,1,225.002247086,97.4278946927973,87.56262325457432,8.628763826857673,85.85666602121206,59.30787131083537,23.197983732687327,50.075302739814305
