obj_vals,opt_results,opt_runtime,param_1,param_2,param_3,param_4,param_5,param_6,param_7
0.0653163020332105,1,306.710518633,98.94072004835542,86.95924864172615,8.673582622298659,92.4634749950348,59.213439259843476,22.164375925801455,50.61501307595929
