obj_vals,opt_results,opt_runtime,param_1,param_2,param_3,param_4,param_5,param_6,param_7
0.0653188557552275,1,306.830161846,99.28931340651245,86.88517422490517,8.757744954592127,92.11381929095779,59.39155371023371,22.220060598276234,50.670520706882584
