obj_vals,opt_results,opt_runtime,param_1,param_2,param_3,param_4,param_5,param_6,param_7
0.06541021923592848,1,212.243669313,95.60214689306824,88.0340521959539,7.823708274616742,91.86042960680726,59.22424501957029,19.118923831827555,49.98454360926296
