obj_vals,opt_results,opt_runtime,param_1,param_2,param_3,param_4,param_5,param_6,param_7
0.06537319817723389,1,399.679764497,96.18687967209823,88.19740213333014,9.087172268661812,89.58265803413097,61.567009506824995,20.247849848450358,49.72422687053577
