obj_vals,opt_results,opt_runtime,param_1,param_2,param_3,param_4,param_5,param_6,param_7
0.06534704878491257,1,588.804094641,98.77685412715806,86.93380055610669,8.525848832967707,88.04479293478684,60.63501397530522,21.062519828740353,50.620195523247325
