obj_vals,opt_results,opt_runtime,param_1,param_2,param_3,param_4,param_5,param_6,param_7
0.06531871068893225,1,250.538671106,98.47934821630362,86.92858097546474,8.677070643831344,91.08276648066158,58.19153378308382,21.065028770187894,50.384842440259284
