obj_vals,opt_results,opt_runtime,param_1,param_2,param_3,param_4,param_5,param_6,param_7
0.06531587301133503,1,220.868311099,99.16235179222438,86.74375338401548,8.825069090198104,93.2817014266279,59.159399759244145,21.961241025413873,50.544054605452615
