obj_vals,opt_results,opt_runtime,param_1,param_2,param_3,param_4,param_5,param_6,param_7
0.06532601467171474,1,402.043133237,98.20571559338029,86.69172781255298,9.132322773881898,93.63225763031362,59.191009792077324,21.722859432995303,49.856068250330466
