obj_vals,opt_results,opt_runtime,param_1,param_2,param_3,param_4,param_5,param_6,param_7
0.06534704520516149,1,676.402434496,98.75790186249563,86.94466096897395,8.522512887656672,88.09093511322348,60.636693054784736,21.085247615340577,50.61477133974166
