obj_vals,opt_results,opt_runtime,param_1,param_2,param_3,param_4,param_5,param_6,param_7
0.06534855765263561,1,584.990679716,101.88807585026365,85.51882627684469,8.404109454951039,83.73498875399123,61.008228517502396,21.81288246117567,51.78405288223218
