run,obj_vals,opt_converged,opt_runtime,is_best_vec,param_1,param_2,param_3,param_4,param_5,param_6,param_7
1,0.08031997798470164,1,760.484953065,1,77.81169486617189,103.56307610348412,-1.114269230961522,61.923889597717015,83.45939498875819,7.5771635800132415,68.45723492780208
2,0.08050530890026236,1,254.53933583,0,81.97678833292363,100.83838895739562,-1.840835821529151,75.57949682280378,65.00713167076492,6.466883370223569,69.55553297817124
