run,obj_vals,opt_converged,opt_runtime,is_best_vec,param_1,param_2,param_3,param_4,param_5,param_6,param_7
1,0.08009224795715138,1,738.317888638,0,81.48539105919976,106.51449251066806,0.8181397359655863,53.262247798909684,72.16127302618735,11.163543177277749,60.003513681632924
2,0.08009040971503874,1,351.672066792,1,80.67249574120153,107.02492356238542,0.4196421746477692,53.10608547651869,71.97544760922924,11.096108098397666,59.99559089212793
