run,obj_vals,opt_converged,opt_runtime,is_best_vec,param_1,param_2,param_3,param_4,param_5,param_6,param_7
1,0.0866115585400128,1,630.306287657,1,104.45593576886516,89.98879257162592,-31.813432851530347,114.33953927337159,49.03392191003419,20.157184988248524,41.84514677813938
2,0.08661827533640062,1,1118.304500231,0,104.02227195731427,90.05344171968214,-31.939289362052687,110.24553780489796,49.188266329140404,19.879582387078965,41.780444777947984
