run,obj_vals,opt_converged,opt_runtime,is_best_vec,param_1,param_2,param_3,param_4,param_5,param_6,param_7
1,0.08769397915242827,1,172.147404678,0,102.00561376253536,78.0374777391419,-41.20362669492362,223.30562397050622,54.75780445836663,22.065016013805472,45.73905982013943
2,0.08764768386350559,1,429.187201257,1,103.93635370388803,77.26515930692389,-41.215875584388904,211.95729747706525,56.657859244692425,19.902006888009133,45.87810838787118
