run,obj_vals,opt_converged,opt_runtime,is_best_vec,param_1,param_2,param_3,param_4,param_5,param_6,param_7
1,0.07498627908371037,1,561.764052936,1,162.51331884380866,40.130593747934,-41.186457615587464,132.30539064649471,69.47156335980841,26.212678645203187,54.67433685174613
2,0.07498627917292136,1,303.801851043,0,162.51211767947396,40.130955083957744,-41.18608884154525,132.31561453633768,69.47134174489562,26.207547729112747,54.67413647214308
