run,obj_vals,opt_converged,opt_runtime,is_best_vec,param_1,param_2,param_3,param_4,param_5,param_6,param_7
1,0.0762126442484936,1,980.289176323,1,157.7423348827503,43.04252948962141,-31.562322440311117,111.05515083223887,60.246094010737565,25.882208908651464,49.046621009878436
2,0.07621356042011068,1,251.552047666,0,157.17812354868536,43.32999493008703,-31.325931141395923,110.44125137227034,60.39755630729603,25.51307840101207,48.988201866210225
