run,obj_vals,opt_converged,opt_runtime,is_best_vec,param_1,param_2,param_3,param_4,param_5,param_6,param_7
1,0.08830809461546942,1,1083.576026622,1,141.6837559602632,50.2179596317453,14.925178777508224,165.8083738009452,51.53364321257274,29.995641558931588,35.50625538584587
2,0.08832476610932952,1,531.918606217,0,146.22373592473974,49.691062117052304,15.131470067202308,175.32295991103985,51.70067158699272,31.738189423637397,35.92690990317318
