run,obj_vals,opt_converged,opt_runtime,is_best_vec,param_1,param_2,param_3,param_4,param_5,param_6,param_7
1,0.08843999449645878,1,131.645193497,1,132.0916388824294,45.5139747393459,18.37148385756167,424.1927524176283,55.34748114580695,38.399782009039214,36.96463771340909
2,0.08854699724079425,1,2842.42310231,0,142.88547781258578,43.50748607350757,16.368896555871405,204.44264720366314,59.8130058832837,33.220262699321275,38.633109610812745
