run,obj_vals,opt_converged,opt_runtime,is_best_vec,param_1,param_2,param_3,param_4,param_5,param_6,param_7
1,0.07237556068587939,1,521.178776772,1,57.48669795942146,38.43761253179749,-3.4233948409942414,47.19451563161003,67.31636912583465,9.93953986693456,29.039142889865275
2,0.07237557690701786,1,217.376584333,0,57.43943996410478,38.45239475999427,-3.4389965564628286,47.204330172777254,67.25043203038332,9.959712645565721,29.03370438722895
