run,obj_vals,opt_converged,opt_runtime,is_best_vec,param_1,param_2,param_3,param_4,param_5,param_6,param_7
1,0.07320990917871943,1,414.670058415,1,63.27375618571465,46.39435058935071,-5.28590980516503,50.35430993893075,56.48281114821271,13.233844277736495,30.799506615055577
2,0.07345097938275631,1,103.641283222,0,68.66462712018506,45.16821285434687,-4.926626390414663,62.74300772119359,47.25407509407973,28.648503904006994,31.77587046688187
