run,obj_vals,opt_converged,opt_runtime,is_best_vec,param_1,param_2,param_3,param_4,param_5,param_6,param_7
1,0.07886968645972701,1,828.596008654,1,151.55773672447492,72.54111013708835,13.344639597076753,64.37883420824696,66.36962079384908,9.119063957163961,64.44533121939132
2,0.07904264138109167,1,413.966421131,0,145.27818032569823,75.6118203258342,13.529449671214708,61.90157876993482,61.69994425408791,10.98674900441139,63.31903489344904
