run,obj_vals,opt_converged,opt_runtime,is_best_vec,param_1,param_2,param_3,param_4,param_5,param_6,param_7
1,0.08169340542156606,1,649.348376197,0,204.58434048365038,68.14289193018439,-2.7375541372335306,71.4709639707861,95.41114317501138,15.488609865809401,57.37585797965298
2,0.08169257158513335,1,1008.495870593,1,204.911244104625,68.0721199379969,-2.7052058798382257,71.52309250717802,95.19637393101213,15.171546257382976,57.41408095283313
