run,obj_vals,opt_converged,opt_runtime,is_best_vec,param_1,param_2,param_3,param_4,param_5,param_6,param_7
1,0.08458116246083168,1,538.694952379,0,118.98855564525172,70.8141268458264,-13.388120472764967,78.20977713819595,89.33028333561502,1.0,42.724399003195124
2,0.08236478552302381,1,273.946128779,1,155.44276185368767,63.1066654651941,-3.078142764276409,68.08911737592909,138.9468103772629,11.882786933107054,52.909927986774306
