run,obj_vals,opt_converged,opt_runtime,is_best_vec,param_1,param_2,param_3,param_4,param_5,param_6,param_7
1,0.07812542316622405,1,558.470922855,0,49.21485843928307,91.99477136624316,9.47198609172393,43.49871759045481,78.3766054163859,23.077624754040617,32.0562695933201
2,0.07812017199098713,1,152.273880728,1,48.58525462929884,92.13182482940073,9.080437719981763,43.582099620622266,80.17406003418652,22.624790855739327,32.20244551339577
