run,obj_vals,opt_converged,opt_runtime,is_best_vec,param_1,param_2,param_3,param_4,param_5,param_6,param_7
1,0.08210288556846077,1,149.311989784,1,57.9413654530829,75.37212794168843,9.825004301957504,37.438283566296796,40.3792335021874,11.727493072545926,31.60911733684811
2,0.08225438255808568,1,182.073441686,0,63.5972386912648,74.24750592986723,9.521543479950402,35.29024247771676,43.70786402277554,9.839912122737774,33.625719021344125
