run,obj_vals,opt_converged,opt_runtime,is_best_vec,param_1,param_2,param_3,param_4,param_5,param_6,param_7
1,0.08637131374392513,1,505.798880748,1,134.16375672839825,63.99710164075544,-10.859098644725277,112.59145393378525,45.508327012301436,49.395729945466115,41.89813244406439
2,0.08637131375523109,1,569.457010897,0,134.16300469767333,63.99713980103402,-10.86065547537648,112.60869449386307,45.501394470712796,49.38172692482577,41.898096527722544
