run,obj_vals,opt_converged,opt_runtime,is_best_vec,param_1,param_2,param_3,param_4,param_5,param_6,param_7
1,0.08659725029543112,0,7237.54904252,0,138.96185887776946,62.023381318546306,-14.56826010459706,99.73300411764251,33.524760115397584,43.237159882034234,45.23869310083615
2,0.08613525090966122,0,7240.025654516,1,123.0913590493719,67.73600138225912,-15.926996247406587,119.70506721781499,44.19934601877064,57.91707518847865,45.72504278998805
