run,obj_vals,opt_converged,opt_runtime,is_best_vec,param_1,param_2,param_3,param_4,param_5,param_6,param_7
1,0.07860290082839785,1,275.768728885,1,101.71269182556357,79.89456712333585,-13.615695056440059,218.43148894064439,146.93074898323252,22.205019712807413,58.231684011656476
2,0.07884256176473554,1,132.362065789,0,98.41219084503179,82.28867900209738,-13.323285473842851,163.7425023058483,157.67519261804114,26.207300228125934,58.171648157111974
