run,obj_vals,opt_converged,opt_runtime,is_best_vec,param_1,param_2,param_3,param_4,param_5,param_6,param_7
1,0.08294495701077584,1,426.908510373,1,116.32429677825837,55.1534273705323,-21.883348212765878,115.23925044200784,163.5489363741963,60.54625630913944,49.491546042109036
2,0.08297851884386725,1,483.919794736,0,115.02347395350033,55.62523715244472,-22.215606177955518,91.71989292517591,212.8910803481521,49.77299982082326,49.572165711594025
