run,obj_vals,opt_converged,opt_runtime,is_best_vec,param_1,param_2,param_3,param_4,param_5,param_6,param_7
1,0.05891968782389585,1,1062.692549702,0,88.13059910386131,77.29035626017064,-2.5014810697144,36.772485704764314,213.6592657960351,18.79144309662189,32.74074199010273
2,0.058770568386871704,1,458.207134393,0,86.59469936209129,77.75684915597118,-2.64400089912541,36.91981303353851,321.5273312365062,18.48397074926917,32.41517521053426
3,0.058726314526995574,1,167.670803477,1,85.28976054131904,77.92156269111364,-2.9804447086179944,36.717953411600526,558.4702638255816,18.239642477724285,32.076131812485414
4,0.058777205916196694,1,288.468232214,0,86.46259576253017,77.7810336673975,-2.6797848188325406,36.88804391750014,342.05380480198386,18.383842407905068,32.38315088923411
