run,obj_vals,opt_converged,opt_runtime,is_best_vec,param_1,param_2,param_3,param_4,param_5,param_6,param_7
1,0.0850617179074725,1,626.85111476,1,204.92196501070197,64.35187330388418,1.7262554574430486,83.10192437215045,55.37641978238334,47.72832298867946,54.867322269962564
2,0.08506171804886199,1,862.893493056,0,204.9207638968835,64.35389132803596,1.7305917500944012,83.10588786806677,55.373546228557046,47.72648245955053,54.86738719255212
