run,obj_vals,opt_converged,opt_runtime,is_best_vec,param_1,param_2,param_3,param_4,param_5,param_6,param_7
1,0.08471740064187834,1,386.735277603,0,178.96666530184993,61.093115018989124,3.922600353153481,100.68985398892676,49.83729591662734,66.16745155609446,53.7172559723092
2,0.08471737919026885,1,598.152164275,1,178.98918592087801,61.08720378563274,3.9244805793055035,100.6011852287241,49.81919949960151,66.14984586473967,53.717467130727314
