run,obj_vals,opt_converged,opt_runtime,is_best_vec,param_1,param_2,param_3,param_4,param_5,param_6,param_7
1,0.0818190245390545,0,7236.917242884,1,140.9909863048805,57.168304895531705,-4.499315618663456,76.66752068205261,42.6714315891479,18.871192607437713,50.46311583817861
2,0.08271610113579302,1,458.806924813,0,144.26185745671455,56.56551482092024,-4.9873718938148075,65.34275557632395,78.73504477833043,19.773939774954762,51.60273667831659
