run,obj_vals,opt_converged,opt_runtime,is_best_vec,param_1,param_2,param_3,param_4,param_5,param_6,param_7
1,0.08718126806054183,1,337.428455066,1,144.5848564534261,92.78805993631565,17.960318350389684,61.620894057098816,68.69032551468227,10.59643333825492,44.57619034402655
2,0.08718845170493189,1,241.879179477,0,144.58682309850678,92.73258278416093,17.931161245798787,61.81317194372718,68.47396874138465,10.511041144573305,44.578345896543105
