run,obj_vals,opt_converged,opt_runtime,is_best_vec,param_1,param_2,param_3,param_4,param_5,param_6,param_7
1,0.08876175454453185,1,316.751613708,1,151.47592939350528,99.86200576029111,19.499519729650174,55.87782203676182,62.14870843824662,16.862677945829137,42.80067380152917
2,0.08878379432872231,1,174.702977384,0,154.7215981389866,98.32249356984221,19.422810034076186,56.49445974762327,60.79509041080593,17.852224157033827,43.353168853885045
