run,obj_vals,opt_converged,opt_runtime,is_best_vec,param_1,param_2,param_3,param_4,param_5,param_6,param_7
1,0.08263580133100193,1,867.53797316,0,131.07601655667904,54.274077154636075,3.58765229976637,121.95543486252575,64.43220246670764,62.46910601751544,42.761261045885064
2,0.08263550763113711,1,413.02934593,1,131.0111195251896,54.29078874940065,3.562701937298544,122.95159762478032,64.7245267570741,62.65784300052626,42.76947105802074
