run,obj_vals,opt_converged,opt_runtime,is_best_vec,param_1,param_2,param_3,param_4,param_5,param_6,param_7
1,0.07256578347249526,1,742.766746409,0,217.69313579497873,35.9820608997691,11.604119465395538,86.14993082732296,88.95844660075365,34.08991633676615,52.40685002016894
2,0.07256554764051247,1,477.768549301,1,218.92033784484863,35.769446089612416,12.06525029479655,86.69120719380359,90.0614523351069,34.22248626168596,52.537877267202546
