run,obj_vals,opt_converged,opt_runtime,is_best_vec,param_1,param_2,param_3,param_4,param_5,param_6,param_7
1,0.07574267192603718,1,178.172507397,0,121.40063983253013,75.92285047972514,-1.8690737760981084,93.48039422303998,44.434741342961814,8.880890638479967,49.84569067204299
2,0.07573663505182916,1,270.301069789,1,121.7085792832897,75.87199965847184,-1.9123900137142924,92.21209910211203,44.331028811395036,9.024567492751387,49.95170098737567
