run,obj_vals,opt_converged,opt_runtime,is_best_vec,param_1,param_2,param_3,param_4,param_5,param_6,param_7
1,0.07462850256951419,1,284.040230194,0,124.01451062644858,68.77726693889743,-4.218197949738929,91.55604963059169,44.15878073643468,10.970621688566075,45.51270254483065
2,0.07462850252332198,1,348.946570263,1,124.00574288791273,68.78021718875745,-4.218404735107823,91.55511992355939,44.159641435974706,10.96883825817645,45.5111123811389
