run,obj_vals,opt_converged,opt_runtime,is_best_vec,param_1,param_2,param_3,param_4,param_5,param_6,param_7
1,0.0038336224874390167,1,359.788196113,0,30.702034760369667,82.94218256559746,0.24968938530785575,87.7782699784963,20.36052188418025,34.50001020111518,71.38888028650274
2,0.00383331975584373,1,497.45589193,0,30.649497548360955,82.96502737710736,0.24429798268129777,88.28056400037966,20.355060319467935,34.46639207952551,71.33055547824405
3,0.003833135493802425,1,274.606134543,1,30.711148806902777,82.91242923970077,0.2531963028609726,88.4328654670672,20.35105520268402,34.46909052144999,71.38901945374901
4,0.0038336587344250713,1,295.724456672,0,30.6865968899301,82.9371241797725,0.25065581737498366,87.43661726102948,20.380261341102063,34.404124675547195,71.36203090797235
