run,obj_vals,opt_converged,opt_runtime,is_best_vec,param_1,param_2,param_3,param_4,param_5,param_6,param_7
1,0.09213356038501735,1,250.051321111,0,80.2798750523365,90.1189355328524,-2.6914397332937305,95.86536339345469,57.7903806260812,6.278214417340949,53.39841351701508
2,0.09186393761361847,1,306.225826445,1,72.80662122316564,95.42683629418603,0.017306057023475208,89.94786953750523,59.12302975752978,6.247715611722595,49.63377036163391
