run,obj_vals,opt_converged,opt_runtime,is_best_vec,param_1,param_2,param_3,param_4,param_5,param_6,param_7
1,0.07601371722870506,1,434.294360985,1,74.51591812609902,106.08616949302278,-18.38076459630374,61.770645073400175,121.55182690721253,1.9358160408666685,49.55220677687101
2,0.0762432438302913,1,1446.741184094,0,85.43554723497401,106.9646485316503,-14.64283426874764,63.48392103902151,136.50312013260876,9.645873195552987,54.134762518762145
