run,obj_vals,opt_converged,opt_runtime,is_best_vec,param_1,param_2,param_3,param_4,param_5,param_6,param_7
1,0.08108720961632226,1,534.711236321,0,347.27261328050616,14.477902632499257,25.80023903397376,135.1752293611702,76.07470085102409,62.13743702985559,61.95936390140786
2,0.08108487981457468,0,7246.697553537,1,348.5522077577837,14.195726843488634,25.757545041153588,131.1327684499908,78.5153648256347,57.8899119990781,62.06097543856372
