run,obj_vals,opt_converged,opt_runtime,is_best_vec,param_1,param_2,param_3,param_4,param_5,param_6,param_7
1,0.08033776796449194,1,358.795965309,0,324.64176779717604,9.037838921079462,40.95032684533287,148.97928846930932,98.03378206911472,70.05164399345956,62.55440423060505
2,0.08020472188838688,1,244.587385752,1,320.7308825166831,8.792243311680215,38.425246974833414,121.37697252254827,139.16856695445523,24.51739043864709,62.69371032598705
