run,obj_vals,opt_converged,opt_runtime,is_best_vec,param_1,param_2,param_3,param_4,param_5,param_6,param_7
1,0.08574136978126273,1,1253.954739013,0,89.52670774067475,90.21543145984568,-21.85329660927261,65.14912106912521,76.39141928627562,11.779749626934828,43.63581337401475
2,0.08536700992223734,1,347.361190329,1,91.96978669794362,88.60031986214041,-22.024709237962576,64.69807046924254,67.87996816480431,10.209311441766301,43.59217421911722
