run,obj_vals,opt_converged,opt_runtime,is_best_vec,param_1,param_2,param_3,param_4,param_5,param_6,param_7
1,0.07972417379101529,1,528.656222758,1,122.82086929826356,77.4571647507221,27.11440763781571,162.74884221362487,86.40106270052831,1.3061360604460197,43.89303139075268
2,0.13521592169532792,0,7226.500046431,0,129.42021701784583,117.36250091218056,2.4004646828945995,55.13468211481581,73.92556167734313,31.927465486125076,15.330835180077491
