run,obj_vals,opt_converged,opt_runtime,is_best_vec,param_1,param_2,param_3,param_4,param_5,param_6,param_7
1,0.07816618170342102,1,387.682352591,1,108.89008498519057,91.75576317351582,23.618007727109468,139.92719203513653,95.02729156843833,10.137915010676265,41.82599834398975
2,0.07829337995360737,1,588.900459689,0,119.84641916307378,89.37652334606969,26.354303968177774,140.1579196654393,94.77907216590148,9.917017123183768,43.2316578951213
