run,obj_vals,opt_converged,opt_runtime,is_best_vec,param_1,param_2,param_3,param_4,param_5,param_6,param_7
1,0.08089759750778158,1,272.531690911,1,175.29623871237848,79.18972809531486,12.727021967387735,189.01919456494446,65.88270929381852,79.91086811730122,44.014566572117786
2,0.08097301131079987,1,188.114753766,0,172.7144074068888,79.94822479166125,11.719869408260958,137.3036923245847,71.70343040955925,62.24057845646033,43.954552115008056
