run,obj_vals,opt_converged,opt_runtime,is_best_vec,param_1,param_2,param_3,param_4,param_5,param_6,param_7
1,0.06524702817367446,1,217.652370701,0,216.32982844589395,53.94384359910312,10.538135313553253,79.11608228842599,38.811056147658476,40.41964809511133,81.60310717725852
2,0.06524876820358377,1,261.313125321,0,213.64664799457614,54.786207628309725,10.473827276718204,79.33061820936857,38.895461017875974,40.60161869342923,81.25204981946801
3,0.06530701731285718,1,217.356380791,0,200.224991741705,58.466899645454184,10.281797446159855,79.60245374380837,38.125561255107904,40.1828978414914,78.51304202810861
4,0.06524686150730415,1,217.325948156,1,216.43955399280216,53.905887780960356,10.515069872108645,78.59925264364965,38.93934450018227,40.8465094426147,81.61259456358286
