run,obj_vals,opt_converged,opt_runtime,is_best_vec,param_1,param_2,param_3,param_4,param_5,param_6,param_7
1,0.08032912687541903,1,360.203865028,0,111.57001504061557,79.31970751506951,26.704400363031414,163.870065390038,175.49943002462044,23.692599672418403,43.55632803725162
2,0.08018675300807514,1,377.878392006,1,103.78012770704251,83.5688252892667,25.48405040894574,121.73715879875836,145.2643409146285,9.006559775201731,43.62714024939463
