{
    "fe_w2": 0.0,
    "delta": 0.9,
    "mu": 58.83039294772202,
    "fe_late": 0.0,
    "fe_w1": 0.0,
    "fe_w3": 0.0,
    "beta_e": 286.13632078322405,
    "prob_respond_alpha": 1.0,
    "gamma_01_factor": 1.0,
    "fe_w4": 0.0,
    "sigma_dt": 24.05795876111383,
    "alpha": 752.7092977598005,
    "fe_early": -16.842092862216905,
    "beta_l": 605.3271560832378,
    "gamma": 61.876948868704666,
    "prop_to_wage": 0.0
}
