run,obj_vals,opt_converged,opt_runtime,is_best_vec,param_1,param_2,param_3,param_4,param_5,param_6,param_7
1,0.07753228648915754,1,512.911592622,1,47.80255615878136,57.57358620023766,5.637952708520215,161.67778705417643,102.88161364727243,1.0,21.459537033161226
2,0.07794508751092102,1,1727.665056838,0,64.52089487862999,55.253359397306625,13.582727941381782,202.88254506448982,66.21122793954768,1.0,25.662321805921156
