run,obj_vals,opt_converged,opt_runtime,is_best_vec,param_1,param_2,param_3,param_4,param_5,param_6,param_7
1,0.0797740623091121,1,799.569240777,0,43.011651987484264,52.832753762149196,8.722496926410253,119.36368693090459,143.91703869951652,1.0,19.563644027969993
2,0.07880923953442712,1,254.357943352,1,38.83516857526706,56.4660048416536,7.277079279143857,116.9764758687418,74.21274166566377,1.0,20.431776770124202
