run,obj_vals,opt_converged,opt_runtime,is_best_vec,param_1,param_2,param_3,param_4,param_5,param_6,param_7
1,0.0016889734344812386,1,196.781130802,0,40.76797058352241,118.3826632699579,-0.16592319588706808,113.53602554796133,36.2280980089059,22.32538139209336,91.66412418188234
2,0.0016889734319220852,1,210.246047246,0,40.767970278460176,118.38266530014869,-0.1659226111400595,113.53625911730629,36.22807773566537,22.32543368969322,91.66412460424728
3,0.0016889734329563972,1,203.510468789,0,40.76797041644955,118.38266436424944,-0.16592288999279775,113.53615099056819,36.22808712080202,22.325408796834534,91.66412441517086
4,0.00168897343058128,1,234.317349442,1,40.76796990153159,118.38266799719719,-0.1659217988363963,113.53657270139843,36.22805046694089,22.325506335436124,91.66412516850299
