iteration,param_1,param_2,param_3,param_4,param_5,param_6,param_7
1,102.4097236547691,80.64070952205144,0.0,41.64367065327259,44.831845592754824,33.76168996420993,27.785163935774392
2,56.98812712364396,129.45516110228326,0.0,43.07400626411615,38.12827513896771,13.28452311641082,19.443191122190374
3,101.1092319194943,113.16363827001415,0.0,39.56236434943271,61.04141690227563,19.061004967853542,30.362330193559867
4,68.88074833540348,115.47180225591957,0.0,42.77062901799626,62.630410273044035,26.157768052049956,28.394221028400235
