run,obj_vals,opt_converged,opt_runtime,is_best_vec,param_1,param_2,param_3,param_4,param_5,param_6,param_7
1,0.08715726459072726,1,1097.133865428,0,37.51047381587302,129.28938985068297,-1.0483590220287669,57.02549106437903,53.92791180251552,21.956880502118157,24.012637700561505
2,0.08709102114223193,1,490.541669434,1,46.34290108997313,127.6537528350001,-7.0885256704657245,61.429191117731015,49.32529819336258,19.201891193193934,28.583272906177875
