run,obj_vals,opt_converged,opt_runtime,is_best_vec,param_1,param_2,param_3,param_4,param_5,param_6,param_7
1,0.08450223273473831,1,405.263790614,0,41.924536393200015,113.77097812282716,3.823295584732663,64.04273521067644,67.61951291895971,24.594184534271065,26.83932523392752
2,0.08443965890296899,1,419.55915925,1,42.337651085963024,113.91676548756404,3.9931861996050637,68.87477613827039,57.16959043500812,23.861388843293593,26.881420536240764
