{
    "fe_w2": 0.0,
    "delta": 0.9,
    "mu": 39.214994501322685,
    "fe_late": 0.0,
    "fe_w1": 0.0,
    "fe_w3": 0.0,
    "beta_e": 1059.1316026578822,
    "prob_respond_alpha": 1.0,
    "gamma_01_factor": 1.0,
    "fe_w4": 0.0,
    "sigma_dt": 80.35415511100251,
    "alpha": 792.2299958262447,
    "fe_early": -20.403230068487904,
    "beta_l": 297.39581003542736,
    "gamma": 54.903395840827244,
    "prop_to_wage": 0.0
}
