run,obj_vals,opt_converged,opt_runtime,is_best_vec,param_1,param_2,param_3,param_4,param_5,param_6,param_7
1,0.084468054506133,1,465.780665782,0,112.275380831189,90.9225599914009,-18.73646184237592,63.15040515695158,37.92971957471061,26.602125881935734,43.946248395374354
2,0.08446805450605264,1,463.047121116,1,112.27550035552306,90.92249302632305,-18.736452636163875,63.149574383745545,37.92974902671142,26.602484455707817,43.94624481621017
