run,obj_vals,opt_converged,opt_runtime,is_best_vec,param_1,param_2,param_3,param_4,param_5,param_6,param_7
1,0.08415342090601274,1,376.164611837,0,101.6109623160933,103.69996803131069,-10.576640559594209,48.862333628020586,40.01325890766246,25.722182379248906,37.2476251429797
2,0.08415342036610149,1,287.756428947,1,101.74987672130449,103.60328702995737,-10.61658994338861,48.8377235102241,40.01705874470128,25.722270871174256,37.26435230103688
