run,obj_vals,opt_converged,opt_runtime,is_best_vec,param_1,param_2,param_3,param_4,param_5,param_6,param_7
1,0.072776980063797,1,377.403339559,0,115.05300677888415,80.01282655934376,-28.77477198996239,57.1728796011381,173.57762579414674,24.142578697862454,63.4631675090791
2,0.07274189510081559,1,242.287213072,1,115.28303885190785,79.95912078325827,-28.774354290961366,55.93498961375134,166.0655908303068,23.25510907181276,63.54559425569999
