run,obj_vals,opt_converged,opt_runtime,is_best_vec,param_1,param_2,param_3,param_4,param_5,param_6,param_7
1,0.07405505912795955,1,1744.644977667,1,91.2892787945317,57.67062112153738,-22.664698069879382,95.96758851251259,42.06032500258531,67.50288448829997,48.986607281591255
2,0.074067389585385,1,547.368277984,0,91.8176004040054,57.45564588809801,-21.470557048192784,82.14231606085777,40.94391027672826,58.17565507989781,48.62010589920471
