run,obj_vals,opt_converged,opt_runtime,is_best_vec,param_1,param_2,param_3,param_4,param_5,param_6,param_7
1,0.0782201704731832,1,186.95569461,1,127.37709409636206,64.95890439273931,-2.7476778531934327,125.25825399090633,57.09658170099998,32.62614291369745,49.32779226860998
2,0.0782287215038825,1,187.690289419,0,130.02989798208608,64.1916316365798,-2.5523956941644226,116.03105970908973,57.31724058218283,31.94470311853379,49.732379251554214
