run,obj_vals,opt_converged,opt_runtime,is_best_vec,param_1,param_2,param_3,param_4,param_5,param_6,param_7
1,0.0772302985692601,1,224.48514086,1,123.71788688428039,69.20933523750567,-0.4513738527809513,130.6814630396898,71.41739755214397,24.906899589922226,54.86674454159266
2,0.07725377464237033,1,151.180318591,0,123.83619674534688,69.3320972309406,-0.015618402621848434,122.73449463952538,70.30960301949972,27.926829522635472,54.710086462408746
