{
    "fe_w2": 0.0,
    "delta": 0.9,
    "mu": 62.66834008439226,
    "fe_late": 0.0,
    "fe_w1": 0.0,
    "fe_w3": 0.0,
    "beta_e": 431.24138580789565,
    "prob_respond_alpha": 1.0,
    "gamma_01_factor": 1.0,
    "fe_w4": 0.0,
    "sigma_dt": 19.834889626865287,
    "alpha": 588.467880859747,
    "fe_early": 2.7144700741707286,
    "beta_l": 564.284436795328,
    "gamma": 87.66526708764265,
    "prop_to_wage": 0.0
}
