run,obj_vals,opt_converged,opt_runtime,is_best_vec,param_1,param_2,param_3,param_4,param_5,param_6,param_7
1,0.08567227345206663,1,354.950859647,0,130.5029893130585,80.90641485153586,-9.191298116583964,65.69494921929923,65.09257398129635,10.528416609555928,41.18218545506661
2,0.08557974308268883,1,312.363533728,1,129.9331934960891,80.82261455708307,-9.609411186275299,71.25403727362976,62.54498563731817,10.889483780548648,41.05919863816624
