run,obj_vals,opt_converged,opt_runtime,is_best_vec,param_1,param_2,param_3,param_4,param_5,param_6,param_7
1,0.0835546415071695,1,177.498794849,0,144.54022693386807,87.85297701380185,-11.925968014873959,107.92537383272395,67.54369758888927,5.1886893565084495,52.77537773747192
2,0.0781696085163041,1,2235.937511347,1,116.69982932051272,94.33740333939923,-35.33420228317771,87.49619248610921,82.22180645416623,1.0,26.896595614351057
