run,obj_vals,opt_converged,opt_runtime,is_best_vec,param_1,param_2,param_3,param_4,param_5,param_6,param_7
1,0.08248058682784219,1,407.338588453,1,121.96117742313662,84.45059221435842,-3.619955922055595,96.73329080795334,42.01287154752962,30.42521637396819,47.39573060270508
2,0.0824807044504223,1,301.400595016,0,120.98793668155825,84.62275643413781,-3.9910173419152937,95.24656923818492,42.66304789550519,28.94631829760635,47.315625151590964
