run,obj_vals,opt_converged,opt_runtime,is_best_vec,param_1,param_2,param_3,param_4,param_5,param_6,param_7
1,0.06673812289959703,1,510.972666601,1,97.57341542616457,86.24230062001035,-2.872914624454941,67.24422457422324,88.71542424490715,12.835467671358344,51.26722482697798
2,0.1071948837016313,0,7254.502666065,0,129.8165539077718,113.79647648238232,5.536350765676577,57.500818260726376,73.651958834411,25.2832152531885,15.804104934471049
