run,obj_vals,opt_converged,opt_runtime,is_best_vec,param_1,param_2,param_3,param_4,param_5,param_6,param_7
1,0.08224217688007913,1,3195.401879472,1,137.42829088448264,88.61385023918166,-0.6939684679989391,55.909811296860234,52.6169097519222,14.049993331071246,35.59080928544586
2,0.08229318476483473,1,147.577568132,0,135.55900330492264,89.17965793647443,-0.7644238635759725,57.75527179125729,50.457857478171405,16.2284060471403,35.119202659486746
