run,obj_vals,opt_converged,opt_runtime,is_best_vec,param_1,param_2,param_3,param_4,param_5,param_6,param_7
1,0.0799674194315581,1,365.438512536,0,151.79862790490864,102.75967487674274,0.7934252261449861,57.13460119372029,56.59331508060703,10.428562697189765,42.72207682499697
2,0.07993432144857594,1,200.277556147,1,146.4011969788217,103.90664534635212,-0.33771445301643294,56.880633922749276,56.389625319173895,9.799984908867748,41.83101146194168
