run,obj_vals,opt_converged,opt_runtime,is_best_vec,param_1,param_2,param_3,param_4,param_5,param_6,param_7
1,0.07992245230925565,1,297.996739494,1,114.38244665870712,75.50272575698469,25.325544006780458,181.5853002484941,117.04917158514733,12.434323941331543,39.13053402669245
2,0.08053523180737641,1,312.636991371,0,103.31698804104431,79.05274229654364,22.096674428371244,137.67825114715458,116.6211191942128,9.334125305359144,37.4359109686849
