run,obj_vals,opt_converged,opt_runtime,is_best_vec,param_1,param_2,param_3,param_4,param_5,param_6,param_7
1,0.08599124825981164,1,303.950273915,0,138.1731385955685,80.99810211971854,0.14027500347864624,63.49540753577227,49.22663357656899,16.921664427902993,33.608357678008495
2,0.08599124769627269,1,521.616339404,1,138.15741264799365,81.00082951066717,0.13361834472351486,63.4938516345776,49.22451298179702,16.921153102810116,33.607339324907684
