run,obj_vals,opt_converged,opt_runtime,is_best_vec,param_1,param_2,param_3,param_4,param_5,param_6,param_7
1,0.08566741825358003,1,454.392698039,1,158.55631612628133,84.16478334040042,0.15822151277549787,62.65996659004384,55.36366842999248,12.21084462791535,38.57227053114039
2,0.08567164183369466,1,362.866632979,0,157.38428249081,84.79565556483217,-0.09472625220373126,62.3979953537251,55.14645686890145,12.329573923593642,38.601113319063984
