run,obj_vals,opt_converged,opt_runtime,is_best_vec,param_1,param_2,param_3,param_4,param_5,param_6,param_7
1,0.08689609045023444,1,365.429992162,0,152.0806757747729,74.74031205536876,11.106517455332767,155.93347270814414,50.51285143491006,84.61209584665298,43.962663651341266
2,0.08684523783358579,1,247.916152896,1,140.27245008323823,77.84082586537909,9.109882744145368,218.69792679691855,50.06343037825048,97.18737253307354,42.52491111282884
