run,obj_vals,opt_converged,opt_runtime,is_best_vec,param_1,param_2,param_3,param_4,param_5,param_6,param_7
1,0.07678072692069196,1,443.584865555,1,159.53151638363525,79.04018182709513,-9.968928078874104,62.40476340762161,76.61333226360317,9.135821895453848,70.76448382109311
2,0.0981059014018666,0,7239.317485552,0,130.6148728536797,118.4251675629142,0.27438490703591406,52.33604104482153,72.86551990350108,31.000664277739354,13.462546844990541
