run,obj_vals,opt_converged,opt_runtime,is_best_vec,param_1,param_2,param_3,param_4,param_5,param_6,param_7
1,0.07621736375073258,1,401.362181118,1,118.23111935551646,78.86522374665675,-5.852888157764161,57.75797526452551,77.5359617013628,8.400721238437496,67.03450814620801
2,0.11593772423849723,0,7243.986015817,0,129.66642722408204,117.29710453143076,0.47801192177010216,52.518376785242424,72.79978179819291,30.797666542457936,15.37749659790804
