{
    "fe_w2": 0.0,
    "delta": 0.9,
    "mu": 41.46067696609418,
    "fe_late": 0.0,
    "fe_w1": 0.0,
    "fe_w3": 0.0,
    "beta_e": 950.715085466441,
    "prob_respond_alpha": 1.0,
    "gamma_01_factor": 1.0,
    "fe_w4": 0.0,
    "sigma_dt": 14.955518453300565,
    "alpha": 611.2513674670192,
    "fe_early": 22.159241978693384,
    "beta_l": 1128.6224406659417,
    "gamma": 79.13186507629666,
    "prop_to_wage": 0.0
}
