iteration,param_1,param_2,param_3,param_4,param_5,param_6,param_7
1,95.56546082704632,54.20144889231104,0.0,26.489474869014053,26.243163176748386,21.5599555965544,19.86595971710396
2,97.78738478656376,128.28805109670563,0.0,37.75954500018382,33.96243870242511,19.17865430703128,16.552830665700313
3,50.646000404335275,148.69139392470885,0.0,64.45034074709926,45.091153565886124,31.789540171236276,31.734225891646517
4,114.8474112620963,120.6192115663379,0.0,43.93669515671323,68.90745322841578,25.708061267468107,35.93823961020138
