run,obj_vals,opt_converged,opt_runtime,is_best_vec,param_1,param_2,param_3,param_4,param_5,param_6,param_7
1,0.07959822385344822,1,750.244690405,1,72.1758807481009,78.65215117384578,-17.598887430425197,124.98063202507677,68.72646680365882,3.4080295113903376,57.992083461011255
2,0.08008571189549246,1,328.357502115,0,61.588240674269095,84.7045685880027,-18.315631993611436,113.19350364868411,72.39901771837712,3.371419995383087,56.69751351336402
