run,obj_vals,opt_converged,opt_runtime,is_best_vec,param_1,param_2,param_3,param_4,param_5,param_6,param_7
1,0.0798165809149862,1,308.880804614,1,77.97291508499026,86.56874965070094,-18.732453192862547,106.5041358365171,60.667835423647645,5.8423331327497445,52.86530701954449
2,0.08073675692733388,1,1795.063232336,0,65.45268101938409,94.37853012571429,-18.775381047567723,88.66637577060739,74.15992481065419,2.853481840336745,51.512694450317994
