run,obj_vals,opt_converged,opt_runtime,is_best_vec,param_1,param_2,param_3,param_4,param_5,param_6,param_7
1,0.06990291413160525,1,2150.925149002,0,192.54321454875745,60.0590307446399,0.8294165374712682,91.70993870623246,23.071100907831724,16.717860051221294,71.79874450471085
2,0.06990268707183946,1,659.76512815,1,191.75982905786898,60.27922155126946,0.7259411058586362,91.95776234599354,22.99999353833323,16.80076533661714,71.73659412933046
3,0.06990312233518291,1,844.956452216,0,192.061320537355,60.25585843481799,0.7479812693606044,91.1159321234793,23.037713672182857,16.856590964509014,71.77993378484489
4,0.06990303205418254,1,1049.554446949,0,192.5727276154238,60.06914063928829,0.8321468028888422,91.45453658939736,23.074258980739547,16.722520525387186,71.80431982162959
