run,obj_vals,opt_converged,opt_runtime,is_best_vec,param_1,param_2,param_3,param_4,param_5,param_6,param_7
1,0.06453966867050716,1,2634.502759392,0,179.43162895173816,57.58422927790883,1.6684970985392464,108.1436830619806,21.017346060594434,14.884949697194632,71.96097345148635
2,0.06460435066864596,1,307.424662084,0,179.88319811439973,57.668669205954046,1.6096635671006654,196.5188409882444,19.947742732483086,16.64010499216818,72.16992201471756
3,0.06453196677441551,1,432.445430015,1,183.5069199228448,56.19849753715501,1.7825931518222595,109.20299785286132,20.752083520853315,14.985476174165955,72.39789047693472
4,0.0645320144648989,1,330.63531586,0,183.44881048467892,56.21418878041356,1.774880532106424,109.47136626712867,20.74797855108663,15.000214510326824,72.39189153351779
