run,obj_vals,opt_converged,opt_runtime,is_best_vec,param_1,param_2,param_3,param_4,param_5,param_6,param_7
1,0.0831776612724159,1,482.44473313,0,106.39391082918429,119.79844771165318,-3.408854251725012,55.005164490862,66.6150499356477,4.268934116548422,58.50546444824857
2,0.0831477628673968,1,379.424324102,1,100.908850747463,121.58081810488791,-5.205270478020702,53.693342636168666,65.85094939675163,4.738186554556924,57.789849632957875
