run,obj_vals,opt_converged,opt_runtime,is_best_vec,param_1,param_2,param_3,param_4,param_5,param_6,param_7
1,0.08618865105824562,1,612.200936439,0,84.66267620012633,77.60162429990217,15.416756009844216,88.25496032420128,51.40600811901246,60.58458456754459,35.484464113847345
2,0.08599924653593027,1,452.672173249,1,82.6531816394215,78.43231705883377,14.554913798433923,77.31287399324427,56.5393285787792,45.4041997172218,34.593120481935856
