run,obj_vals,opt_converged,opt_runtime,is_best_vec,param_1,param_2,param_3,param_4,param_5,param_6,param_7
1,0.08649158964088138,0,3646.022495528,0,107.86432124837135,66.68471011313008,4.796387791501984,92.46885917226696,45.64279100540756,54.740740648527286,41.11863708256537
2,0.08647215000870836,1,1050.398042895,1,98.65382995472895,71.92795742757939,7.914756611661002,85.9718139495881,45.60785405576901,51.957660879552,38.81056569308086
