run,obj_vals,opt_converged,opt_runtime,is_best_vec,param_1,param_2,param_3,param_4,param_5,param_6,param_7
1,0.08514121060863689,1,633.444720538,1,115.50944360909351,94.2378608104533,-10.444333350325913,54.87713164157468,110.34150172247499,36.08972487110413,52.32030382661607
2,0.09905944454978598,0,7263.931436031,0,130.38220499781676,118.57996962779525,0.1764484976049719,52.319225859690135,73.07027328899727,31.460203660805618,13.401319613784539
