run,obj_vals,opt_converged,opt_runtime,is_best_vec,param_1,param_2,param_3,param_4,param_5,param_6,param_7
1,0.07633683098952561,0,3659.001400202,0,71.38676536310146,80.63778209758574,-4.085305837890241,50.508592866102546,67.82175349492225,13.055089943705275,59.13136220925734
2,0.0761292654057898,1,661.788152536,1,72.04513632946146,79.95994139999546,-4.396903210584033,56.6926978732301,61.10432222510596,14.03702031668405,59.05764083988988
