run,obj_vals,opt_converged,opt_runtime,is_best_vec,param_1,param_2,param_3,param_4,param_5,param_6,param_7
1,0.0758167981575651,1,358.776270404,0,81.57022942784789,84.52660334788982,-4.163195228494406,46.10525774239875,66.00692786173266,15.291485010175126,57.44652599308486
2,0.07581679777416168,1,554.604797962,1,81.56392380964621,84.52884460665557,-4.164515671366015,46.10296069104396,66.00592613956276,15.29295066334826,57.44671044953819
