run,obj_vals,opt_converged,opt_runtime,is_best_vec,param_1,param_2,param_3,param_4,param_5,param_6,param_7
1,0.08561769754280786,1,671.969115527,1,87.53445968257729,93.90387144928738,1.2292307635954753,49.798193616470705,47.449338424140585,12.21230015043494,51.347939864842935
2,0.08562312585802108,1,539.974895276,0,86.31874849554511,94.15933397896531,1.1071366588808675,50.35716909538928,47.12999190148064,11.161107175881975,51.232131619329685
