run,obj_vals,opt_converged,opt_runtime,is_best_vec,param_1,param_2,param_3,param_4,param_5,param_6,param_7
1,0.0005059059192463797,1,311.542336236,1,49.07035416009571,119.2494315375647,-0.2507069060929642,156.9565070655244,97.88484233631965,24.340126295907382,86.85672739380298
2,0.0005066147086702048,1,580.769595598,0,48.934292160960375,119.29355379815667,-0.2852454693302693,154.96031124202145,99.63516972128951,24.397106371060858,86.7698841755389
3,0.0006053738782384764,1,293.705063229,0,48.851387054163645,119.30807395280198,-0.2974728103092345,153.79187914889366,100.96066911039595,24.94312462667582,86.70670293214006
4,0.0005996692695629098,1,383.80085502,0,49.3121629516208,119.17830609930643,-0.1791562033775332,161.93848372007227,94.53735629747214,24.40724356388849,87.00740013653211
