iteration,param_1,param_2,param_3,param_4,param_5,param_6,param_7
1,126.83063595387962,112.04452511007723,0.0,58.44047659612643,57.165642058912525,14.5142507802495,34.61131352241087
2,55.453806508649286,53.95578492567603,0.0,40.48824789692423,54.77628805041008,24.689828032404133,13.660349904859482
3,66.42450249166473,99.28977775003246,0.0,28.059060696971038,64.21201171628188,16.600561975091583,30.559999476437394
4,138.93705948289082,75.39894634368622,0.0,32.18518388259827,64.25953576896879,33.271401051901535,33.64179195028324
