run,obj_vals,opt_converged,opt_runtime,is_best_vec,param_1,param_2,param_3,param_4,param_5,param_6,param_7
1,0.05933669608776594,1,516.375713683,0,93.01955757107194,111.80199112374628,5.18951632093025,65.02545898955889,23.214247477516786,8.729528799395895,106.94384652316859
2,0.059333100292651056,1,318.844427955,0,94.8640385669622,110.51505651261523,5.315825791160413,65.2001153468034,23.277047583615524,8.730103561692514,107.54361876471663
3,0.05933343112073454,1,495.42943348,0,95.31192796810397,110.20772106699094,5.376542636127381,65.22381292698434,23.26810129200851,8.753962690480177,107.66064199211387
4,0.059333040791468554,1,298.777232106,1,95.33848964785075,110.25050673611685,5.349103530804117,65.40577503509316,23.249925309643707,8.698455129533123,107.72196839020029
