run,obj_vals,opt_converged,opt_runtime,is_best_vec,param_1,param_2,param_3,param_4,param_5,param_6,param_7
1,0.06447730806723372,1,326.729565177,1,100.60436048785563,111.1191255652758,4.028654248720191,61.72577229045932,24.544643352623144,9.485308926856739,102.57828593402265
2,0.0644774486887073,1,320.864877743,0,100.8198309003438,110.97894609585991,4.062064328008645,61.72163804369608,24.540702500110868,9.484942758710076,102.63644731527089
3,0.06447741060644445,1,543.915614514,0,100.21276544506608,111.32971092106143,3.984911070893292,61.585127406067315,24.536017453745682,9.502755283887995,102.45155043925169
4,0.06447747620016547,1,389.864999758,0,99.94521695889205,111.45295371221742,3.9490094071824955,61.59578726649168,24.53347158272746,9.501729300545534,102.36108204446751
