run,obj_vals,opt_converged,opt_runtime,is_best_vec,param_1,param_2,param_3,param_4,param_5,param_6,param_7
1,0.09007961458056686,1,226.807347064,0,103.85993429698686,72.11328285020959,-7.408911058126828,109.43979940873511,125.40464446139335,21.560017666159702,49.2126942037031
2,0.09001425066498486,1,1190.370448461,1,100.52808743959379,73.78257319482198,-6.753724489238907,120.66563632341514,72.25878197586613,8.795412829633516,48.728760070541924
