run,obj_vals,opt_converged,opt_runtime,is_best_vec,param_1,param_2,param_3,param_4,param_5,param_6,param_7
1,0.06772666704094235,1,395.146817582,0,165.8189505835306,104.05058243616422,-2.0287558489780744,55.45991773748227,26.52468464350067,29.658682722590054,58.41620406072895
2,0.06772666516105495,1,418.212320138,0,165.66173144669347,104.08520930035883,-2.0208219122812188,55.45193169043012,26.525859699829283,29.66060261929678,58.38924683266641
3,0.06772668212418574,1,327.43674554,0,165.4763744299168,104.08644830375368,-2.0307162191070063,55.41702642287218,26.520331156814173,29.65568838670538,58.34365019011962
4,0.06772666271636228,1,463.426606999,1,165.7260152157224,104.0720605110061,-2.026027945928445,55.44536511947245,26.52496820805579,29.65982569273541,58.401289326448065
