run,obj_vals,opt_converged,opt_runtime,is_best_vec,param_1,param_2,param_3,param_4,param_5,param_6,param_7
1,0.0025012789260150338,1,549.063082874,0,144.73289421286827,68.34058308849521,-0.8596282789743209,108.82096403688718,31.60915899917953,9.807009252507076,59.5713645440102
2,0.002501279468447666,1,662.06099501,0,144.72739700750074,68.34164101232763,-0.8600913885318899,108.82498652197069,31.60843273358981,9.805194149154516,59.57076830277287
3,0.002501278579315802,1,612.716333471,1,144.73256159677163,68.34110432857246,-0.8592687233857187,108.81946301435214,31.60948594764767,9.806657233118203,59.571047386519446
4,0.002501279600693398,1,443.317223677,0,144.7420753500804,68.3387906125996,-0.8571821588944247,108.82749021335256,31.609241292765102,9.805457418637497,59.57255056344149
