run,obj_vals,opt_converged,opt_runtime,is_best_vec,param_1,param_2,param_3,param_4,param_5,param_6,param_7
1,0.0777291936748677,1,610.644469499,0,106.60403472923517,102.1950934825944,-23.17378901755831,79.0918080991887,46.78191983175105,17.068297717376645,42.513262725937345
2,0.07768631670092746,1,292.431573824,1,105.61933647936748,102.28423308629537,-23.679626065807213,80.81839866645667,49.315086515505634,15.738959676246386,42.575814306442055
