run,obj_vals,opt_converged,opt_runtime,is_best_vec,param_1,param_2,param_3,param_4,param_5,param_6,param_7
1,0.07702018301039434,1,2164.928025873,0,146.48030816905808,54.34686107950172,-49.616653593141976,89.5015728179543,13.231726761480902,20.044180112147735,58.77484870719976
2,0.07702018301039419,1,2334.221508355,1,146.48030809227993,54.346861099187045,-49.61665360089969,89.50157294258373,13.231726739705016,20.044180032711463,58.774848705823736
