run,obj_vals,opt_converged,opt_runtime,is_best_vec,param_1,param_2,param_3,param_4,param_5,param_6,param_7
1,0.001761223431089516,1,333.903386247,0,91.4023898980422,39.82914892513444,0.15065349254061625,51.42587453063516,42.49520786356611,7.8639001533183,69.38094081116773
2,0.0017624634575790078,1,310.52528843,0,91.39862127295005,39.82881704663533,0.15859111607578116,51.39946402387846,42.48553849449875,7.862660603612837,69.38531639455107
3,0.0017548227277485355,1,377.456698856,1,91.36656993694287,39.831060460397886,0.14991512272890878,51.49197890160243,42.427747587639715,7.8713324960264215,69.37765533588015
4,0.0017633471195043328,1,264.589920723,0,91.41157619363602,39.82751769139755,0.16180696993810448,51.39112390578855,42.50006621311923,7.869056980480658,69.38235348404267
