run,obj_vals,opt_converged,opt_runtime,is_best_vec,param_1,param_2,param_3,param_4,param_5,param_6,param_7
1,0.0015015250845399463,1,267.352612922,1,91.2833228893719,39.9590991123914,-0.1633476948047961,51.50196341699593,42.739255428532104,7.816011215258723,69.5841453541656
2,0.0015015250847967242,1,221.998447537,0,91.28332710219688,39.95909681653603,-0.16334775456752157,51.50196651191053,42.73925146247663,7.81601116425664,69.58414655841217
3,0.001501525086566921,1,678.70967903,0,91.28337681240698,39.95906873550404,-0.16334597047169694,51.502007722708015,42.739275825648946,7.815999223889108,69.58416556571528
4,0.0015015250845842939,1,320.948247697,0,91.28332267405997,39.95909922696853,-0.16334778867127986,51.501964499897156,42.739254938832715,7.8160108837938385,69.58414525208649
