iteration,param_1,param_2,param_3,param_4,param_5,param_6,param_7
1,130.91574417311983,112.34178319353757,0.0,63.67658942245353,32.66364910718859,36.01765523874788,32.241941666309735
2,86.88407523639638,59.13271789736091,0.0,44.881153851900976,54.78939857453376,36.23733569288798,36.50912218413257
3,104.58940727342126,97.32366388053147,0.0,38.34668326957991,49.28455282402401,12.627642168884174,36.61130531627597
4,139.73747514467522,54.47072325567298,0.0,44.18315278061514,73.2882672010235,18.62645667705634,23.175534373137875
