run,obj_vals,opt_converged,opt_runtime,is_best_vec,param_1,param_2,param_3,param_4,param_5,param_6,param_7
1,0.0015907201993787528,1,240.078117246,1,27.079680230692237,109.88265012497435,0.26496239340783156,24.417306556023142,51.71228908075024,5.722272514721796,46.5470399405599
2,0.0015907202048453864,1,237.898958766,0,27.079688736977175,109.88264806240821,0.2649644062413395,24.41731124382697,51.712332402644485,5.722273903281449,46.54704045233351
3,0.0015907202007590618,1,197.184492878,0,27.079661110613223,109.88266023650499,0.26495941431792935,24.41730181866062,51.71230787187991,5.722271352539947,46.54703353806316
4,0.0015907202013478903,1,218.365220946,0,27.079536151781337,109.8827266820282,0.26493407140176456,24.417292744974706,51.71233519289313,5.722271797153256,46.54698935287005
