run,obj_vals,opt_converged,opt_runtime,is_best_vec,param_1,param_2,param_3,param_4,param_5,param_6,param_7
1,0.08513712842873303,1,488.402937501,1,186.93560174072348,38.09568824122045,17.58621457032782,102.65599562034576,62.543634864800026,43.96205904527746,49.0568499544136
2,0.08513714057129484,0,7248.813893031,0,186.6560506808083,38.125323946392626,17.55936597052075,102.536830163059,62.480762320798775,43.92589977835586,49.0306182417265
