run,obj_vals,opt_converged,opt_runtime,is_best_vec,param_1,param_2,param_3,param_4,param_5,param_6,param_7
1,0.0843757857040574,1,1226.560147262,1,198.45606508266474,31.063808546496745,21.65930398714395,115.70993348956154,72.81870619757281,49.264645652507966,53.91614696515101
2,0.08437587648086883,1,334.741700709,0,197.67164944550115,31.15534397021826,21.565345985389506,115.27114155281251,72.54771809897034,48.911991315428075,53.85239088988559
