run,obj_vals,opt_converged,opt_runtime,is_best_vec,param_1,param_2,param_3,param_4,param_5,param_6,param_7
1,0.08428295726093671,1,443.198520541,0,243.80967563425975,26.909475757424495,-14.293090465991103,115.73151941597605,47.099872015060406,46.27824080261593,60.15113957018102
2,0.08428295682024833,1,400.822375243,1,243.86043501325827,26.90314058237566,-14.296133627804304,115.78780628315505,47.100103986896784,46.27991750886739,60.155856491404386
