run,obj_vals,opt_converged,opt_runtime,is_best_vec,param_1,param_2,param_3,param_4,param_5,param_6,param_7
1,0.08417268251027758,1,217.154057145,1,206.7320337271117,24.42081481124325,-15.73488156485905,128.0821503451317,48.015726492601765,48.37952557869263,61.32542775218799
2,0.08417268251774564,1,293.453159006,0,206.73110253037797,24.420909332587282,-15.735200319567404,128.0903570823908,48.01590338679899,48.38378469742173,61.32570573292364
