{
    "fe_w2": 0.0,
    "delta": 0.9,
    "mu": 49.491546042109036,
    "fe_late": 0.0,
    "fe_w1": 0.0,
    "fe_w3": 0.0,
    "beta_e": 691.435502652047,
    "prob_respond_alpha": 1.0,
    "gamma_01_factor": 1.0,
    "fe_w4": 0.0,
    "sigma_dt": 60.54625630913944,
    "alpha": 697.9457806695502,
    "fe_early": -21.883348212765878,
    "beta_l": 981.2936182451779,
    "gamma": 55.1534273705323,
    "prop_to_wage": 0.0
}
